gene_name	chr	bp
DDX11L1	1	12010
MIR6859-1	1	17436
MIR1302-2HG	1	29265
WASH7P	1	29357
MIR1302-2	1	30366
FAM138A	1	37503
OR4G4P	1	52473
OR4G11P	1	62949
OR4F5	1	65419
CICP27	1	131025
RNU6-1100P	1	157887
DDX11L17	1	182696
MIR6859-2	1	187958
WASH9P	1	195411
RPL23AP24	1	348366
WBP1LP7	1	439870
OR4F29	1	451678
CICP7	1	487101
MTND1P23	1	629062
MTND2P28	1	629640
MTCO1P12	1	631074
MTCO2P12	1	632757
MTATP8P1	1	633535
MTATP6P1	1	633696
MTCO3P12	1	634376
WBP1LP6	1	674842
OR4F16	1	686654
CICP3	1	722092
RNU6-1199P	1	758336
LINC01409	1	778815
FAM87B	1	817363
LINC00115	1	827504
LINC01128	1	827762
TUBB8P11	1	873292
FAM41C	1	876896
LINC02593	1	923042
SAMD11	1	930312
NOC2L	1	959268
KLHL17	1	960590
PLEKHN1	1	966492
PERM1	1	982106
HES4	1	1000096
ISG15	1	1002778
AGRN	1	1045399
PTPN11BP	1	1063079
RNF223	1	1074306
C1orf159	1	1116080
LINC01342	1	1137017
MIR200B	1	1167104
MIR200A	1	1167863
MIR429	1	1169005
TTLL10	1	1173914
TTLL10-AS1	1	1179555
TNFRSF18	1	1206571
TNFRSF4	1	1214138
SDF4	1	1231947
B3GALT6	1	1232237
C1QTNF12	1	1244418
UBE2J2	1	1273840
LINC01786	1	1275223
SCNN1D	1	1281574
MIR6726	1	1296170
ACAP3	1	1307890
PUSL1	1	1308788
MIR6727	1	1312566
INTS11	1	1324625
CPTP	1	1324802
TAS1R3	1	1331280
MIR6808	1	1339708
DVL1	1	1349172
MXRA8	1	1357022
AURKAIP1	1	1375178
NDUFB4P8	1	1378666
CCNL2	1	1398661
MRPL20-AS1	1	1399540
RN7SL657P	1	1405752
MRPL20	1	1407283
MRPL20-DT	1	1409096
ANKRD65-AS1	1	1421146
ANKRD65	1	1421276
TMEM88B	1	1425871
LINC01770	1	1434399
VWA1	1	1435606
ATAD3C	1	1449914
ATAD3B	1	1471784
ATAD3A	1	1512192
TMEM240	1	1540487
SSU72-AS1	1	1574523
SSU72	1	1574848
FNDC10	1	1600135
MIB2	1	1615877
MMP23B	1	1632178
CDK11B	1	1658999
SLC35E2B	1	1692484
MMP23A	1	1699942
CDK11A	1	1722831
SLC35E2A	1	1739557
NADK	1	1778468
GNB1	1	1890889
GNB1-DT	1	1891206
CALML6	1	1915263
TMEM52	1	1919270
CFAP74	1	1975518
GABRD	1	2023561
PRKCZ-DT	1	2050123
PRKCZ	1	2074855
PRKCZ-AS1	1	2184132
FAAP20	1	2194771
SKI	1	2230608
MORN1	1	2391538
RER1	1	2391840
PEX10	1	2412533
PLCH2	1	2477702
PANK4	1	2526575
HES5	1	2530263
TNFRSF14-AS1	1	2551898
TNFRSF14	1	2556389
PRXL2B	1	2586809
MMEL1	1	2602737
MMEL1-AS1	1	2633081
TTC34	1	2795679
ACTRT2	1	3021467
PRDM16-DT	1	3067725
MIR4251	1	3127975
PRDM16	1	3153571
ARHGEF16	1	3466488
MIR551A	1	3560790
MEGF6	1	3611430
TPRG1L	1	3625015
WRAP73	1	3650062
TP73-AS3	1	3668772
TP73	1	3675318
TP73-AS2	1	3714298
GFOD3P	1	3746720
CCDC27	1	3752445
SMIM1	1	3772749
RN7SL574P	1	3782815
LRRC47	1	3796498
CEP104	1	3857199
DFFB	1	3857474
C1orf174	1	3900258
LINC01134	1	3900392
LINC01346	1	3940596
LINC01345	1	3948900
LINC02780	1	3996927
EEF1DP6	1	4175899
LINC01777	1	4412090
LINC01646	1	4571504
AJAP1	1	4655032
LINC02781	1	4973381
LINC02782	1	5090899
MIR4689	1	5862741
NPHP4	1	5992425
KCNAB2	1	6026307
CHD5	1	6137921
RPL22	1	6199728
RNF207-AS1	1	6206039
RNF207	1	6206136
ICMT	1	6235964
ICMT-DT	1	6236148
HES3	1	6244179
GPR153	1	6261095
ACOT7	1	6385813
HES2	1	6419919
MIR4252	1	6429896
ESPN	1	6448255
TNFRSF25	1	6465858
PLEKHG5	1	6490575
RNU6-731P	1	6540854
NOL9	1	6554500
TAS1R1	1	6555309
ZBTB48	1	6580030
KLHL21	1	6603001
PHF13	1	6613746
THAP3	1	6625186
DNAJC11	1	6701805
LINC01672	1	6724653
CAMTA1-DT	1	6784711
CAMTA1	1	6874056
CAMTA1-AS3	1	7014279
RNU1-8P	1	7219360
CAMTA1-IT1	1	7361128
CAMTA1-AS2	1	7389911
CAMTA1-AS1	1	7441596
VAMP3	1	7772707
PER3	1	7784379
UTS2	1	7853431
TNFRSF9	1	7940839
PARK7	1	7961661
ERRFI1	1	8026206
RPL7AP18	1	8058463
ERRFI1-DT	1	8077408
LINC01714	1	8201431
RNU1-7P	1	8206597
RNU6-991P	1	8292263
SLC45A1	1	8321226
RERE-AS1	1	8425400
RERE	1	8558440
RPL7P11	1	8750430
RPL7P7	1	8786913
RPL23AP19	1	8831007
MIR6728	1	8866590
ENO1	1	8878685
ENO1-AS1	1	8878813
RNU6-304P	1	8883533
HMGN2P17	1	8893409
CA6	1	8945875
RN7SL451P	1	8979874
SLC2A7	1	9026423
SLC2A5	1	9071727
GPR157	1	9128941
MIR34A	1	9151777
LNCTAM34A	1	9182171
MIR34AHG	1	9197085
H6PD	1	9238170
SPSB1	1	9294528
RNA5SP40	1	9437778
LINC02606	1	9450418
SLC25A33	1	9539488
TMEM201	1	9588922
PIK3CD-AS1	1	9654586
PIK3CD-AS2	1	9687583
PIK3CD	1	9688861
MZT1P1	1	9780822
CLSTN1	1	9823947
CTNNBIP1-AS1	1	9848318
CTNNBIP1	1	9910234
LZIC	1	9943355
NMNAT1	1	9943469
RN7SKP269	1	9947318
TMEM274P	1	9960787
MIR5697	1	9967381
RBP7	1	9997204
UBE4B	1	10033213
RPL21P21	1	10054781
PGAM1P11	1	10058671
RNU6-828P	1	10163268
KIF1B	1	10211616
RNU6-37P	1	10298966
RN7SL731P	1	10306465
PGD	1	10399064
CENPS-CORT	1	10430435
CENPS	1	10430783
CORT	1	10450031
DFFA	1	10472520
PEX14	1	10474955
RN7SL614P	1	10616836
CASZ1	1	10693912
HSPE1P24	1	10895761
CIROZ	1	10964201
CFL1P6	1	10991797
TARDBP	1	11016878
MASP2	1	11047217
SRM	1	11060003
EXOSC10-AS1	1	11064401
EXOSC10	1	11099846
MTOR-AS1	1	11144161
RNU6-537P	1	11152350
ANGPTL7	1	11191491
RNU6-291P	1	11226254
RPL39P6	1	11232963
MTOR	1	11262515
UBIAD1	1	11273708
UBE2V2P3	1	11279351
MTCYBP45	1	11425821
DISP3	1	11479160
LINC01647	1	11609468
FBXO2	1	11654429
FBXO44	1	11654859
FBXO6	1	11664290
DRAXIN	1	11691442
MAD2L2	1	11691499
AGTRAP	1	11736144
C1orf167	1	11775526
C1orf167-AS1	1	11779619
MTHFR	1	11804485
CLCN6	1	11806231
NPPA	1	11847783
NPPB	1	11858946
SBF1P2	1	11877770
RNU5E-1	1	11908152
RNU5E-4P	1	11909927
KIAA2013	1	11926426
PLOD1	1	11934716
MFN2	1	11980427
MIIP	1	12019555
MIR6729	1	12029158
RN7SL649P	1	12037014
TNFRSF8	1	12063470
RNU6-777P	1	12077984
RPL23AP89	1	12080547
MIR7846	1	12166943
TNFRSF1B	1	12166993
MIR4632	1	12191713
RPL10P17	1	12221109
VPS13D	1	12350608
SNORA59A	1	12507246
LINC02766	1	12525716
RNU6ATAC18P	1	12570072
MIR6730	1	12579023
DHRS3	1	12617975
AADACL4	1	12644085
AADACL3	1	12716112
CFAP107	1	12746387
PRAMEF12	1	12773738
PRAMEF1	1	12793044
LINC01784	1	12823239
PRAMEF11	1	12831410
PRAMEF30P	1	12841357
HNRNPCL1	1	12848720
PRAMEF2	1	12857086
PRAMEF4	1	12886201
PRAMEF10	1	12897164
PRAMEF7	1	12917117
RNU6-1072P	1	12922554
PRAMEF29P	1	12926162
PRAMEF6	1	12946498
PRAMEF28P	1	13029339
PRAMEF27	1	13056575
HNRNPCL3	1	13060963
PRAMEF25	1	13069725
PRAMEF34P	1	13097971
PRAMEF35P	1	13105689
HNRNPCL2	1	13116854
PRAMEF36P	1	13128818
PRAMEF26	1	13157062
HNRNPCL4	1	13165631
PRAMEF9	1	13171848
PRAMEF13	1	13199769
PRAMEF18	1	13226154
PRAMEF31P	1	13245863
PRAMEF5	1	13254198
PRAMEF32P	1	13275627
RNU6-771P	1	13279231
PRAMEF8	1	13284653
PRAMEF33	1	13303539
PRAMEF15	1	13315581
PRAMEF14	1	13345487
PRAMEF19	1	13371947
PRAMEF17	1	13389632
PRAMEF20	1	13410450
LRRC38	1	13514003
BRWD1P1	1	13555001
PDPN	1	13583833
RNA5SP41	1	13623284
PRDM2	1	13738785
RNU6-1265P	1	14124335
KAZN-AS1	1	14419777
KAZN	1	14598717
TBCAP2	1	14692613
TMEM51	1	15152815
TMEM51-AS1	1	15152968
TMEM51-AS2	1	15171491
MFFP1	1	15192845
ZBTB2P1	1	15226373
FHAD1	1	15318287
FHAD1-AS1	1	15343879
EFHD2-AS1	1	15409433
EFHD2	1	15409909
CTRC	1	15438448
CELA2A	1	15456732
CELA2B	1	15476284
CASP9	1	15524220
SCARNA21B	1	15542165
DNAJC16	1	15561847
AGMAT	1	15585051
CHCHD2P6	1	15604597
RNU7-179P	1	15608145
CD24P1	1	15614867
DDI2	1	15624008
RSC1A1	1	15659713
PLEKHM2	1	15684370
SLC25A34	1	15736258
TMEM82	1	15742504
SLC25A34-AS1	1	15749750
FBLIM1	1	15758611
RPL12P14	1	15792796
SPEN-AS1	1	15800289
UQCRHL	1	15808498
SPEN	1	15873502
ZBTB17	1	15949249
TBC1D3P6	1	15989871
SRARP	1	16004236
HSPB7	1	16018058
CLCNKA	1	16021924
FAM131C2P	1	16040029
CLCNKB	1	16043797
FAM131C	1	16073632
EPHA2-AS1	1	16155538
EPHA2	1	16156042
ARHGEF19	1	16212636
ANO7L1	1	16228027
CPLANE2	1	16237147
MT1XP1	1	16241398
FBXO42	1	16352440
SZRD1	1	16367235
RPL22P3	1	16369530
SPATA21	1	16437291
NECAP2	1	16440742
LINC01772	1	16460948
CROCCP3	1	16491307
RNU1-1	1	16514285
RNU1-6P	1	16534224
LINC01783	1	16535597
PDE4DIPP8	1	16552531
NBPF1	1	16611068
MST1P2	1	16645622
CROCCP2	1	16657232
RNU1-3	1	16666948
EIF1AXP1	1	16686055
ESPNP	1	16720157
RNU1-4	1	16740516
CROCCP4	1	16750233
MST1L	1	16764480
PDE4DIPP9	1	16855407
MIR3675	1	16859021
LINC03126	1	16872281
RNU1-5P	1	16873708
RNU1-2	1	16895980
CROCC	1	16937850
MFAP2	1	16980625
ATP13A2	1	17000847
SDHB	1	17054025
PADI2	1	17119449
LINC02783	1	17190093
PADI1	1	17223487
PADI3	1	17249098
MIR3972	1	17277889
PADI4	1	17346034
PADI6	1	17372196
RCC2-AS1	1	17406760
RCC2	1	17439649
ARHGEF10L	1	17539723
LINC02810	1	17717654
ACTL8	1	17779084
LINC01654	1	18065657
IGSF21-AS1	1	18176696
IGSF21	1	18193321
KLHDC7A	1	18480930
DYNLL1P3	1	18513118
PAX7	1	18631124
TAS1R2	1	18859660
MIR4695	1	18883275
MIR1290	1	18897148
ALDH4A1	1	18902566
IFFO2	1	18956178
UBR4	1	19112687
EMC1-AS1	1	19210392
EMC1	1	19251518
MRTO4	1	19251808
AKR7L	1	19273941
AKR7A3	1	19288770
RNU6-1099P	1	19305182
AKR7A2	1	19312103
SLC66A1	1	19312413
RN7SL277P	1	19424384
CAPZB	1	19485493
RNU4-28P	1	19510593
MICOS10-DT	1	19596855
MICOS10	1	19596991
MICOS10-NBL1	1	19597067
NBL1	1	19644314
HTR6	1	19664875
TMCO4	1	19799916
RNF186-AS1	1	19814354
RNF186	1	19815283
OTUD3	1	19882404
PLA2G2E	1	19923617
RN7SL304P	1	19970969
PLA2G2A	1	19979619
PLA2G5	1	20028484
PLA2G2D	1	20119551
PLA2G2F	1	20139326
PLA2G2C	1	20177424
UBXN10	1	20186096
LINC01757	1	20243084
VWA5B1	1	20291672
LINC01141	1	20429134
CAMK2N1	1	20485649
MUL1	1	20508136
RPS4XP4	1	20525989
FAM43B	1	20552573
CDA	1	20589085
PINK1	1	20633476
MIR6084	1	20633679
PINK1-AS	1	20652193
DDOST	1	20661378
KIF17	1	20698439
SH2D5	1	20732184
HP1BP3	1	20786656
RNU7-200P	1	20841241
MIR1256	1	20988432
RPS15AP6	1	21003934
HSPE1P27	1	21161475
EIF4G3	1	21174737
ECE1	1	21290463
ECE1-AS1	1	21293474
PPP1R11P1	1	21397987
PDE4DIPP10	1	21413293
NBPF2P	1	21427967
HS6ST1P1	1	21428303
CROCCP5	1	21434318
NBPF3	1	21440155
PFN1P10	1	21460082
ALPL	1	21530353
LINC02596	1	21586759
RAP1GAP	1	21656417
USP48	1	21783113
LDLRAD2	1	21812363
HSPG2	1	21872377
RPL21P29	1	21908098
CELA3B	1	21979497
RN7SL386P	1	21987481
RNU6-1022P	1	21987816
CELA3A	1	22001660
RN7SL186P	1	22010650
RNU6-776P	1	22010985
LINC01635	1	22025492
LINC00339	1	22025511
CDC42	1	22052768
CDC42-AS1	1	22052927
CDC42-IT1	1	22059197
MPHOSPH6P1	1	22068827
WNT4	1	22143151
MIR4418	1	22266239
PPIAP34	1	22323331
ZBTB40	1	22451856
ZBTB40-IT1	1	22517474
EPHA8	1	22563526
MIR6127	1	22633366
C1QA	1	22636626
C1QC	1	22643629
C1QB	1	22653203
MIR4684	1	22719517
EPHB2	1	22743074
MIR4253	1	22863226
LACTBL1	1	22972866
TEX46	1	23015852
KDM1A	1	23019496
MIR3115	1	23044305
RNU6-514P	1	23162704
RNU6-135P	1	23163953
LUZP1	1	23168850
HTR1D	1	23217524
RPL29P6	1	23244765
LINC01355	1	23286545
HNRNPR	1	23344297
ZNF436-AS1	1	23368951
ZNF436	1	23369701
TCEA3	1	23424751
ASAP3	1	23484184
E2F2	1	23525314
ID3	1	23559503
MDS2	1	23627336
EEF1A1P48	1	23670294
RPL11	1	23691790
ELOA	1	23743471
ELOA-AS1	1	23778290
PITHD1	1	23778887
LYPLA2	1	23791201
GALE	1	23800550
HMGCL	1	23825432
FUCA1	1	23868318
BTBD6P1	1	23902737
CNR2	1	23913362
MIR378F	1	23929070
H3P1	1	23949383
PNRC2	1	23959824
SRSF10	1	23980308
RPL36P5	1	24008519
MYOM3-AS1	1	24066774
MYOM3	1	24112135
IL22RA1	1	24143164
IFNLR1	1	24187265
LINC02800	1	24201217
GRHL3	1	24319440
GRHL3-AS1	1	24321902
STPG1	1	24413734
NIPAL3	1	24415803
RCAN3	1	24502926
RCAN3AS	1	24556017
NCMAP	1	24556116
SRRM1	1	24643296
CLIC4	1	24745395
RNU6-1208P	1	24777979
MIR6731	1	24919416
RUNX3	1	24947643
RUNX3-AS1	1	24961345
MIR4425	1	25023503
LINC02793	1	25041136
IFITM3P7	1	25125454
SYF2	1	25232499
RSRP1	1	25267849
RHD	1	25272492
SDHDP6	1	25294643
TMEM50A	1	25338396
RHCE	1	25420805
MACO1	1	25430928
LDLRAP1	1	25543681
MAN1C1	1	25617337
SELENON	1	25800212
MTFR1L	1	25820003
AUNIP	1	25859457
PAQR7	1	25873480
SNRPFP2	1	25887360
STMN1	1	25906404
MIR3917	1	25906454
RNU6-110P	1	25964197
PAFAH2	1	25998070
EXTL1	1	26022152
SLC30A2	1	26046115
TRIM63	1	26068033
PDIK1L	1	26111384
FAM110D	1	26159080
C1orf232	1	26168772
ZNF593	1	26169925
ZNF593OS	1	26171743
CNKSR1	1	26177520
CATSPER4	1	26190602
ZPLD2P	1	26209741
CEP85	1	26234218
SH3BGRL3	1	26280075
UBXN11	1	26306626
CD52	1	26317958
CRYBG2	1	26338892
ZNF683	1	26372700
LIN28A	1	26410817
DHDDS	1	26432365
RPL17P9	1	26455187
DHDDS-AS1	1	26467648
HMGN2	1	26472450
DPPA2P2	1	26520250
RPS6KA1	1	26543162
MIR1976	1	26554542
RN7SL679P	1	26593546
RNU7-29P	1	26602432
ARID1A	1	26758608
PIGV	1	26787974
RN7SL165P	1	26814822
ZDHHC18	1	26832004
SFN	1	26863149
GPN2-AS1	1	26876133
GPN2	1	26889600
GPATCH3	1	26896957
NR0B2	1	26913975
NUDC	1	26921741
KDF1	1	26960428
RPL12P13	1	26980165
RPL32P6	1	26983628
OSTCP2	1	26986340
TRNP1	1	26993739
TENT5B	1	27012850
SLC9A1	1	27154598
CHCHD3P3	1	27201473
NPM1P39	1	27206930
SNRPEP7	1	27211265
WDTC1-DT	1	27234365
WDTC1	1	27234668
TMEM222	1	27322251
RNU6-48P	1	27325219
ACTG1P20	1	27325329
SYTL1	1	27342086
MAP3K6	1	27366858
FCN3	1	27374824
CD164L2	1	27383313
GPR3	1	27392722
WASF2	1	27490150
AHDC1	1	27604126
FGR	1	27628141
LINC02574	1	27664806
IFI6	1	27672195
RNU6-949P	1	27675709
CHMP1AP1	1	27687471
RNU6-424P	1	27693731
FAM76A	1	27725996
RPEP3	1	27739954
STX12	1	27773248
RNU6-1245P	1	27824538
PPP1R8	1	27830818
SCARNA1	1	27834401
THEMIS2	1	27872556
RPA2	1	27914573
SMPDL3B	1	27935038
XKR8	1	27959950
RN7SL559P	1	28032180
EYA3	1	28088597
SPCS2P4	1	28096422
ARL8BP2	1	28121321
RNU6-176P	1	28142841
PTAFR	1	28192473
DNAJC8	1	28233020
ATP5IF1	1	28236118
SESN2	1	28259520
MED18	1	28329055
PHACTR4	1	28369739
DNAJC8P4	1	28453541
RNU6ATAC27P	1	28481362
SNHG3	1	28506043
SNORA73A	1	28507366
SNORA73B	1	28508559
RCC1	1	28518252
PRDX3P2	1	28527227
TRNAU1AP	1	28553104
SNORD99	1	28578822
SNORA61	1	28579893
SNORA44	1	28580512
SNORA16A	1	28581055
SNHG12	1	28581873
RAB42	1	28592232
TAF12	1	28643088
TAF12-DT	1	28643173
RNU11	1	28648600
GMEB1	1	28668778
YTHDF2	1	28736950
OPRD1	1	28812170
EPB41	1	28914557
TMEM200B	1	29123903
SRSF4	1	29181881
MECR	1	29230895
PTPRU	1	29236639
LINC01756	1	29350114
LINC01648	1	30037612
MATN1-AS1	1	30718782
MATN1	1	30719251
MIR4420	1	30739232
LAPTM5	1	30757774
LINC01778	1	30824233
RN7SKP91	1	30843823
SDC3	1	30881429
RN7SL371P	1	30918735
PUM1	1	31065697
SELENOWP1	1	31095558
RPL21P22	1	31108623
NKAIN1	1	31239850
SNRNP40	1	31289419
ZCCHC17	1	31297023
FABP3	1	31373076
SERINC2	1	31413194
EEF1A1P46	1	31488930
RNU6-40P	1	31497683
LDC1P	1	31506197
LINC01226	1	31512329
TINAGL1	1	31576543
HCRTR1	1	31617723
PEF1	1	31644737
PEF1-AS1	1	31645112
COL16A1	1	31683748
ADGRB2	1	31757037
MIR4254	1	31758735
SPOCD1	1	31814129
PTP4A2	1	31937783
KHDRBS1	1	32013868
TMEM39B	1	32072940
MIR5585	1	32086949
KPNA6	1	32125490
TXLNA	1	32179714
CCDC28B	1	32200636
IQCC	1	32205656
IQCC-AS1	1	32206499
DCDC2B	1	32209089
TMEM234	1	32222336
EIF3I	1	32222417
MTMR9LP	1	32241523
FAM167B	1	32247222
LCK	1	32273926
HDAC1	1	32292130
MARCKSL1	1	32336233
TSSK3	1	32353091
FAM229A	1	32363354
BSDC1	1	32394432
GAPDHP20	1	32403115
LRRC37A12P	1	32426789
RN7SL122P	1	32457835
ZBTB8B	1	32465090
ZBTB8A	1	32539408
ZBTB8OS	1	32650553
RBBP4	1	32651256
SYNC	1	32702773
NHSL3	1	32754019
YARS1	1	32817357
S100PBP	1	32817690
FNDC5	1	32870843
HPCA	1	32886475
TMEM54	1	32901389
RNF19B	1	32964869
AK2	1	33036865
AZIN2	1	33081164
TRIM62	1	33182048
ZNF362	1	33256582
A3GALT2	1	33321098
MIR3605	1	33332492
RN7SKP16	1	33336864
PHC2-AS1	1	33350040
PHC2	1	33365246
TLR12P	1	33466249
ZSCAN20	1	33472646
CSMD2	1	33761861
HSPD1P14	1	33838523
HMGB4	1	33862181
CSMD2-AS1	1	33870198
RNA5SP42	1	34112949
C1orf94	1	34171895
MIR552	1	34669694
GJB5	1	34755040
GJB4	1	34759749
GJB3	1	34782278
GJA4	1	34792999
SMIM12	1	34859753
DLGAP3	1	34925494
GPR199P	1	34977395
TMEM35B	1	34985347
ZMYM6	1	35031737
RPL12P45	1	35053468
ZMYM1	1	35079383
EFCAB14P1	1	35122022
SFPQ	1	35181344
ZMYM4	1	35269033
RN7SL503P	1	35292498
RPL5P4	1	35350722
ZMYM4-AS1	1	35366077
KIAA0319L	1	35557388
NCDN	1	35557809
TFAP2E-AS1	1	35575777
TFAP2E	1	35587671
PSMB2	1	35641514
C1orf216	1	35718863
CLSPN-AS1	1	35739389
CLSPN	1	35769947
CLSPN-DT	1	35770094
AGO4	1	35808024
CFAP97P1	1	35873752
AGO1	1	35883223
AGO3	1	35931105
TEKT2	1	36084338
ADPRS	1	36088889
COL8A2	1	36112735
TRAPPC3	1	36149488
MAP7D1	1	36156198
RN7SL131P	1	36191915
THRAP3	1	36224433
UBE2V2P4	1	36242156
SH3D21	1	36319132
EVA1B	1	36323643
STK40	1	36385880
LSM10	1	36397906
RNU4-27P	1	36402859
SNORA63C	1	36418578
OSCP1	1	36445627
MRPS15	1	36464377
CSF3R	1	36482103
FTLP18	1	36630335
GRIK3	1	36946632
MIR4255	1	37161563
RNU6-636P	1	37203610
RNA5SP43	1	37264786
RPS29P6	1	37330852
LITATS1	1	37474403
ZC3H12A	1	37474819
MIR6732	1	37480230
MIR5581	1	37500994
MEAF6	1	37514746
FTH1P1	1	37544763
SNIP1	1	37554269
RPS27P9	1	37556247
DNALI1	1	37556971
GNL2	1	37594092
RSPO1	1	37634881
AIRIM	1	37692199
CDCA8	1	37692489
EPHA10	1	37752950
ACTN4P2	1	37776670
MANEAL	1	37794111
C1orf122	1	37807703
YRDC	1	37808197
MTF1	1	37859065
INPP5B-AS1	1	37860697
RNU6-584P	1	37885023
INPP5B	1	37946595
SF3A3	1	37990028
RNU6-510P	1	37991462
FHL3	1	38005528
UTP11	1	38012731
POU3F1	1	38046793
MIR3659HG	1	38047396
MIR3659	1	38089231
LINC02786	1	38134598
LINC01343	1	38214786
RNU6-753P	1	38396659
LINC01685	1	38474879
HSPA5P1	1	38708931
RRAGC	1	38859685
RRAGC-DT	1	38859945
MYCBP	1	38873358
GJA9	1	38878969
RNU6-605P	1	38926870
RHBDL2	1	38935675
EIF1P2	1	38958925
AKIRIN1	1	38991288
NDUFS5	1	39026376
RNU6-608P	1	39121043
RNA5SP44	1	39154296
HSPE1P8	1	39304898
MACF1	1	39327218
BMP8A	1	39491352
OXCT2P1	1	39514956
PPIEL	1	39558707
PABPC4-AS1	1	39565052
SNORA55	1	39567508
PABPC4	1	39571175
HEYL	1	39639638
NT5C1A	1	39672717
HPCAL4	1	39691433
RNU7-121P	1	39723627
PPIE	1	39738888
OXCT2	1	39771348
BMP8B-AS1	1	39779969
BMP8B	1	39788865
LINC02811	1	39817460
TRIT1	1	39883477
MYCL-AS1	1	39890226
MYCL	1	39901919
MFSD2A	1	39955154
CAP1	1	40040752
PPT1	1	40097245
OAZ1P1	1	40132764
RLF	1	40161387
RNU6-1237P	1	40177843
TMCO2	1	40246942
ZMPSTE24-DT	1	40257994
ZMPSTE24	1	40258201
COL9A2	1	40317270
RPL21P20	1	40333557
SMAP2	1	40373734
ZFP69B-DT	1	40450039
ZFP69B	1	40450104
ZFP69	1	40477273
EXO5-DT	1	40508704
EXO5	1	40508754
ZNF684	1	40531674
GTF2F2P2	1	40594353
RIMS3	1	40665682
NFYC	1	40692013
NFYC-AS1	1	40692057
MIR30E	1	40754355
MIR30C1	1	40757284
KCNQ4	1	40783943
RN7SL326P	1	40804846
CITED4	1	40862363
UBE2V1P8	1	40942515
CTPS1	1	40980054
SLFNL1-AS1	1	41014590
SLFNL1	1	41021725
RPL23AP17	1	41098638
SCMH1	1	41242112
SCMH1-DT	1	41242354
RPL36AP9	1	41264862
FOXO6	1	41361931
FOXO6-AS1	1	41375669
RNA5SP45	1	41467028
EDN2	1	41484678
HIVEP3	1	41918669
HNRNPFP1	1	42040597
GUCA2B	1	42153410
GUCA2A	1	42164744
FOXJ3	1	42335211
RIMKLA	1	42380795
ZMYND12	1	42456022
PPCS	1	42456544
CCDC30	1	42473527
RPS3AP11	1	42491739
TMSB4XP1	1	42500339
RNU6-536P	1	42569033
PPIH	1	42658443
YBX1	1	42682431
CLDN19	1	42740236
P3H1	1	42767012
C1orf50	1	42767287
TMEM269-DT	1	42784895
TMEM269	1	42786498
ERMAP	1	42817126
SVBP	1	42817300
ZNF691-DT	1	42846421
ZNF691	1	42846621
MKRN8P	1	42892430
ATP6V1E1P1	1	42903232
ATP6V0CP4	1	42952641
SLC2A1	1	42958848
SLC2A1-DT	1	42959089
RNU6-880P	1	42991438
CFAP144	1	43147904
MIR6733	1	43171712
CFAP57	1	43172352
EBNA1BP2	1	43172550
RNA5SP46	1	43196417
TMEM125	1	43270474
C1orf210	1	43285581
TIE1	1	43308094
MPL	1	43337833
CDC20-DT	1	43358771
CDC20	1	43358991
MIR6734	1	43364715
ELOVL1	1	43367965
MED8-AS1	1	43371956
MED8	1	43389784
SZT2	1	43431131
MIR6735	1	43448539
SZT2-AS1	1	43448644
HYI	1	43453825
HYI-AS1	1	43453927
PTPRF	1	43530881
KDM4A	1	43650318
KDM4A-AS1	1	43707368
ST3GAL3	1	43707690
ST3GAL3-AS1	1	43720596
MIR6079	1	43838622
SHMT1P1	1	43851611
ARTN	1	43933944
LINC02918	1	43946470
IPO13	1	43946964
DPH2	1	43970016
ATP6V0B	1	43974960
B4GALT2	1	43979230
CCDC24	1	43991775
SLC6A9	1	44031279
KRT8P47	1	44104703
RN7SL479P	1	44117397
KLF17	1	44118845
KLF18	1	44141631
OOSP1P1	1	44155301
DMAP1	1	44213484
ERI3-IT1	1	44244273
ERI3	1	44355246
RNU6-369P	1	44390722
MIR5584	1	44545493
RNF220	1	44631968
TMEM53	1	44674460
ARMH1	1	44678929
RNU5F-1	1	44721902
RNU5D-1	1	44731170
KIF2C	1	44739843
RPS8	1	44775573
SNORD55	1	44775864
SNORD46	1	44776490
SNORD38A	1	44777843
SNORD38B	1	44778390
RPS15AP11	1	44780715
BEST4	1	44789804
PLK3	1	44801026
DYNLT4	1	44807369
BTBD19	1	44808811
RNU5E-6P	1	44819997
PTCH2	1	44843001
RNA5SP47	1	44932323
CCNB1IP1P1	1	44958557
EIF2B3	1	44986592
PPIAP35	1	44988725
MRPS17P1	1	44991834
HECTD3	1	45011310
UROD	1	45012251
OSTCP5	1	45070429
ZSWIM5	1	45206590
LINC01144	1	45303910
HPDL	1	45326895
MUTYH	1	45340036
TOE1	1	45340172
PPIAP36	1	45415020
TESK2	1	45491159
CCDC163	1	45500025
MMACHC	1	45500334
PRDX1	1	45522895
HMGB1P48	1	45530927
AKR1A1	1	45550863
NASP	1	45584045
CCDC17	1	45624044
RPS15AP10	1	45646197
RPL7AP16	1	45651826
GPBP1L1	1	45687034
TMEM69	1	45688195
IPP	1	45750626
RPL6P1	1	45781277
MAST2	1	45803620
TMA16P2	1	45847594
COX7BP4	1	46104950
PIK3R3	1	46132712
P3R3URF	1	46176488
P3R3URF-PIK3R3	1	46176488
TSPAN1	1	46180346
POMGNT1	1	46198434
LURAP1	1	46203334
RAD54L	1	46247749
LRRC41	1	46303334
UQCRH	1	46303667
NSUN4	1	46340824
FAAH	1	46394324
FAAHP1	1	46432129
LINC01398	1	46451266
DMBX1	1	46489829
MKNK1-AS1	1	46538696
TMEM275	1	46544384
KNCN	1	46550613
MKNK1	1	46594827
MOB3C	1	46616638
NENFP1	1	46666375
ATPAF1	1	46668358
TEX38	1	46671856
EFCAB14-AS1	1	46674060
EFCAB14	1	46719118
CYP4B1	1	46799057
TUBAP8	1	46891639
CYP4Z2P	1	46900435
CYP4A11	1	46941478
CYP4A26P	1	46967874
CYP4A43P	1	46994502
CYP4A27P	1	47001087
CYP4A44P	1	47003148
CYP4X1	1	47023726
TUBAP9	1	47075979
CYP4Z1	1	47091335
CYP4A22	1	47137441
MTND1P34	1	47165920
LINC00853	1	47179337
CYP4A22-AS1	1	47181080
PDZK1IP1	1	47190064
TAL1	1	47229771
STIL	1	47314086
CMPK1	1	47333884
FOXE3	1	47416285
LINC01389	1	47417271
FOXD2-AS1	1	47434641
FOXD2	1	47438044
RPL21P24	1	47498341
ATP6V0E1P4	1	47550196
LINC01738	1	47688442
TRABD2B	1	47997368
LINC02794	1	48053545
CYP46A4P	1	48089368
SKINT1L	1	48179230
SLC5A9	1	48222733
PPP1R8P1	1	48326123
RNU6-723P	1	48344209
RNU4-61P	1	48447936
SPATA6	1	48472125
RPL21P25	1	48497736
BEND5	1	48776862
AGBL4-AS1	1	49257411
AGBL4-IT1	1	49472085
ZNF859P	1	49841821
MTND2P29	1	50017092
AGBL4	1	50023900
ELAVL4	1	50108943
ELAVL4-AS1	1	50175904
LINC02808	1	50321153
HMGB1P45	1	50399773
FCF1P6	1	50406024
DMRTA2	1	50423443
FAF1-AS1	1	50423637
RNU6-1026P	1	50582404
PHB1P12	1	50780340
MRPS6P2	1	50846468
FAF1	1	50960204
CDKN2C	1	50968706
MIR4421	1	51059837
MIR6500	1	51060018
C1orf185	1	51102249
CFL1P2	1	51158471
RNF11	1	51236273
LINC01562	1	51236888
TTC39A	1	51325964
TTC39A-AS1	1	51329702
RNU6-877P	1	51382308
EPS15-AS1	1	51518282
EPS15	1	51519256
RNU6-1281P	1	51538729
CALR4P	1	51594897
GAPDHP51	1	51708137
SLC25A6P3	1	51709062
OSBPL9	1	51729845
MIR761	1	51836402
TSEN15P2	1	51859778
NRDC	1	51878735
RNA5SP48	1	51973410
RAB3B	1	51983989
RN7SL290P	1	51995740
KTI12	1	52033810
TXNDC12-AS1	1	52050918
TXNDC12	1	52055193
BTF3L4	1	52056299
ZFYVE9	1	52142089
RN7SL788P	1	52150104
PDCL3P6	1	52179848
DNAJC19P7	1	52252773
ANAPC10P1	1	52253621
CC2D1B	1	52366147
PLA2G12AP1	1	52368677
ORC1	1	52404423
PRPF38A	1	52404600
TUT4	1	52539462
EEF1GP7	1	52573114
GPX7	1	52602385
SHISAL2A	1	52633369
COA7	1	52698347
NDUFS5P3	1	52709122
RN7SL62P	1	52714399
ZYG11B	1	52726463
RNU2-30P	1	52754322
RPS13P2	1	52772648
RNU6-969P	1	52805212
ZYG11A	1	52842635
ECHDC2	1	52921719
SCP2	1	52927318
H3P2	1	52943930
RRAS2P1	1	52993702
TUBBP10	1	52994726
PODN	1	53062211
HIGD1AP11	1	53073389
SLC1A7	1	53142617
CPT2	1	53196835
CZIB	1	53220602
CZIB-DT	1	53220663
MAGOH	1	53238518
MAGOH-DT	1	53238584
LRP8	1	53328039
LRP8-DT	1	53328226
LINC02812	1	53368184
SLC25A3P1	1	53439567
DMRTB1	1	53459687
RNU7-95P	1	53688812
GLIS1	1	53738816
NDC1	1	53838336
YIPF1	1	53889795
DIO1	1	53894188
IFT25	1	53945722
LRRC42	1	53946360
HNRNPA3P12	1	53976031
LDLRAD1	1	54018186
TMEM59	1	54053274
TCEANC2	1	54053608
MIR4781	1	54054079
COX7BP3	1	54089856
CDCP2	1	54153385
CYB5RL	1	54200010
MRPL37	1	54200183
SSBP3-AS1	1	54236440
SSBP3	1	54404633
LINC02784	1	54523016
HNRNPA1P63	1	54536796
ACOT11	1	54548228
FAM151A	1	54623553
MROH7-TTC4	1	54641793
MROH7	1	54651237
TTC4	1	54715863
PARS2	1	54764534
TTC22	1	54801244
CIMAP2	1	54806063
DHCR24	1	54887175
DHCR24-DT	1	54887396
TMEM61	1	54980557
BSND	1	54998933
PCSK9	1	55039538
USP24	1	55153917
MIR4422HG	1	55217753
GYG1P3	1	55222379
MIR4422	1	55225641
GOT2P1	1	55367466
MTCO2P34	1	55373316
RN7SKP291	1	55376852
RNU6-830P	1	55398514
LINC01755	1	55823816
PIGQP1	1	55939280
LINC01753	1	55944972
RPSAP20	1	56208456
LINC01767	1	56414950
RPL21P23	1	56538452
PLPP3	1	56579610
RPL23AP85	1	56586242
PRKAA2	1	56645366
FYB2	1	56819380
C8A	1	56854828
C8B	1	56966137
DAB1	1	57424058
RPS20P5	1	57606206
DAB1-AS1	1	57860612
HNRNPA1P6	1	58049291
RPS26P15	1	58056480
OMA1	1	58546708
RN7SL713P	1	58565932
TACSTD2	1	58577252
MYSM1	1	58690167
JUN	1	58784047
LINC02777	1	58903730
PHB1P3	1	58999676
JUN-DT	1	59020405
FGGY-DT	1	59203322
FGGY	1	59297096
MIR4711	1	59733296
HOOK1	1	59814966
CYP2J2	1	59926771
RN7SL475P	1	59975054
C1orf87	1	60042345
PGBD4P8	1	60097415
LINC02778	1	60129998
LINC01748	1	60622618
NFIA-AS2	1	60970745
NFIA	1	61082422
NFIA-AS1	1	61253510
TM2D1	1	61725126
PATJ-DT	1	61742424
RNU6-414P	1	61816419
RNU6-1177P	1	61852499
PATJ	1	61908455
LAMTOR5P1	1	62038842
RN7SL180P	1	62072448
MIR3116-1	1	62078786
MIR3116-2	1	62078856
PIGPP2	1	62189131
RPS15AP7	1	62190522
L1TD1	1	62194767
RNU6-371P	1	62298256
KANK4	1	62319226
USP1	1	62436332
DOCK7	1	62561669
ANGPTL3	1	62597519
RPL13AP9	1	62641667
DOCK7-DT	1	62688525
ATG4C	1	62784145
LINC01739	1	63012465
RNA5SP49	1	63186450
RPSAP65	1	63262113
LINC00466	1	63316295
FOXD3	1	63322567
FOXD3-AS1	1	63322629
MIR6068	1	63326984
ALG6	1	63367639
ITGB3BP	1	63523210
EFCAB7	1	63523598
RN7SL488P	1	63529898
RNU7-123P	1	63536770
DLEU2L	1	63548022
PGM1	1	63593411
RN7SL130P	1	63655743
ROR1	1	63774022
CFL1P3	1	63843685
RNU6-809P	1	64029000
ROR1-AS1	1	64112213
UBE2U	1	64209311
RNU7-62P	1	64384459
CACHD1	1	64470793
MIR4794	1	64579847
RAVER2	1	64745043
JAK1	1	64966557
SLC2A3P2	1	64986087
LINC01359	1	65002441
RNU6-1176P	1	65023074
MIR3671	1	65057842
MIR101-1	1	65058508
MRPS21P1	1	65092614
AK4	1	65147675
RPS29P7	1	65154480
DNAJC6	1	65264759
COX6CP13	1	65298980
DNAJC6-AS1	1	65306521
RNU2-15P	1	65415816
LEPROT	1	65420708
LEPR	1	65525689
RN7SL854P	1	65761352
PDE4B-AS1	1	66050718
RNU4-88P	1	66094546
PDE4B	1	66257536
SGIP1	1	66534125
MIR3117	1	66628440
DYNLT5	1	66752495
INSL5	1	66801276
DNAI4	1	66924757
MIER1	1	66924978
SLC35D1	1	67054148
C1orf141	1	67134977
IL23R	1	67167287
RNU6-586P	1	67196140
RNU4ATAC4P	1	67267726
DNAJB6P4	1	67278052
IL12RB2	1	67307889
RNU6-387P	1	67417214
SERBP1	1	67430379
LINC01702	1	67522340
RNU6-1031P	1	67541127
RN7SL392P	1	67657129
HNRNPCP9	1	67661013
GADD45A	1	67685229
RNU7-80P	1	67772653
GNG12	1	67833358
GNG12-AS1	1	67950781
ARL5AP3	1	68049745
DIRAS3	1	68051623
CTBP2P8	1	68163090
MIR1262	1	68183610
WLS	1	68232523
RPS7P4	1	68243055
COX6B1P7	1	68282388
ELOCP18	1	68375663
RPE65	1	68450056
DEPDC1-AS2	1	68479129
DEPDC1-AS1	1	68496671
DEPDC1	1	68497115
TXNP2	1	68514669
LINC01707	1	69055870
LINC02791	1	69249499
LINC01758	1	69433255
SGO1P1	1	69608301
RN7SL538P	1	69879592
PIN1P1	1	69919339
LRRC7-AS1	1	70026810
LRRC7	1	70121790
RN7SL242P	1	70180440
LRRC40	1	70205566
SRSF11	1	70221383
ANKRD13C	1	70354721
ANKRD13C-DT	1	70354803
LINC03102	1	70360548
CTH	1	70411268
CHORDC1P5	1	70530526
CASP3P1	1	70661265
LINC01788	1	70733411
PTGER3-AS1	1	70893142
PTGER3	1	71047798
ZRANB2-AS1	1	71047940
MIR186	1	71067716
ZRANB2	1	71081011
ZRANB2-DT	1	71081383
NEGR1-IT1	1	71837012
NEGR1	1	72100917
GDI2P2	1	72274552
RPL31P12	1	72301472
LINC02796	1	72544487
RNU6-1246P	1	72717769
KRT8P21	1	73104792
RN7SKP19	1	73191855
LINC01360	1	73306174
LINC02238	1	73654947
RNA5SP50	1	73749623
RNU4ATAC8P	1	73883714
LRRIQ3	1	74183684
FPGT	1	74198243
FPGT-TNNI3K	1	74198249
TNNI3K	1	74369061
LRRC53	1	74512611
ERICH3-AS1	1	74589769
ERICH3	1	74634741
CRYZ	1	74733025
TYW3	1	74733241
LHX8-AS1	1	75132576
LHX8	1	75135147
RNU6-622P	1	75183045
RNU6-503P	1	75538119
RPL29P5	1	75582099
SLC44A5	1	75611096
ACADM	1	75724750
DLSTP1	1	75744776
RABGGTB	1	75786249
SNORD45C	1	75787072
SNORD45A	1	75787889
SNORD45B	1	75789477
MSH4	1	75796882
ASB17	1	75932404
ST6GALNAC3	1	76194329
TPI1P1	1	76699789
RNU6-161P	1	76753135
LINC02567	1	76779314
ST6GALNAC5	1	76867481
MIR7156	1	77060143
RPL17P6	1	77129114
PIGK	1	77219426
AK5	1	77297855
AK5-AS1	1	77412894
RNU7-8P	1	77420325
RNA5SP20	1	77614869
RN7SL370P	1	77645324
ZZZ3	1	77682665
USP33	1	77759811
ACTG1P21	1	77774864
MIGA1	1	77779658
RNA5SP21	1	77779904
NSRP1P1	1	77847110
HSPE1P25	1	77853355
NEXN	1	77888626
NEXN-AS1	1	77889539
FUBP1	1	77979077
DNAJB4	1	77979292
GIPC2	1	78045985
RNU6-1102P	1	78089083
RNA5SP22	1	78094915
RNFT1P2	1	78171237
RNA5SP23	1	78375268
PTGFR	1	78491072
IFI44L	1	78620531
IFI44	1	78649837
ADGRL4	1	79006820
PSAT1P3	1	79056055
LINC02792	1	79324980
ADH5P2	1	79521080
HMGB1P18	1	80283352
HNRNPA1P64	1	80452004
COX6A1P1	1	80495903
LINC01781	1	80641237
MTND2P30	1	81080790
RPL7P10	1	81099005
RN7SKP247	1	81251789
HNRNPA3P14	1	81426456
ARID3BP1	1	81501794
MED28P8	1	81557832
ST13P20	1	81721693
ADGRL2	1	81800934
LINC01362	1	82903210
LINC01361	1	82979384
LINC01712	1	83446714
LINC01725	1	83766673
TTLL7	1	83952381
TTLL7-IT1	1	83984300
PRKACB-DT	1	84077985
TXN2P1	1	84085741
PRKACB	1	84164349
NEDD8P1	1	84244334
SAMD13	1	84301720
UOX	1	84397831
DNASE2B	1	84403357
RPF1	1	84479263
GNG5	1	84506273
SPATA1	1	84506397
CTBS	1	84574447
LINC01461	1	84621048
LINC01555	1	84635020
SSX2IP	1	84690459
LPAR3	1	84893174
MCOLN2	1	84997107
MCOLN3	1	85048469
DNAI3	1	85062319
MIR4423	1	85133794
SYDE2	1	85201044
C1orf52	1	85259662
BCL10	1	85276437
BCL10-AS1	1	85276652
DDAH1	1	85465159
CCN1	1	85580907
ZNHIT6	1	85708433
RNA5SP51	1	85883798
COL24A1	1	86156767
LINC02795	1	86308526
MIR7856	1	86357687
ODF2L	1	86396044
RPL7L1P22	1	86404866
CLCA2	1	86440280
CLCA1	1	86468861
CLCA4	1	86547079
CDCA4P2	1	86553342
CLCA3P	1	86634276
CLCA4-AS1	1	86704033
SH3GLB1	1	86704627
RPL17P5	1	86784913
SELENOF	1	86914130
HS2ST1	1	86914834
LINC01140	1	87131962
LINC02801	1	87212702
LMO4	1	87330023
LINC01364	1	87371680
RNA5SP52	1	87453373
PKN2-AS1	1	88467012
RN7SL583P	1	88478114
RPL36AP10	1	88577880
PKN2	1	88684299
RNU6-125P	1	88816779
ELOCP19	1	88829102
GTF2B	1	88891567
KYAT3	1	88992702
RBMXL1	1	88992765
GBP3	1	89022820
GBP1	1	89065208
PTGES3P1	1	89104767
GBP2	1	89126114
GBP7	1	89176021
GBP4	1	89192731
GBP5	1	89272832
GBP6	1	89363977
CAPNS1P1	1	89394033
GBP1P1	1	89407638
LRRC8B	1	89524854
LRRC8C-DT	1	89632936
LRRC8C	1	89633120
LRRC8D-DT	1	89820868
LRRC8D	1	89821943
RN7SKP272	1	89987944
GEMIN8P4	1	89994321
ZNF326	1	89995128
RNU6-695P	1	90253559
LINC02787	1	90570423
SNORD3G	1	90657750
BARHL2	1	90717302
LINC02788	1	90838623
LINC02609	1	90851618
LINC01763	1	90851740
PHKA1P1	1	90893612
ZNF644	1	91022014
RPL5P6	1	91023919
FEN1P1	1	91328369
HFM1	1	91404808
CDC7	1	91500854
WDR82P2	1	91535593
HSP90B3P	1	91642516
RN7SL653P	1	91830066
TGFBR3	1	91886144
BRDT	1	91949402
EPHX4	1	92029985
LPCAT2BP	1	92066306
SETSIP	1	92075411
BTBD8	1	92094162
GAPDHP46	1	92115796
PRKAR1AP1	1	92125301
C1orf146	1	92217973
ACTBP12	1	92229435
GLMN	1	92298987
RPAP2	1	92299043
RN7SL824P	1	92402685
GFI1	1	92484821
HMGB3P9	1	92647630
RNU4-59P	1	92700934
H3P3	1	92749330
CCNJP2	1	92755794
EVI5	1	92785081
RPL5	1	92832064
SNORD21	1	92837289
SNORA66	1	92840719
MND1P1	1	92931345
DIPK1A	1	92961462
RNU6-970P	1	92969710
RN7SL692P	1	92975114
RNU6-210P	1	93010257
RN7SKP123	1	93026252
MTF2	1	93079310
TMED5	1	93180389
CCDC18	1	93180722
RPL36AP11	1	93191060
CCDC18-AS1	1	93345799
DR1	1	93345941
FNBP1L	1	93448118
RNA5SP53	1	93488452
BCAR3-AS1	1	93591993
BCAR3	1	93708855
MIR760	1	93846832
DNTTIP2	1	93879162
GCLM	1	93909363
CHCHD2P5	1	93921667
MTND4P11	1	93923945
MTND3P21	1	93924716
MTCO3P21	1	93925385
MTATP6P13	1	93926072
MTCO2P21	1	93927569
MTCO1P21	1	93928302
ABCA4	1	94025595
RN7SL440P	1	94150738
ARHGAP29	1	94237614
ARHGAP29-AS1	1	94277339
GAPDHP29	1	94302038
RPL21P26	1	94406882
ABCD3	1	94418421
F3	1	94541757
KATNBL1P2	1	94651378
MIR378G	1	94745900
SLC44A3-AS1	1	94820233
SLC44A3	1	94820378
CNN3	1	94927110
CNN3-DT	1	94927502
ALG14	1	95072909
TLCD4	1	95117546
TLCD4-RWDD3	1	95134650
RWDD3-DT	1	95233980
RWDD3	1	95234214
LINC01760	1	95318152
LINC01650	1	95360968
LINC01761	1	95474737
LINC02607	1	95625433
LINC02790	1	95992029
RNU1-130P	1	96225901
LINC01787	1	96374125
UBE2WP1	1	96418594
EEF1A1P11	1	96446930
RN7SL831P	1	96583209
NDUFS5P2	1	96584727
RPL7P9	1	96679620
RN7SKP270	1	96696167
PTBP2	1	96722038
DPYD-AS1	1	97180684
DPYD-IT1	1	97420141
SEC63P1	1	97545701
RPL26P9	1	97585862
DPYD-AS2	1	97796943
DPYD	1	97921037
MIR2682	1	98045351
MIR137	1	98046171
MIR137HG	1	98048714
NFU1P2	1	98077000
LINC01776	1	98210591
SNX7-DT	1	98661059
SNX7	1	98661706
PLPPR5-AS1	1	99004429
PLPPR5	1	99004823
PLPPR4	1	99264492
LINC01708	1	99534022
PALMD	1	99646034
HMGB3P10	1	99698242
FRRS1	1	99766212
RNU4-75P	1	99784885
AGL	1	99850236
SLC35A3	1	99970030
RNU6-750P	1	99978939
RNU6-1318P	1	100000739
MFSD14A	1	100038096
MFSD14A-AS1	1	100084471
SASS6	1	100132942
TRMT13	1	100133164
LRRC39	1	100178250
RPL23AP90	1	100196816
BRI3P1	1	100213293
DBT	1	100249834
RTCA-AS1	1	100266163
RTCA	1	100266242
MIR553	1	100281241
CDC14A	1	100352492
BCAS2P2	1	100394026
GPR88	1	100538139
RPL7AP17	1	100587431
LINC01349	1	100646958
RPL36AP12	1	100651947
VCAM1	1	100719750
EXTL2	1	100894848
SLC30A7	1	100896080
HNRNPA1P68	1	100941995
DPH5	1	101025787
DPH5-DT	1	101025878
S1PR1-DT	1	101236650
S1PR1	1	101236959
PPIAP7	1	101271363
LINC01307	1	101323587
LINC01709	1	101639569
RNU6-965P	1	101728737
RPSAP19	1	101787219
RNU6-352P	1	101859851
DNAJA1P5	1	101893105
OLFM3	1	101953529
SOD2P1	1	103100704
COL11A1	1	103108326
RN7SKP285	1	103523562
RNPC3-DT	1	103525514
RNPC3	1	103525740
AMY2B	1	103566682
ACTG1P4	1	103569553
AMY2A	1	103621562
AMY1A	1	103653323
AMY1B	1	103698613
AMYP1	1	103713723
AMY1C	1	103745319
THAP3P1	1	104073010
FTLP17	1	104153830
CDK4P1	1	105433994
LINC01676	1	105618943
SEPTIN2P1	1	105698039
MATR3P3	1	105891430
LINC01677	1	106027695
MTATP6P14	1	106803427
MTCO1P14	1	106806032
LINC01661	1	106818244
PRMT6	1	107056902
NTNG1	1	107141039
NDUFA4P1	1	107505203
VAV3	1	107803260
MIR7852	1	107897223
VAV3-AS1	1	108050359
SLC25A24	1	108200305
NBPF4	1	108244078
SLC25A24P1	1	108273139
NBPF5P	1	108376119
SLC25A24P2	1	108421295
NBPF6	1	108450321
ST13P21	1	108502358
RPL7L1P21	1	108508574
EEIG2	1	108560093
HENMT1	1	108661097
PRPF38B	1	108692327
FNDC7	1	108712908
STXBP3	1	108746682
AKNAD1	1	108857076
SPATA42	1	108857199
GPSM2	1	108877000
CLCC1	1	108963452
RPL17P7	1	108992282
RPS27P6	1	109030067
WDR47	1	109042088
RANP5	1	109046828
TAF13	1	109076007
TMEM167B	1	109090768
TMEM167B-DT	1	109090858
SCARNA2	1	109100193
CFAP276	1	109113835
ELAPOR1	1	109114121
SARS1	1	109213928
CELSR2	1	109267498
PSRC1	1	109283148
MYBPHL	1	109307039
SORT1	1	109397896
PSMA5	1	109426429
SYPL2	1	109466548
ATXN7L2	1	109483922
CYB561D1	1	109494099
AMIGO1	1	109509727
GPR61	1	109539921
GNAI3	1	109548606
RNU6V	1	109591640
MIR197	1	109598893
GNAT2	1	109619652
AMPD2	1	109621118
RPL7P8	1	109651370
GSTM4	1	109656252
GSTM2	1	109668061
GSTM1	1	109687841
GSTM5	1	109712263
GSTM3	1	109740317
EPS8L3	1	109763920
NDUFA5P10	1	109810998
LINC01768	1	109830864
CSF1	1	109910849
AHCYL1	1	109984813
STRIP1	1	110034628
ALX3	1	110067798
UBL4B	1	110112443
LINC01397	1	110130244
SLC6A17	1	110150541
SLC6A17-AS1	1	110168851
KCNC4	1	110211492
KCNC4-DT	1	110212315
RBM15-AS1	1	110339117
RBM15	1	110339399
SLC16A4	1	110391037
LAMTOR5	1	110407671
LAMTOR5-AS1	1	110407840
PROK1	1	110451149
CYMP	1	110480752
CYMP-AS1	1	110490281
KCNA10	1	110519175
KCNA2	1	110607307
KCNA3	1	110674935
NRBF2P3	1	110848941
OR11I1P	1	110853939
CD53	1	110873148
LRIF1	1	110963943
CCNT2P1	1	111015530
RNA5SP54	1	111041834
DRAM2	1	111140091
CEPT1	1	111140245
DENND2D	1	111200645
CHI3L2	1	111229706
CHIAP1	1	111250254
CHIAP2	1	111280060
CHIA	1	111310453
CIMAP3	1	111346621
CHIAP3	1	111367409
HIGD1AP12	1	111380291
PGBP	1	111391819
OVGP1	1	111423051
UBE2FP3	1	111437514
WDR77	1	111448810
ATP5PB	1	111449464
C1orf162	1	111474271
RNU6-792P	1	111490423
TMIGD3	1	111496661
ADORA3	1	111503412
LINC01160	1	111608324
RAP1A	1	111619871
KRT18P57	1	111649544
RNU6-151P	1	111650537
INKA2	1	111739395
INKA2-AS1	1	111739721
DDX20	1	111755910
KCND3-IT1	1	111856905
KCND3-AS1	1	111909648
KCND3	1	111989171
LINC01750	1	111990261
LINC02884	1	112252172
TXNP3	1	112363281
CTTNBP2NL	1	112396250
MIR4256	1	112461833
WNT2B	1	112508931
ST7L	1	112619122
CAPZA1	1	112619820
MRPL53P1	1	112626224
RNU7-70P	1	112634784
MOV10	1	112674736
RHOC	1	112707114
PPM1J	1	112715303
PPM1J-DT	1	112715626
TAFA3	1	112719662
NUTF2P4	1	112748095
LINC01356	1	112826268
AKR7A2P1	1	112923423
SLC16A1	1	112956192
SLC16A1-AS1	1	112956432
LRIG2-DT	1	113073093
LRIG2	1	113073199
RLIMP2	1	113126883
MAGI3	1	113390980
MTND5P20	1	113576899
PHTF1	1	113759158
RSBN1	1	113812367
AP4B1-AS1	1	113812609
PTPN22	1	113871709
BCL2L15	1	113887406
AP4B1	1	113904976
DCLRE1B	1	113905326
HIPK1-AS1	1	113929475
HIPK1	1	113929887
OLFML3	1	113979441
RPL13AP10	1	114002235
SYT6	1	114152980
MRPL57P1	1	114279275
EIF2S2P5	1	114468315
TRIM33	1	114511163
PKMP1	1	114535995
BCAS2	1	114581620
DENND2C	1	114670054
AMPD1	1	114686999
RN7SL432P	1	114697924
NRAS	1	114716751
RNY1P13	1	114727720
CSDE1	1	114757977
SIKE1	1	114780627
NR1H5P	1	114837227
SYCP1	1	114859119
TSHB	1	115029826
TSPAN2	1	115089484
LINC01765	1	115099580
NGF-AS1	1	115280300
NGF	1	115338244
ELOCP20	1	115556826
CNOT7P2	1	115564601
RN7SL420P	1	115606471
VANGL1	1	115642054
CASQ2	1	115768778
NHLH2	1	115840741
HNRNPA1P43	1	115857819
LINC01649	1	115919372
SLC22A15	1	115976527
MAB21L3	1	116111983
LINC01779	1	116164233
ATP1A1	1	116373581
RNU6-817P	1	116413869
ATP1A1-AS1	1	116418590
LINC01762	1	116478250
NAP1L4P1	1	116534092
MIR548AC	1	116560111
CD58	1	116570994
IGSF3	1	116667722
MIR320B1	1	116671749
LINC02868	1	116694112
GAPDHP64	1	116714835
NEFHP1	1	116742609
CD2	1	116754436
FTH1P22	1	116775623
PTGFRN	1	116938488
RNA5SP55	1	116962471
CD101	1	117001767
CD101-AS1	1	117059732
TTF2	1	117060339
MIR942	1	117094643
TRIM45	1	117121762
RPS15AP9	1	117138229
VTCN1	1	117210927
LINC01525	1	117295439
MAN1A2	1	117420597
VPS25P1	1	117549415
TENT5C-DT	1	117605809
TENT5C	1	117606812
VDAC2P3	1	117641639
PNRC2P1	1	117778506
GDAP2	1	117929491
WDR3	1	117929752
SPAG17	1	118039342
RNA5SP56	1	118264489
PSMC1P12	1	118615646
TBX15	1	118988343
WARS2-IT1	1	119047405
RBMX2P3	1	119085954
RPS3AP12	1	119127291
WARS2-AS1	1	119140442
WARS2	1	119140652
RPL6P2	1	119220096
LINC01780	1	119327825
RNU1-75P	1	119331525
HAO2-IT1	1	119368946
HAO2	1	119380490
HSD3B2	1	119415066
GAPDHP74	1	119435080
HSD3BP2	1	119439001
GAPDHP23	1	119463021
HSD3BP1	1	119467221
GAPDHP58	1	119496841
HSD3B1	1	119507213
GAPDHP32	1	119534746
HSD3BP3	1	119538509
GAPDHP27	1	119559774
HSD3BP4	1	119564066
GAPDHP33	1	119597179
LINC00622	1	119599271
HSD3BP5	1	119601340
ZNF697	1	119648360
PHGDH	1	119711939
HMGCS2	1	119768920
REG4	1	119811463
NBPF7P	1	119844514
PFN1P9	1	119853316
NOTCH2P1	1	119886304
ADAM30	1	119896515
NOTCH2	1	120069621
RNU6-465P	1	120126974
SEC22B	1	120176460
NBPF8	1	120419850
PFN1P2	1	120434052
PDE4DIPP2	1	120629716
NOTCH2NLR	1	120723928
NBPF26	1	120805297
RNVU1-19	1	120850985
PPIAL4A	1	120889771
LINC00623	1	120913240
RNVU1-4	1	120942600
PDE4DIPP4	1	121042572
FCGR1BP	1	121087307
H2BP1	1	121116959
H3P4	1	121118610
RPL22P6	1	121142438
FAM72B	1	121184315
SRGAP2C	1	121185368
LINC02798	1	121396873
SRGAP2-AS1	1	121398355
MTIF2P1	1	121502344
EMBP1	1	121519282
LINC01691	1	121580524
RNA5SP533	1	143439605
NKAIN1P1	1	143487772
KMT2CP3	1	143498767
LINC02799	1	143500512
PFN1P12	1	143619994
NBPF17P	1	143635641
RNU1-114P	1	143652215
RNVU1-17	1	143699619
RNVU1-23	1	143720644
RNVU1-18	1	143729570
FAM91A3P	1	143766540
LINC02591	1	143790009
RNU1-143P	1	143791687
PDE4DIPP3	1	143825837
FCGR1CP	1	143874793
H2BP2	1	143904603
H3-7	1	143905966
RPL22P5	1	143930382
FAM72C	1	143971983
SRGAP2D	1	143975087
IGKV1OR1-1	1	144085628
LINC02802	1	144250303
RNA5SP529	1	144265217
DRD5P2	1	144277993
KMT2CP2	1	144305180
PPIAL4E	1	144373634
RNVU1-15	1	144412576
PFN1P6	1	144442606
NBPF15	1	144461622
RNVU1-26	1	144524021
RNVU1-2A	1	144551943
RNVU1-28	1	144560829
PPIAL4F	1	144592893
LINC01632	1	144642372
KMT2CP1	1	144661200
RNA5SP59	1	144701159
LSP1P5	1	144716071
SRGAP2B	1	145094979
FAM72D	1	145095972
RNU1-153P	1	145169519
LINC01145	1	145215726
PPIAL4D	1	145242174
RNVU1-14	1	145281116
PFN1P3	1	145407772
NBPF20	1	145415585
RNU1-154P	1	145431693
RNVU1-31	1	145465780
PDE4DIPP5	1	145509047
NBPF25P	1	145591060
GPR89A	1	145608033
PDZK1	1	145707363
CD160	1	145719500
RNF115	1	145824039
POLR3C	1	145824195
NUDT17	1	145845632
MIR6736	1	145850645
PIAS3	1	145859063
ANKRD35	1	145885977
ITGA10	1	145910050
PEX11B	1	145918712
GNRHR2	1	145919190
LIX1L-AS1	1	145927170
RBM8A	1	145927479
LIX1L	1	145958015
ANKRD34A	1	145963187
POLR3GL	1	145964702
TXNIP	1	145996170
HJV	1	146021760
RNVU1-6	1	146052244
LINC01719	1	146052624
NBPF10	1	146186902
NOTCH2NLA	1	146229000
RNU6-1071P	1	146288596
NUDT4P2	1	146298170
SEC22B4P	1	146328211
PPIAL4H	1	146344765
RNVU1-29	1	146376807
RNVU1-25	1	146409903
RNA5SP536	1	146539663
HYDIN2	1	146547367
NBPF12	1	146938677
PFN1P8	1	146957659
RNU1-151P	1	147079746
SSBL4P	1	147083578
RNVU1-8	1	147084756
NBPF13P	1	147124285
PRKAB2	1	147172470
PDIA3P1	1	147178113
CCT8P1	1	147204932
RPL7AP15	1	147223554
FMO5	1	147225574
CHD1L	1	147242694
OR13Z1P	1	147419053
OR13Z2P	1	147445579
OR13Z3P	1	147482238
LINC00624	1	147517875
BCL9	1	147600196
ACP6	1	147670281
RN7SL261P	1	147689256
GJA5	1	147773347
GJA8	1	147902795
GPR89B	1	147928436
PDZK1P1	1	148009592
RNU1-129P	1	148014583
RNVU1-7	1	148038916
PDE4DIPP1	1	148080598
PFN1P4	1	148129497
ABHD17AP1	1	148146395
NBPF11	1	148152286
LINC02805	1	148162722
RNA5SP57	1	148193716
RNVU1-22	1	148263476
LINC02806	1	148286888
MIR5087	1	148334554
RNVU1-21	1	148334767
RNVU1-1	1	148362533
RNU1-155P	1	148385963
MIR6077	1	148388282
RNVU1-2	1	148388651
RNVU1-3	1	148402715
PDE4DIPP6	1	148415258
LINC01138	1	148444400
PPIAL4G	1	148483302
RNVU1-27	1	148522601
NBPF14	1	148595890
NOTCH2NLB	1	148679745
RNU6-1171P	1	148739379
NUDT4B	1	148748774
SEC22B3P	1	148784594
RN7SKP88	1	148839732
PDE4DIP	1	148889714
RNU2-38P	1	148939817
NBPF9	1	149103533
RNVU1-24	1	149162944
SEC22B2P	1	149345661
NOTCH2NLC	1	149390633
NBPF19	1	149475045
PPIAL4C	1	149583848
RNVU1-30	1	149636766
LINC00869	1	149655731
FAM91A2P	1	149675205
RNU1-68P	1	149700296
PDE4DIPP7	1	149734391
FCGR1A	1	149782691
H2BC18	1	149812338
H3C13	1	149813693
H4C14	1	149832669
H3C14	1	149841208
H2AC18	1	149842750
H2BC19P	1	149843041
H2BC20P	1	149850772
H2AC19	1	149851061
H3C15	1	149852608
H4C15	1	149861148
H2BC21	1	149886682
H2AC20	1	149886918
H2AC21	1	149887965
BOLA1	1	149899594
SV2A	1	149917850
SF3B4	1	149927788
MTMR11	1	149936829
OTUD7B	1	150010715
RPL6P31	1	150053864
VPS45	1	150067790
PLEKHO1	1	150153483
LINC02988	1	150173049
RN7SL480P	1	150211632
ANP32E	1	150236085
RNU2-17P	1	150236967
CA14	1	150257821
APH1A	1	150269018
C1orf54	1	150272179
CIART	1	150282772
MRPS21	1	150293870
PRPF3	1	150321592
RPRD2	1	150364147
TARS2	1	150487435
MIR6878	1	150492345
ECM1	1	150508080
FALEC	1	150515752
ADAMTSL4	1	150549417
MIR4257	1	150551929
ADAMTSL4-AS2	1	150557724
ADAMTSL4-AS1	1	150562115
RN7SL473P	1	150566860
RN7SL600P	1	150569269
MCL1	1	150579594
ENSA	1	150629571
GOLPH3L	1	150697149
RNU6-1042P	1	150701866
HORMAD1	1	150720872
CTSS	1	150765782
UBE2D3P3	1	150800473
CTSK	1	150808293
RNU6-1309P	1	150812698
ARNT	1	150876604
RPS27AP6	1	150881683
CTXND2	1	150887136
CYCSP51	1	150903896
SETDB1	1	150926422
CERS2-AS1	1	150965247
CERS2	1	150974698
ANXA9	1	150982022
MINDY1	1	151006807
PRUNE1	1	151008472
RNU6-884P	1	151022852
BNIPL	1	151037092
C1orf56	1	151048569
CDC42SE1	1	151059618
MLLT11	1	151059804
GABPB2	1	151070773
RPS29P29	1	151112728
SEMA6C	1	151146614
TNFAIP8L2	1	151156649
LYSMD1	1	151165925
SCNM1	1	151166072
TMOD4	1	151175987
VPS72	1	151190186
PIP5K1A	1	151198591
PSMD4	1	151254760
ZNF687-AS1	1	151281975
ZNF687	1	151282292
RN7SL444P	1	151300964
PI4KB	1	151327419
RFX5-AS1	1	151328050
RFX5	1	151347021
SELENBP1	1	151372697
PSMB4	1	151399576
RNY4P25	1	151439000
POGZ	1	151455197
CGN	1	151511383
TUFT1	1	151540311
MIR554	1	151545796
SNX27	1	151612394
RNU6-1062P	1	151629324
CELF3	1	151716052
RIIAD1	1	151721982
RNU6-662P	1	151747700
MRPL9	1	151763362
OAZ3	1	151765116
TDRKH	1	151790492
TDRKH-AS1	1	151790834
LINGO4	1	151805419
RORC	1	151831759
C2CD4D	1	151839877
C2CD4D-AS1	1	151841877
THEM5	1	151852437
THEM4	1	151909506
KRT8P28	1	151950912
S100A10	1	151993816
NBPF18P	1	152018662
S100A11	1	152037016
SPTLC1P4	1	152077952
TCHHL1	1	152089064
TCHH	1	152115444
PUDPP2	1	152125080
RPTN	1	152159228
CCDST	1	152189352
HRNR	1	152224193
FLG	1	152325239
FLG2	1	152360006
HMGN3P1	1	152399577
CRNN	1	152414263
LCE5A	1	152510803
CRCT1	1	152514482
LCE3E	1	152566780
LCE3D	1	152580516
LCE3C	1	152600448
LCE3B	1	152613811
LCE3A	1	152623103
LCEP4	1	152644717
LINC00302	1	152655455
LCEP3	1	152656332
LCE2D	1	152663380
LCE2C	1	152675279
LCE2B	1	152686123
LCE2A	1	152698345
LCE4A	1	152708160
KPLCE	1	152719522
LCEP2	1	152737518
LCEP1	1	152744299
KPRP	1	152758025
LCE1F	1	152775140
LCE1E	1	152786257
LCE1D	1	152796721
LCE1C	1	152806639
LCE1B	1	152811971
LCE1A	1	152827473
LCE6A	1	152842856
LCE7A	1	152859996
SMCP	1	152878322
IVL	1	152908546
SPRR5	1	152947206
LINC01527	1	152949210
SPRR4	1	152970648
SPRR1A	1	152984084
SPRR3	1	153001749
SPRR1B	1	153031203
SPRR2D	1	153041928
SPRR2A	1	153057512
SPRR2B	1	153071611
SPRR2E	1	153100355
SPRR2F	1	153113516
SPRR2C	1	153140709
SPRR2G	1	153150890
LELP1	1	153203430
PRR9	1	153217584
RPLP0P4	1	153225080
LORICRIN	1	153259687
PGLYRP3	1	153311835
RNU6-160P	1	153331622
PGLYRP4	1	153348840
S100A9	1	153357829
S100A12	1	153375621
LAPTM4BP1	1	153380799
S100A8	1	153391072
S100A15A	1	153396771
S100A7A	1	153417223
S100A7P1	1	153428401
S100A7L2	1	153438329
S100A7	1	153459874
RN7SL44P	1	153500764
S100A6	1	153536258
S100A5	1	153540934
S100A4	1	153545799
S100A3	1	153549264
S100A2	1	153567934
S100A16	1	153610743
S100A14	1	153616325
S100A1	1	153628422
S100A13	1	153632310
CHTOP	1	153634077
SNAPIN	1	153658703
ILF2	1	153670988
NPR1	1	153678672
MIR8083	1	153689793
RN7SL372P	1	153704088
GEMIN2P1	1	153718347
INTS3	1	153750854
SLC27A3	1	153775423
GATAD2B	1	153922754
DENND4B	1	153945941
CRTC2	1	153958582
MIR6737	1	153962420
SLC39A1	1	153964230
CREB3L4	1	153967896
JTB	1	153977655
JTB-DT	1	153977683
RAB13	1	153986339
RPS27	1	153990762
RNU6-179P	1	154040022
RPS7P2	1	154078866
MIR5698	1	154104592
NUP210L	1	154155073
RN7SL431P	1	154166549
TPM3	1	154183204
MIR190B	1	154193743
CFAP141	1	154206333
C1orf43	1	154220596
UBAP2L	1	154220950
SNORA58B	1	154259727
HAX1	1	154272621
RNU6-239P	1	154295503
RNU6-121P	1	154297650
AQP10	1	154321094
ATP8B2	1	154325580
RNU7-57P	1	154338743
RPSAP17	1	154379089
IL6R	1	154405425
IL6R-AS1	1	154406213
PSMD8P1	1	154415137
SHE	1	154502412
TDRD10	1	154521366
UBE2Q1-AS1	1	154553609
UBE2Q1	1	154558646
CHRNB2	1	154567835
ADAR	1	154627583
KCNN3	1	154868319
PMVK	1	154936958
PBXIP1	1	154956108
PYGO2-AS1	1	154961825
PYGO2	1	154962036
SHC1	1	154970745
CKS1B	1	154974857
MIR4258	1	154975693
FLAD1	1	154983399
LENEP	1	154993586
ZBTB7B	1	155002852
DCST2	1	155028985
DCST1	1	155033885
DCST1-AS1	1	155051172
ADAM15	1	155051314
EFNA4	1	155063740
EFNA3	1	155078848
EFNA1	1	155127905
SLC50A1	1	155135846
DPM3	1	155140546
HMGN2P18	1	155148544
KRTCAP2	1	155173274
TRIM46	1	155173895
MUC1	1	155192868
THBS3-AS1	1	155194998
MIR92B	1	155195177
THBS3	1	155207899
MTX1	1	155209247
GBA1LP	1	155218874
MTX1LP	1	155230975
GBA1	1	155244379
ENTREP3	1	155255429
SCAMP3	1	155262297
CLK2	1	155273329
HCN3	1	155277469
PKLR	1	155301001
FDPS	1	155308937
RUSC1-AS1	1	155323824
RUSC1	1	155324278
MIR555	1	155346445
RNU6-106P	1	155358818
ASH1L-IT1	1	155396978
RNU6-1297P	1	155419397
POU5F1P4	1	155433178
ASH1L-AS1	1	155562049
ASH1L	1	155562693
DAP3P1	1	155586644
MSTO1	1	155610240
YY1AP1	1	155688697
DAP3	1	155689075
MSTO2P	1	155745829
GON4L	1	155837462
SYT11	1	155859550
RIT1	1	155911350
SNORA80E	1	155920045
SCARNA4	1	155926085
KHDC4	1	155934390
RXFP4	1	155941638
MIR6738	1	155951336
ARHGEF2	1	155978501
ARHGEF2-AS2	1	155978799
ARHGEF2-AS1	1	155991390
SSR2	1	156020913
UBQLN4	1	156053737
LAMTOR2	1	156054805
RAB25	1	156061176
MEX3A	1	156082084
LMNA	1	156112122
SEMA4A	1	156153562
SLC25A44	1	156194104
PMF1	1	156213001
PMF1-BGLAP	1	156213007
BGLAP	1	156242186
PAQR6	1	156248054
SMG5	1	156282817
TMEM79	1	156283273
GLMP	1	156295647
VHLL	1	156299307
CCT3	1	156338272
TSACC	1	156338526
RHBG	1	156369232
MIR9-1	1	156420429
MIR9-1HG	1	156429429
MEF2D	1	156500152
IQGAP3	1	156572565
TTC24	1	156582293
NAXE	1	156591769
GPATCH4	1	156601469
HAPLN2	1	156619424
BCAN-AS2	1	156625032
BCAN-AS1	1	156641004
BCAN	1	156642131
NES	1	156677407
CRABP2	1	156705816
ISG20L2	1	156728433
METTL25B	1	156728941
MRPL24	1	156741110
HDGF	1	156751698
PRCC	1	156767536
SH2D2A	1	156816791
INSRR	1	156859117
NTRK1	1	156860857
PEAR1	1	156893724
LRRC71	1	156920782
MIR765	1	156936244
RN7SL612P	1	156986049
ARHGEF11	1	157045805
SMU1P1	1	157060762
KRT8P45	1	157073257
ETV3L	1	157112357
CYCSP52	1	157128362
ETV3	1	157138395
LINC02772	1	157274874
FCRL5	1	157528669
FCRL4	1	157589251
FCRL3-AS1	1	157693595
FCRL3	1	157700738
VDAC1P9	1	157725020
FCRL2	1	157777129
FCRL1	1	157820073
MRPS21P2	1	157861197
CD5L	1	157870032
KIRREL1	1	157993642
KIRREL1-IT1	1	158025550
SMIM42	1	158128301
LINC01704	1	158140664
ELL2P1	1	158177755
CD1D	1	158178997
CD1A	1	158254430
HMGN1P5	1	158267320
CD1C	1	158290596
CD1B	1	158331278
CD1E	1	158353885
OR10T2	1	158399466
OR10K2	1	158426237
OR10T1P	1	158446014
EI24P2	1	158454198
OR10K1	1	158461718
OR10R2	1	158476065
OR10R3P	1	158491219
OR10R1P	1	158514785
HSP90AA3P	1	158523672
OR6Y1	1	158554405
OR6P1	1	158570580
OR10X1	1	158579899
OR10Z1	1	158605268
SPTA1	1	158620789
OR6K1P	1	158695509
OR6K2	1	158700652
OR6K3	1	158719441
OR6K4P	1	158725067
OR6K5P	1	158743415
OR6K6	1	158754720
OR6N1	1	158772195
OR6N2	1	158781204
OR2AQ1P	1	158796014
OR10AA1P	1	158809335
MNDA	1	158831351
PYHIN5P	1	158878746
PYHIN1	1	158931559
PYDC5	1	159002751
IFI16	1	159009912
RAD1P2	1	159081795
AIM2	1	159140483
CADM3	1	159171615
RNA5SP60	1	159178473
CADM3-AS1	1	159201733
ACKR1	1	159204706
MPTX1	1	159268623
OR10J2P	1	159280001
FCER1A	1	159296025
OR10J3	1	159314659
OR10J7P	1	159351093
OR10J8P	1	159366161
OR10J9P	1	159406409
OR10J4	1	159432204
OR10J1	1	159438783
LINC02819	1	159509910
OR10J5	1	159536007
OR10AE1P	1	159582648
APCS	1	159587826
OR10J6P	1	159598298
CRPP1	1	159705607
CRP	1	159714080
DUSP23	1	159780962
FCRL6	1	159801453
SLAMF8	1	159826868
SNHG28	1	159854890
VSIG8	1	159862657
CFAP45	1	159899190
MIR4259	1	159900079
TAGLN2	1	159924697
IGSF9	1	159945610
SLAMF9	1	159954202
LINC01133	1	159961101
PIGM	1	160031990
KCNJ10	1	160068048
KCNJ9	1	160081533
IGSF8	1	160098639
ATP1A2	1	160119867
ATP1A4	1	160168966
CASQ1	1	160190576
PEA15	1	160205390
PEA15-AS1	1	160205405
DCAF8-DT	1	160261731
DCAF8	1	160262454
RPSAP18	1	160267225
PEX19	1	160285132
SUMO1P3	1	160317403
COPA	1	160343244
NCSTN	1	160343386
NHLH1	1	160367071
RNU4-42P	1	160392909
VANGL2	1	160410028
SLAMF6	1	160523255
CD84	1	160579482
SLAMF1	1	160647008
SETP9	1	160670148
CD48	1	160711803
SLAMF7	1	160739271
LY9	1	160796183
PPIAP37	1	160848010
CD244	1	160862760
ITLN1	1	160885422
ITLN2	1	160954809
F11R	1	161021147
GLRX5P2	1	161034834
TSTD1	1	161038943
USF1	1	161045873
ARHGAP30	1	161069870
NECTIN4-AS1	1	161084148
NECTIN4	1	161089562
KLHDC9	1	161098426
PFDN2	1	161118052
NIT1	1	161118118
DEDD	1	161132382
UFC1	1	161153984
USP21	1	161160744
PPOX	1	161166464
B4GALT3	1	161177495
ADAMTS4	1	161199054
NDUFS2	1	161202287
FCER1G	1	161215261
APOA2	1	161223619
TOMM40L	1	161226067
MIR5187	1	161227186
NR1I3	1	161238144
PCP4L1	1	161258440
MPZ	1	161307471
SDHC	1	161314390
CFAP126	1	161367880
RRM2P2	1	161379358
RNU6-481P	1	161401289
FCGR2A	1	161505868
HSPA6	1	161524540
RPS23P10	1	161538158
FCGR3A	1	161550045
FCGR2C	1	161583212
HSPA7	1	161606291
RPS23P9	1	161619585
FCGR3B	1	161631176
FCGR2B	1	161663148
RPL31P11	1	161685252
FCRLA	1	161707239
FCRLB	1	161722659
RN7SL466P	1	161735808
DUSP12	1	161749787
ATF6-DT	1	161766234
ATF6	1	161766326
OLFML2B	1	161985232
NOS1AP	1	162070090
MIR4654	1	162157107
RNA5SP61	1	162338643
MIR556	1	162342546
SPATA46	1	162376832
C1orf226	1	162380284
SH2D1B	1	162412137
SLAMF6P1	1	162445549
UHMK1	1	162497824
UQCRBP2	1	162541628
UAP1-DT	1	162561349
UAP1	1	162561606
DDR2	1	162632407
RN7SL861P	1	162777730
HSD17B7	1	162790740
CCDC190	1	162860419
RGS4	1	163069363
RGS5-AS1	1	163182438
RGS5	1	163202916
TRNT1P1	1	163237214
NUF2	1	163321975
RNA5SP62	1	163468605
RNA5SP63	1	163509484
NMNAT1P2	1	164343005
RNU5F-6P	1	164351273
HMGB3P6	1	164356767
PBX1	1	164615599
RNU6-171P	1	164639565
PBX1-AS1	1	164774641
RPL35AP7	1	164921629
RNU6-755P	1	164980137
LMX1A-AS2	1	165210627
LMX1A-AS1	1	165215965
LMX1A	1	165355993
RXRG	1	165445124
PRELID1P7	1	165497724
LRRC52-AS1	1	165527876
LRRC52	1	165544000
MGST3	1	165631265
RPL21P27	1	165676310
ALDH9A1	1	165698551
TMCO1	1	165768882
TMCO1-AS1	1	165768929
UCK2	1	165894868
MIR3658	1	165907921
RPS3AP10	1	166022215
RNA5SP64	1	166042244
FAM78B-AS1	1	166081183
MIR921	1	166154798
FAM78B	1	166166381
FMO7P	1	166474745
LINC01675	1	166490298
FMO8P	1	166566178
FMO9P	1	166603898
FMO10P	1	166665885
RPL4P2	1	166747379
FMO11P	1	166763334
CNN2P10	1	166796266
POGK	1	166839508
DUTP6	1	166868748
TADA1	1	166876258
ILDR2	1	166975412
MAEL	1	166989284
RNA5SP65	1	167005959
GPA33	1	167090417
STYXL2	1	167094595
LINC01363	1	167195768
POU2F1-DT	1	167220838
POU2F1	1	167251919
CD247	1	167455521
AKR1D1P1	1	167519536
CREG1	1	167553805
RCSD1	1	167630246
MPZL1	1	167721986
ADCY10	1	167914102
MPC2	1	167936583
DCAF6	1	167936678
MIR1255B2	1	167998660
GCSHP5	1	168056422
GPR161	1	168136905
TIPRL	1	168178962
RPL34P1	1	168210616
SFT2D2	1	168225986
ANKRD36BP1	1	168247273
RNU6-1310P	1	168263481
TBX19	1	168294392
MIR557	1	168375524
QRSL1P1	1	168451211
RPL7AP19	1	168542737
XCL2	1	168543997
XCL1	1	168576605
RPL7AP21	1	168579439
DPT	1	168729204
LINC00626	1	168786754
SUMO1P2	1	168898136
RPL29P7	1	168938467
RNA5SP66	1	169067264
LINC00970	1	169087123
ATP1B1	1	169107091
NME7	1	169367782
BLZF1	1	169368213
CCDC181	1	169427462
SLC19A2	1	169485941
F5	1	169586481
SELP	1	169630124
SELL	1	169711620
SELE	1	169733660
METTL18	1	169794907
FIRRM	1	169795041
RN7SL333P	1	169859756
SCYL3	1	169893926
RN7SL269P	1	169958246
MRPS10P1	1	169990067
KIFAP3-AS1	1	170024077
KIFAP3	1	170074641
SIGLEC30P	1	170115636
NTMT2	1	170146032
MIR3119-2	1	170151378
MIR3119-1	1	170151462
LINC01681	1	170201314
ISCUP1	1	170211457
LINC01142	1	170284264
HAUS4P1	1	170370367
GORAB-AS1	1	170532075
GORAB	1	170532181
PRRX1	1	170693374
MROH9	1	170935530
FMO3	1	171090899
MIR1295B	1	171101739
MIR1295A	1	171101806
FMO6P	1	171138212
FMO2	1	171185329
FMO1-AS1	1	171197252
FMO1	1	171257847
HMGB1P11	1	171271590
FMO4	1	171314204
TOP1P1	1	171339299
SRP14P4	1	171345307
GM2AP2	1	171392229
CYCSP53	1	171444963
PRRC2C	1	171517273
MYOCOS	1	171619763
MYOC	1	171652658
PFN1P1	1	171670939
RPL4P3	1	171684438
VAMP4	1	171742061
METTL13	1	171781695
DNM3	1	171841500
DNM3-IT1	1	171864187
MIR3120	1	172138808
MIR214	1	172138907
DNM3OS	1	172144632
MIR199A2	1	172144644
RNU6-157P	1	172366540
PIGC	1	172444080
C1orf105	1	172445139
SUCO	1	172533383
RNU6-693P	1	172613534
FASLG	1	172659103
SLC25A38P1	1	172748560
AIMP1P2	1	172886258
TNFSF18	1	173050941
GOT2P2	1	173142350
TNFSF4	1	173358488
PRDX6-AS1	1	173477039
PRDX6	1	173477326
SLC9C2	1	173601752
TEX50	1	173635338
ANKRD45	1	173669841
KLHL20	1	173714977
RPS27P7	1	173741674
RN7SKP160	1	173791548
CENPL	1	173824397
DARS2	1	173824673
GAS5-AS1	1	173862473
GAS5	1	173867989
ZBTB37	1	173868387
SERPINC1	1	173917355
RNA5SP67	1	173921070
RNA5SP68	1	173969436
RC3H1	1	173993072
RC3H1-IT1	1	174016206
RC3H1-DT	1	174022435
RPL30P1	1	174090474
RABGAP1L-DT	1	174159344
GPR52	1	174447964
RABGAP1L	1	174700525
BANF1P4	1	174757119
NDUFAF4P4	1	174850168
RABGAP1L-IT1	1	174896958
RABGAP1L-AS1	1	174954269
RNU6-307P	1	174996524
CACYBP	1	174999951
MRPS14	1	175023420
ENTR1P2	1	175045648
TNN	1	175072927
KIAA0040	1	175192999
RPS29P4	1	175297080
TNR	1	175467541
TNR-IT1	1	175556818
LINC01657	1	175877343
LINC02803	1	175920538
RPS29P5	1	175921975
SCARNA3	1	175968540
COP1	1	176207252
COP1-DT	1	176207667
RNU2-12P	1	176244029
MORF4L1P7	1	176368401
PAPPA2	1	176537303
PTP4A1P7	1	176616786
MIR488	1	177029445
ASTN1	1	177164789
BRINP2	1	177171027
LINC01645	1	177351553
LINC01741	1	177700540
SEC16B	1	177970001
CRYZL2P-SEC16B	1	178030276
CRYZL2P	1	178037946
RASAL2-AS1	1	178093667
RASAL2	1	178341471
CLEC20A	1	178496964
TEX35	1	178513130
C1orf220	1	178542774
RNA5SP69	1	178560913
MIR4424	1	178677749
RALGPS2	1	178725396
RALGPS2-AS1	1	178726285
PTPN2P1	1	178747754
ANGPTL1	1	178871022
FAM20B	1	179025916
TOR3A	1	179082078
ABL2	1	179143074
SETP10	1	179183734
EIF4A1P11	1	179201705
COX5BP8	1	179255733
SOAT1	1	179293866
AXDND1	1	179365974
MEF2AP1	1	179448440
HNRNPA1P54	1	179457315
NPHS2	1	179575948
RNU5F-2P	1	179576268
TDRD5	1	179591685
FAM163A	1	179743423
LINC02818	1	179836126
TOR1AIP2	1	179877801
TOR1AIP1	1	179882927
RN7SL230P	1	179900262
RPSAP16	1	179968686
CEP350	1	179986707
QSOX1	1	180154883
LHX4	1	180230281
VDAC1P4	1	180434800
MIR3121	1	180438390
ACBD6	1	180502622
OVAAL	1	180561294
XPR1	1	180632035
LINC02816	1	180907226
KIAA1614	1	180928147
KIAA1614-AS1	1	180954887
STX6	1	181006123
MR1	1	181033983
IER5	1	181088700
LINC01732	1	181135069
LINC01699	1	181236388
CACNA1E	1	181483738
RNA5SP70	1	181771566
RN7SKP229	1	181839774
ZNF648	1	182059861
YPEL5P1	1	182183096
LINC01344	1	182293354
RNU6-152P	1	182327068
EIF1P3	1	182336001
GLUL	1	182391375
TEDDM1	1	182400667
LINC00272	1	182407696
TEDDM2P	1	182441577
RGSL1	1	182450153
RNASEL	1	182589262
RGS16	1	182604391
LINC01686	1	182615254
RGS8	1	182672908
LINC01688	1	182712648
NPL	1	182789775
DHX9	1	182839376
DHX9-AS1	1	182839390
HMGN1P4	1	182942404
SHCBP1L	1	182953111
KRT18P28	1	182960405
RNU6-41P	1	182982318
LAMC1	1	183096544
LAMC1-AS1	1	183141282
LAMC2	1	183186241
RPS3AP8	1	183266602
NMNAT2	1	183304874
SMG7-AS1	1	183471976
SMG7	1	183472507
NCF2	1	183590568
ARPC5	1	183635682
APOBEC4	1	183653316
RGL1	1	183805119
COLGALT2	1	183964500
TSEN15	1	184051726
RN7SL654P	1	184335658
C1orf21-DT	1	184386887
C1orf21	1	184387378
EDEM3	1	184754847
RNU7-13P	1	184821489
NIBAN1	1	184974471
LINC01633	1	184999710
RNA5SP72	1	185015067
RNF2	1	185045545
FTH1P25	1	185072035
TRMT1L	1	185156953
SWT1	1	185157247
RPL22P24	1	185171710
RPL5P5	1	185227700
IVNS1ABP	1	185317255
RNU7-183P	1	185434244
MCRIP2P2	1	185435839
LINC01350	1	185628511
HMCN1	1	185963808
PRG4	1	186296277
RNU6-1240P	1	186311928
TPR	1	186355243
ODR4	1	186375831
PDC-AS1	1	186434850
PDC	1	186454919
PACERR	1	186680108
PTGS2	1	186680356
PLA2G4A	1	186828968
LINC01036	1	187266345
FDPSP1	1	187563061
SLC4A1APP2	1	187706561
RN7SKP156	1	188156180
LINC03121	1	188218400
RPS3AP9	1	188694320
LINC01035	1	188905729
CLPTM1LP1	1	189036444
GAPDHP75	1	189133292
RNA5SP73	1	189666256
LINC01701	1	189717640
BRINP3	1	190476164
BRINP3-DT	1	190478199
LINC01720	1	190624890
HNRNPA1P46	1	191146961
LINC01680	1	191228558
LINC02770	1	191823517
RGS18	1	192158499
RGS21	1	192316992
RGS1	1	192575773
RGS13	1	192636145
RPS27AP5	1	192716183
MIR4426	1	192716328
RGS2	1	192809042
RN7SKP126	1	192875985
RGS2-AS1	1	192925733
ZNF101P2	1	192994677
SCARNA18B	1	193057415
UCHL5	1	193059345
RO60	1	193059619
GLRX2	1	193105745
CDC73	1	193122119
MIR1278	1	193136503
B3GALT2	1	193186590
LINC01031	1	193348565
RPL23AP22	1	193757267
EEF1A1P14	1	194188967
RNU6-983P	1	194488205
LINC01724	1	196088748
MIR4735	1	196582481
KCNT2	1	196608440
CFH	1	196652042
CFHR3	1	196774806
CFHR1	1	196819739
CFHR4	1	196888080
CFHR2	1	196943782
CFHR5	1	196977561
F13B	1	197067242
SEPTIN14P12	1	197139307
ASPM	1	197146644
ZBTB41	1	197201165
CRB1	1	197268413
MRPS21P3	1	197363817
EEF1A1P32	1	197688760
FAM204BP	1	197747451
DENND1B	1	197775400
C1orf53	1	197902704
LHX9	1	197912498
NEK7	1	198157035
PRR13P1	1	198198186
ATP6V1G3	1	198540680
PTPRC	1	198639095
PTPRC-AS1	1	198669261
PEBP1P3	1	198680033
MIR181B1	1	198858982
MIR181A1	1	198859153
MIR181A1HG	1	198937429
LINC01222	1	199015956
LINC01221	1	199036868
LINC02789	1	199148639
RPL23AP16	1	199371877
EEF1A1P44	1	199387141
RNU6-778P	1	199888159
RNU6-716P	1	200008607
RNU6-609P	1	200014795
NR5A2	1	200027657
RNU6-570P	1	200054061
CCNQP1	1	200213678
LINC00862	1	200374112
ZNF281	1	200410032
KIF14	1	200620735
DDX59	1	200669907
DDX59-AS1	1	200670075
CAMSAP2	1	200785943
RPL34P6	1	200863808
GPR25	1	200872981
INAVA	1	200893782
MROH3P	1	200917460
RNU6-704P	1	200933447
KIF21B	1	201023554
CACNA1S	1	201112426
ASCL5	1	201127184
TMEM9	1	201154452
IGFN1	1	201197953
PKP1	1	201283703
TNNT2	1	201377652
LAD1	1	201399451
TNNI1	1	201421875
PHLDA3	1	201468884
CSRP1	1	201507076
CSRP1-AS1	1	201507277
RPS10P7	1	201520056
NAV1	1	201648249
MIR5191	1	201719508
RNU6-501P	1	201733406
MIR1231	1	201808611
IPO9	1	201829188
IPO9-AS1	1	201829218
MIR6739	1	201863373
SHISA4	1	201888789
LMOD1	1	201946549
TIMM17A	1	201955508
SNORA70H	1	201978461
RPL10P4	1	201978642
RNPEP	1	201982788
MIR6740	1	202003124
ELF3-AS1	1	202008306
ELF3	1	202010625
CRIP1P3	1	202096759
GPR37L1	1	202122917
ARL8A	1	202144680
PTPN7	1	202160603
PTPRVP	1	202168051
LGR6	1	202193924
UBE2T	1	202341957
CYCSP4	1	202370145
RNU6-89P	1	202410207
PPP1R12B	1	202437820
RPS27P8	1	202472117
SYT2-AS1	1	202604268
SYT2	1	202710444
COX7CP2	1	202767418
KDM5B	1	202792166
SLC25A39P1	1	202796030
PCAT6	1	202810953
MGAT4EP	1	202825186
TUBA5P	1	202859099
ACTG1P25	1	202861769
RABIF	1	202889144
HNRNPA1P59	1	202911812
KLHL12	1	202927245
ADIPOR1	1	202958289
CYB5R1	1	202967253
MGAT4FP	1	202988582
TMEM183A	1	203007391
PPFIA4	1	203051211
MYOG	1	203086012
ADORA1	1	203128099
ADORA1-AS2	1	203128202
ADORA1-AS1	1	203152579
MYBPH	1	203175826
CHI3L1	1	203186703
CHIT1	1	203229672
NPM1P40	1	203255743
LINC01353	1	203286515
BTG2-DT	1	203305312
BTG2	1	203305505
RNU6-487P	1	203319099
FMOD	1	203351124
LARP7P1	1	203400581
PRELP	1	203475806
OPTC	1	203494137
ATP2B4	1	203630097
NSA2P1	1	203657760
SNORA77	1	203729581
LAX1	1	203765183
ZBED6	1	203795623
ZC3H11A	1	203795697
RPL35AP5	1	203835912
SNRPE	1	203861606
KRT8P29	1	203874187
HSPE1P6	1	203904013
CBX1P3	1	203954640
LINC00303	1	204045398
SOX13	1	204074026
ERLNC1	1	204141406
ETNK2	1	204146990
REN	1	204178330
KISS1	1	204196122
GOLT1A	1	204213984
PLEKHA6	1	204332027
RPL21P19	1	204347258
LINC00628	1	204369719
PPP1R15B-AS1	1	204377736
PPP1R15B	1	204411817
PIK3C2B	1	204479781
MDM4	1	204516471
RNA5SP74	1	204562521
LRRN2	1	204685445
RNA5SP75	1	204707430
NFASC	1	204925020
RPL13AP11	1	204946608
CNTN2	1	205061016
TMEM81	1	205084460
RBBP5	1	205121998
RPL17P8	1	205202191
DSTYK	1	205211632
TMCC2-AS1	1	205236867
TMCC2	1	205238114
NUAK2	1	205321745
SNRPGP10	1	205351247
KLHDC8A	1	205356918
LEMD1-AS1	1	205373225
LEMD1	1	205422043
MIR135B	1	205448398
LEMD1-DT	1	205455929
BLACAT1	1	205456415
CDK18	1	205504802
RNU2-19P	1	205566716
MFSD4A	1	205569018
MFSD4A-AS1	1	205569281
RNU6-418P	1	205595041
ELK4	1	205631962
SLC45A3	1	205672195
NUCKS1	1	205750207
RAB29	1	205775451
SLC41A1	1	205813035
PM20D1-AS1	1	205813362
PM20D1	1	205841879
SLC26A9	1	205935822
RAB7B	1	205994451
CTSE	1	206023826
RHEX	1	206081098
AVPR1B	1	206117543
AVPR1B-DT	1	206117783
RPL22P4	1	206161276
FAM72A	1	206202854
SRGAP2	1	206210207
IKBKE	1	206470478
MIR6769B	1	206474803
IKBKE-AS1	1	206497728
RPL7AP20	1	206528915
RASSF5	1	206557165
EIF2D	1	206612453
DYRK3	1	206635728
DYRK3-AS1	1	206635741
MAPKAPK2	1	206684934
IL10	1	206771846
IL19	1	206828877
IL20	1	206865716
IL24	1	206897454
RPL13AP8	1	206907619
FCMR	1	206921998
PIGR	1	206946463
FCAMR	1	206970471
C1orf116	1	207032763
YOD1	1	207052094
PFKFB2	1	207053259
C4BPB	1	207089171
C4BPA	1	207104284
C4BPAP1	1	207165496
C4BPAP2	1	207225798
LINC02942	1	207244594
CD55	1	207321676
CR2	1	207454352
CR1	1	207496238
CR1-AS1	1	207579767
CD46P1	1	207645234
CDCA4P3	1	207658454
CR1L	1	207669116
RNA5SP534	1	207708981
CD46	1	207752087
CDCA4P4	1	207762584
MIR29C	1	207801939
MIR29B2	1	207802523
MIR29B2CHG	1	207824061
CD34	1	207911120
LINC02767	1	207958951
PLXNA2	1	208244227
LINC01735	1	208614295
LINC02769	1	208628637
RPS26P13	1	208697698
LINC01717	1	208728668
LINC01774	1	208972428
TFDP1P1	1	209232196
ATP5MC2P1	1	209268223
LINC01696	1	209325412
LINC01698	1	209372024
MIR205HG	1	209428817
MIR205	1	209432133
CAMK1G	1	209583723
MIR4260	1	209623510
LAMB3	1	209652489
G0S2	1	209675412
HSD11B1	1	209695523
HSD11B1-AS1	1	209742586
ADORA2BP1	1	209744373
TRAF3IP3	1	209757338
C1orf74	1	209784559
IRF6	1	209806134
UTP25	1	209827984
SYT14	1	209938233
SERTAD4-AS1	1	210233868
SERTAD4	1	210237282
ST13P19	1	210267241
HHAT	1	210329264
RNU5A-8P	1	210374267
BPNT2P1	1	210463012
IPO8P1	1	210862285
KCNH1-IT1	1	211133470
KCNH1	1	211134093
PRELID1P5	1	211207239
RCOR3	1	211259400
TRAF5	1	211326815
LINC00467	1	211382798
SNX25P1	1	211417025
ARPC3P2	1	211442274
RD3	1	211492162
SLC30A1	1	211579161
NTRAS	1	211639693
FDPSP8	1	211661277
NEK2	1	211675589
NEK2-DT	1	211675765
RN7SL344P	1	211792406
LPGAT1-AS1	1	211829634
LPGAT1	1	211830722
INTS7	1	212035532
DTL	1	212035763
RPL21P28	1	212052006
MIR3122	1	212077613
RN7SKP98	1	212099676
LINC02608	1	212237736
PPP2R5A	1	212285420
RPL23AP18	1	212309518
SNORA16B	1	212352816
PACC1	1	212414869
NENF	1	212432921
LINC02771	1	212469281
LINC01740	1	212518385
ATF3	1	212608838
GARIN4	1	212624474
LINC02773	1	212638573
RFKP5	1	212647296
BATF3	1	212698755
NSL1	1	212791776
TATDN3	1	212791911
SPATA45	1	212847649
FLVCR1-DT	1	212858130
FLVCR1	1	212858310
VASH2	1	212950606
ANGEL2	1	213015596
RPS6KC1	1	213051287
RPL31P13	1	213429077
LINC00538	1	213926654
PROX1-AS1	1	213979403
PROX1	1	213988386
LINC02775	1	214112229
SMYD2	1	214281125
KRT18P12	1	214532195
PTPN14	1	214551412
CENPF	1	214603363
ABHD17AP3	1	214608840
UBE2V1P13	1	214613398
GAPDHP24	1	214870734
KCNK2	1	215082737
VDAC1P10	1	215376484
KCTD3	1	215567389
USH2A-AS2	1	216072729
USH2A-AS1	1	216194057
MRPS18BP1	1	216201826
USH2A	1	216256267
ESRRG	1	217076889
GPATCH2	1	217620736
SPATA17	1	217684601
SPATA17-AS1	1	217826242
UBBP2	1	217850633
LINC00210	1	217892900
LINC01653	1	218043505
RNU1-141P	1	218129795
RRP15	1	218285292
TGFB2-AS1	1	218346191
TGFB2	1	218346636
TGFB2-OT1	1	218442626
LINC02869	1	218494719
NXNP1	1	218882650
LINC01710	1	218917449
LYPLAL1-DT	1	219173766
LYPLAL1	1	219173884
RIMKLBP2	1	219200567
LYPLAL1-AS1	1	219459182
ZC3H11B	1	219613105
RNA5SP76	1	219761789
SLC30A10	1	219928605
EPRS1	1	220046506
BPNT1	1	220089819
IARS2	1	220094132
MIR215	1	220117962
MIR194-1	1	220118241
RPS15AP12	1	220144351
MIR664A	1	220200619
SNORA36B	1	220200676
SNX2P1	1	220207618
MORF4L1P1	1	220253570
AURKAP1	1	220267917
RAB3GAP2	1	220272409
XRCC6P3	1	220315565
RPLP0P5	1	220317599
RPL7AP81	1	220448516
PRELID3BP1	1	220467954
LINC02779	1	220470483
MARK1	1	220528366
RN7SL464P	1	220572035
HDAC1P2	1	220625740
C1orf115	1	220690363
MTARC2	1	220748278
MTARC1	1	220789127
RNU6ATAC35P	1	220825620
LINC01352	1	220829255
HLX	1	220879442
HLX-AS1	1	220880155
LINC02817	1	221336340
DUSP10	1	221741567
RNU6-403P	1	221837437
LINC02474	1	221966375
LINC01705	1	221969429
QRSL1P2	1	222262796
CICP13	1	222468094
RNU6-791P	1	222503735
HHIPL2	1	222539473
TAF1A	1	222589837
TAF1A-AS1	1	222589934
MIA3	1	222644394
AIDA	1	222712480
BROX	1	222712831
FAM177B	1	222737278
DISP1	1	222815073
NDUFB1P2	1	222945725
TLR5	1	223143275
SUSD4	1	223364135
RNU4-57P	1	223373822
CCDC185	1	223393415
CAPN8	1	223628705
SNRPEP10	1	223644383
RNU6-1248P	1	223690051
CAPN2	1	223712539
TP53BP2	1	223817732
PHB1P11	1	223857387
ACTBP11	1	223864851
CICP5	1	223947605
RNU6-1319P	1	223976249
GTF2IP20	1	223988154
SEPTIN7P13	1	223995895
RN7SKP49	1	224107541
FBXO28	1	224114145
DEGS1	1	224183457
MIR320B2	1	224257141
RNU6-1008P	1	224305380
NVL	1	224330137
CNIH4	1	224356888
MIR4742	1	224398311
WDR26	1	224433871
CNIH3	1	224529218
AKR1B1P1	1	224574434
CNIH3-AS2	1	224616220
DNAJB6P6	1	224661886
CNIH3-AS1	1	224730662
LINC02813	1	224766366
DNAH14	1	224952703
LBR	1	225428040
LINC02765	1	225465344
ENAH	1	225653096
RNU6-1304P	1	225741275
SRP9	1	225777834
LEFTY3P	1	225803148
EPHX1	1	225825242
TMEM63A	1	225879834
LEFTY1	1	225900264
MIR6741	1	225922142
PYCR2	1	225924270
LEFTY2	1	225941220
NDUFA3P3	1	225964179
SDE2	1	225999346
H3-3A-DT	1	226062101
H3-3A	1	226062820
LINC01703	1	226083584
ACBD3-AS1	1	226133362
ACBD3	1	226186718
MIXL1	1	226223664
LIN9	1	226309176
YBX1P9	1	226318693
PARP1	1	226392792
RPS3AP7	1	226438564
RN7SKP165	1	226445937
CDKN2AIPNLP1	1	226493489
STUM	1	226548800
ITPKB-AS1	1	226668897
ITPKB-IT1	1	226675088
ITPKB	1	226738560
RPS27P5	1	226781501
PSEN2	1	226870635
COQ8A	1	226940324
UBA5P1	1	227265207
CDC42BPA	1	227285601
LINC01641	1	227409765
NUCKS1P1	1	227411319
BTF3P9	1	227434064
TUBB8P10	1	227495142
TUBB8P9	1	227506182
RNA5SP77	1	227561181
ZNF678	1	227563556
FAM133FP	1	227599094
ZNF847P	1	227706699
SNAP47	1	227735005
JMJD4	1	227735302
SNAP47-AS1	1	227747191
PRSS38	1	227815675
MIR5008	1	227941683
WNT9A	1	227947932
CICP26	1	227978193
SEPTIN14P17	1	227980051
WNT3A	1	228006961
LINC02809	1	228076550
ARF1	1	228082911
MIR3620	1	228097263
C1orf35	1	228103357
MRPL55	1	228109295
CIAO2AP2	1	228115473
GUK1	1	228140317
GJC2	1	228156631
IBA57-DT	1	228165284
IBA57	1	228168491
OBSCN-AS1	1	228213646
OBSCN	1	228294892
TRIM11-AS1	1	228394298
MIR6742	1	228397109
TRIM11	1	228406493
TRIM17	1	228416664
H3-4	1	228425360
RPL23AP15	1	228449621
H2AC25	1	228457873
H2BC26	1	228458628
MIR4666A	1	228462074
H2BC27P	1	228464594
RNF187	1	228487802
BTNL10P	1	228512305
RNA5SP19	1	228555793
RNA5SP162	1	228558339
RNA5S1	1	228610386
RNA5S2	1	228612627
RNA5S3	1	228614868
RNA5S4	1	228617109
RNA5S5	1	228619350
RNA5S6	1	228621565
RNA5S7	1	228623785
RNA5S8	1	228626027
RNA5S9	1	228628266
RNA5S10	1	228630508
RNA5S11	1	228632749
RNA5S12	1	228634989
RNA5S13	1	228637214
RNA5S14	1	228639455
RNA5S15	1	228641686
RNA5S16	1	228643927
RNA5S17	1	228646158
RNA5SP18	1	228648032
DUSP5P1	1	228650241
FTH1P2	1	228687415
RHOU	1	228735479
ISCA1P2	1	229042171
LINC02814	1	229184119
TMEM78	1	229249636
RAB4A-AS1	1	229271049
RAB4A	1	229271139
CCSAP	1	229342782
RNU6-180P	1	229383128
RN7SKP276	1	229410767
ACTA1	1	229434098
NUP133	1	229508330
NUP133-DT	1	229508356
RNU4-21P	1	229535189
RNA5SP78	1	229549905
ABCB10	1	229558688
HMGN2P19	1	229570532
TAF5L	1	229626038
URB2	1	229626219
KIAA1191P3	1	229689904
HMGB1P26	1	229705861
LINC01682	1	229892034
LINC01736	1	230002687
GALNT2	1	230067220
PGBD5	1	230426310
LINC01737	1	230595583
COG2	1	230642511
AGT	1	230714355
CAPN9	1	230747404
CAPN9-AS1	1	230795153
RNA5SP79	1	230820250
C1orf198	1	230868772
RN7SL837P	1	230894141
TTC13	1	230978846
ARV1	1	230979098
MIR1182	1	231019924
FAM89A	1	231040232
TRIM67	1	231162112
TRIM67-AS1	1	231187627
FSAF1	1	231241130
GNPAT	1	231241215
RNA5SP80	1	231281524
EXOC8	1	231337852
SPRTN	1	231338293
EGLN1	1	231421244
SNRPD2P2	1	231476288
TSNAX-DT	1	231528508
TSNAX-DISC1	1	231528653
TSNAX	1	231528667
LINC00582	1	231612241
DISC1	1	231628113
RNU5A-5P	1	231670635
DISC1-IT1	1	231925834
RN7SL299P	1	232222866
SIPA1L2	1	232630120
RNU6-1211P	1	232700204
LINC01745	1	232718030
LINC01744	1	232742721
MAP10	1	232805416
RNU1-74P	1	232832187
NTPCR	1	232950633
PCNX2	1	233179174
RPS7P3	1	233289447
MAP3K21	1	233327727
RNU4-77P	1	233448781
MIR4427	1	233624152
KCNK1	1	233629607
RAC1P7	1	234027227
SLC35F3	1	234059473
SLC35F3-AS1	1	234273015
MIR4671	1	234306467
COA6	1	234373575
COA6-AS1	1	234373671
TARBP1	1	234479137
LINC01354	1	234531863
IRF2BP2	1	234609668
LINC00184	1	234619303
LINC01132	1	234725183
LINC02961	1	234760056
RNY4P16	1	234837976
RN7SL668P	1	234904186
LINC02971	1	234957441
LNCATV	1	234963603
LINC03108	1	234980804
LINC01348	1	235069803
SNORA14B	1	235127937
TOMM20	1	235128831
RBM34	1	235161242
MIR4753	1	235190116
RPL23AP23	1	235295865
ARID4B	1	235328134
GGPS1	1	235328572
TBCE	1	235367493
RPS21P1	1	235432985
B3GALNT2	1	235504423
MTCYBP14	1	235519971
MTND6P14	1	235537520
MTND5P19	1	235539845
MTND4P10	1	235541415
MTND4LP21	1	235541706
MTND3P8	1	235542097
MTCO3P46	1	235542390
GNG4	1	235622631
LDHAP2	1	235738005
LYST	1	235783022
MIR1537	1	235853060
RNU6-968P	1	235915415
LINC02768	1	235971797
NID1	1	236065121
ACO2P2	1	236110061
GPR137B	1	236142539
RNU2-70P	1	236267780
ERO1B	1	236275679
EDARADD	1	236394286
ENO1P1	1	236483165
LGALS8	1	236523995
LGALS8-AS1	1	236524504
HEATR1	1	236604494
ACTN2	1	236686678
MTR	1	236795615
RPSAP21	1	236819634
RPL35P1	1	236981339
MT1HL1	1	237004441
RN7SKP195	1	237120807
MIR4428	1	237471119
RYR2	1	237791846
ZP4	1	237890922
MTCO1P38	1	237941061
MTCYBP15	1	237949143
MTND6P15	1	237949214
MTND5P18	1	237951536
YWHAQP9	1	238108567
RNU6-725P	1	238325788
LINC01139	1	238486048
KRT18P32	1	238491358
MIPEPP2	1	238779200
CHRM3	1	239386922
CHRM3-AS2	1	239730460
CHRM3-AS1	1	239918774
RPS7P5	1	240012646
ADH5P3	1	240170155
FMN2	1	240240515
GREM2	1	240560383
RNU5F-8P	1	240653367
THAP12P8	1	240771534
RFKP1	1	240823433
HNRNPA1P42	1	240919653
MIR3123	1	241132272
RGS7	1	241134897
RPL36P6	1	241305882
FH	1	241519744
KMO	1	241532379
CHML	1	241640254
OPN3	1	241640347
WDR64	1	241660633
RPL6P3	1	241831935
EXO1	1	241848251
RPL23AP20	1	241916123
BECN2	1	241957767
CFL1P4	1	241993185
MAP1LC3C	1	242000341
TUBB8P6	1	242057085
RN7SKP12	1	242188789
RPL10AP5	1	242365189
PLD5	1	242449482
RSL24D1P4	1	242772620
SEPTIN14P21	1	243047875
CICP21	1	243049782
RNU6-747P	1	243081259
LINC01347	1	243097299
CEP170	1	243186454
FCF1P7	1	243268119
SDCCAG8	1	243270080
MIR4677	1	243346176
FABP7P1	1	243625056
AKT3-IT1	1	243794400
AKT3	1	243843207
LINC02774	1	243917400
ZBTB18	1	244049799
RN7SL148P	1	244103932
SPMIP3	1	244352649
TGIF2P1	1	244395660
ADSS2	1	244424914
CATSPERE	1	244461396
CYCSP5	1	244598687
DESI2	1	244653112
C1orf202	1	244731015
COX20	1	244835656
HNRNPU	1	244863379
RN7SKP55	1	244943910
RNU6-947P	1	244954858
EFCAB2	1	244970353
EFCAB2-AS1	1	244971098
RNU6-1089P	1	245023015
RNU6-999P	1	245043928
RNU1-132P	1	245134090
KIF26B-AS1	1	245234501
DNAJC19P8	1	245283089
KIF26B	1	245432340
SMYD3-AS1	1	246108631
SMYD3	1	246145075
CHCHD4P5	1	246178778
RNU6-1283P	1	246189118
SMYD3-IT1	1	246322438
LINC01743	1	246524287
TFB2M	1	246566239
CNST	1	246566502
RPL7AP82	1	246632478
SCCPDH	1	246724378
RPL35AP6	1	246755832
LINC01341	1	246776256
KIF28P	1	246839611
AHCTF1	1	246931393
ZNF695	1	247008056
ZNF670-ZNF695	1	247078773
ZNF670	1	247078811
ZNF669	1	247104356
LINC02897	1	247111867
FGFR3P6	1	247119669
ZNF124	1	247172010
MIR3916	1	247202060
RNA5SP82	1	247204661
ZNF731P	1	247209493
VN1R17P	1	247237957
VN1R5	1	247255972
ZNF496	1	247331875
ZNF496-DT	1	247340499
NLRP3	1	247418075
OR2B11	1	247458104
OR2W5P	1	247491068
GCSAML	1	247507124
OR2C3	1	247533622
OR2G2	1	247588360
OR2G3	1	247605586
OR14L1	1	247617143
OR3D1P	1	247666887
OR13G1	1	247679739
OR6F1	1	247716646
OR14A2	1	247735951
OR14K1	1	247738615
OR1C1	1	247759618
OR9H1	1	247770169
OR14A16	1	247824119
HSD17B7P1	1	247827486
OR6R1P	1	247834288
OR11L1	1	247841896
TRIM58	1	247857187
OR2W3	1	247895587
OR2T8	1	247920252
OR2AJ1	1	247924889
CLK3P2	1	247937513
OR2X1P	1	247938973
OR2L8	1	247948858
OR2AK2	1	247965233
OR2L9P	1	247974741
OR2L1P	1	247990267
OR2L6P	1	248003129
OR2L5	1	248013660
OR2L2	1	248034121
OR2L3	1	248051335
OR2T32P	1	248084596
OR2L13	1	248096230
OR2M1P	1	248121932
OR2M5	1	248145148
OR2M2	1	248174821
OR2M3	1	248200147
OR2M4	1	248231417
OR2T33	1	248275906
OR2T12	1	248303424
OR2M7	1	248324568
OR14C36	1	248348775
OR2T4	1	248361665
OR2T6	1	248375746
OR2T1	1	248403048
OR2T7	1	248437752
OR2T2	1	248445574
OR2T3	1	248473351
OR2T5	1	248488589
OR2AS2P	1	248498308
OR2G6	1	248508804
OR2AS1P	1	248549762
OR2T29	1	248561144
OR2T34	1	248574757
OR2T10	1	248595749
OR2T11	1	248635091
OR2T35	1	248645278
OR2T27	1	248655528
LYPD9P	1	248692152
OR14I1	1	248695939
AHCYP8	1	248722201
LYPD8	1	248755757
DPY19L4P1	1	248773792
SH3BP5L	1	248825861
MIR3124	1	248826377
ZNF672	1	248838789
ZNF692	1	248858964
ZNF692-DT	1	248859184
PGBD2	1	248906231
RNU6-1205P	1	248912795
RPL23AP25	1	248936581
FAM110C	2	46505
SH3YL1	2	264033
ACP1	2	264934
ALKAL2	2	288085
LINC01865	2	386935
LINC01874	2	495779
LINC01875	2	545805
TMEM18	2	676874
TMEM18-DT	2	677525
LINC01115	2	868322
LINC01939	2	905507
SNTG2-AS1	2	950789
SNTG2	2	950915
TPO	2	1413463
LALTOP	2	1562096
PXDN	2	1676507
MYT1L-AS1	2	2319238
MYT1L	2	2324528
LINC01250	2	3130589
EIPR1-IT1	2	3301465
EIPR1	2	3377789
TRAPPC12	2	3405788
TRAPPC12-AS1	2	3482409
ADI1	2	3519531
RNASEH1	2	3558332
RNASEH1-DT	2	3558438
RPS7	2	3575314
COLEC11	2	3595113
TMSB4XP2	2	3617757
GAPDHP48	2	3688981
ALLC	2	3694621
DCDC2C	2	3725946
LINC01304	2	3974032
NPM1P48	2	4515056
LINC01249	2	4656246
RNU6-649P	2	4945277
LINC01248	2	5691314
SOX11	2	5692384
LINC01810	2	5812657
MIR7158	2	5974662
SILC1	2	5981750
LINC01247	2	6375422
LINC01824	2	6495931
PIK3CDP1	2	6496798
MIR7515HG	2	6638816
MIR7515	2	6650373
LINC00487	2	6772030
NRIR	2	6840430
RSAD2	2	6865806
CMPK2	2	6865863
RNF144A	2	6917622
GRASLND	2	6918665
RN7SKP112	2	7141544
LINC02973	2	7260871
RNU6ATAC37P	2	7576841
LINC01871	2	7725737
LINC00299	2	8455387
SNRPEP5	2	8603082
ID2-AS1	2	8678810
ID2	2	8682054
KIDINS220	2	8837598
MBOAT2	2	9003665
HMGB1P25	2	9018899
RPL30P3	2	9081727
ASAP2	2	9206836
EIF1P7	2	9271628
ITGB1BP1	2	9423217
CPSF3	2	9423663
IAH1	2	9474578
ADAM17	2	9555770
YWHAQ	2	9630973
RNU4-73P	2	9740783
TAF1B	2	9843522
GRHL1	2	9960964
KLF11	2	10043701
CYS1	2	10080677
RRM2	2	10122739
MIR4261	2	10192671
RN7SL66P	2	10280628
HPCAL1	2	10324347
SNORA80B	2	10446849
ODC1	2	10448014
ODC1-DT	2	10448716
NOL10	2	10689962
RN7SL832P	2	10690344
ATP6V1C2	2	10721649
RNU7-138P	2	10744186
PDIA6	2	10812791
RNU7-176P	2	10815546
LINC01954	2	10844346
KCNF1	2	10911515
RPL6P4	2	11102142
CIMIP5	2	11133128
SLC66A3	2	11155524
RNU6-1081P	2	11233988
ROCK2	2	11287736
AIDAP1	2	11308025
PPIAP60	2	11351627
LINC03037	2	11365636
LINC00570	2	11391841
E2F6	2	11466156
RNA5SP84	2	11517397
MIR4429	2	11540677
GREB1	2	11542707
RNU2-13P	2	11561194
RN7SL674P	2	11584773
CDK8P1	2	11665969
NTSR2	2	11670194
LPIN1	2	11746632
MIR548S	2	11767444
MIR4262	2	11836986
MIR3681	2	12199130
MIR3681HG	2	12277795
RNU6-843P	2	12411501
TRIB2	2	12716935
MIR3125	2	12737367
RNU6-1288P	2	14274725
LINC00276	2	14400960
LRATD1	2	14633155
RPS26P18	2	15397782
NBAS	2	15555919
DDX1	2	15591868
LINC01804	2	15690839
RNU5E-7P	2	15864935
RPLP1P5	2	15869939
MYCNUT	2	15908705
MYCN	2	15940526
MYCNOS	2	15941667
RN7SL104P	2	15950981
GACAT3	2	16069201
CYRIA	2	16665822
LINC01866	2	16970034
RN7SKP168	2	17123140
ZFYVE9P2	2	17284292
PSMC1P10	2	17385091
RAD51AP2	2	17518440
VSNL1	2	17540706
SMC6	2	17753826
GEN1	2	17754124
MSGN1	2	17816460
KCNS3	2	17878665
RDH14	2	18560652
RNU6-1215P	2	18583468
NT5C1B	2	18589546
NT5C1B-RDH14	2	18589563
LINC01376	2	19306050
MIR4757	2	19348429
OSR1	2	19358629
LINC01808	2	19469187
CISD1P1	2	19826249
LINC00954	2	19868873
TTC32-DT	2	19901364
TTC32	2	19901956
WDR35	2	19990048
WDR35-DT	2	19990200
MATN3	2	20012666
LAPTM4A	2	20051640
LAPTM4A-DT	2	20052114
RPS16P2	2	20156057
RN7SL140P	2	20175346
RNU6-961P	2	20175805
SDC1	2	20225095
DRG1P1	2	20241046
RNU7-113P	2	20246387
PUM2	2	20350839
SLC7A15P	2	20386386
RNA5SP86	2	20401724
RHOB	2	20447074
NDUFAF2P1	2	20529976
HS1BP3-IT1	2	20592548
RPS25P3	2	20606654
HS1BP3	2	20651080
GDF7	2	20667144
LDAH	2	20823101
LINC02850	2	20859771
APOB	2	21044017
TDRD15	2	21130718
NUTF2P8	2	21364025
LINC01822	2	21649540
RN7SL117P	2	21922993
RNA5SP87	2	22339003
LINC03116	2	22377594
LINC01884	2	22516155
LINC01830	2	22536338
RN7SKP27	2	22861552
LINC02923	2	23381256
KLHL29	2	23528414
ATAD2B	2	23867887
PGAM1P6	2	23873014
RPS13P4	2	23900693
UBXN2A	2	23939797
SDHCP3	2	23943846
RN7SL610P	2	23997085
MFSD2B	2	24012899
RNU6-370P	2	24045835
WDCP	2	24047391
FKBP1B	2	24049746
SF3B6	2	24076366
TP53I3	2	24084833
FAM228B	2	24123475
PFN4	2	24123591
FAM228A	2	24175069
HMGN2P20	2	24330402
RPL36AP13	2	24334512
ITSN2	2	24360309
NCOA1	2	24491502
RNA5SP88	2	24564738
RNU6-936P	2	24676309
PTRHD1	2	24793075
CENPO	2	24793444
ADCY3	2	24919948
RPS13P5	2	24969224
DNAJC27	2	24971907
DNAJC27-AS1	2	24972116
EFR3B	2	25042130
RN7SL856P	2	25058032
SUCLA2P3	2	25081689
POMC	2	25168580
LINC01381	2	25204313
DNMT3A	2	25252221
MIR1301	2	25328721
ARNILA	2	25375845
DTNB-AS1	2	25421092
DTNB	2	25673506
TPM3P7	2	25810656
PTGES3P2	2	25822469
ASXL2	2	25830891
NDUFB4P4	2	25887206
KIF3C	2	25981559
UQCRHP2	2	25994794
TRMT112P6	2	26028612
RAB10	2	26034084
RNU6-942P	2	26042675
RPS2P15	2	26102136
EMP2P1	2	26141264
SMARCE1P6	2	26149204
PPIL1P1	2	26162056
GAREM2	2	26180716
HADHA	2	26244627
HADHB	2	26244943
SELENOI	2	26346146
ADGRF3	2	26346310
DRC1	2	26411579
OTOF	2	26478083
CIMIP2C	2	26562811
CIB4	2	26623627
RPL37P11	2	26678510
KCNK3	2	26692722
SLC35F6	2	26764287
CENPA	2	26786056
CDKN2AIPNLP2	2	26827520
DPYSL5	2	26848356
MAPRE3	2	27002046
MAPRE3-AS1	2	27014600
TMEM214	2	27032980
AGBL5-AS1	2	27050264
AGBL5	2	27051678
AGBL5-IT1	2	27061038
OST4	2	27071651
EMILIN1	2	27078607
KHK	2	27086783
CGREF1	2	27118967
ABHD1	2	27123838
PREB	2	27134623
PRR30	2	27139406
TCF23	2	27149014
SLC5A6	2	27211957
ATRAID	2	27212364
CAD	2	27233079
SLC30A3	2	27263052
DNAJC5G	2	27275469
TRIM54	2	27282445
UCN	2	27308445
MPV17	2	27323072
GTF3C2-AS1	2	27335564
GTF3C2	2	27356748
GTF3C2-AS2	2	27357145
EIF2B4	2	27370333
SNX17	2	27370617
ZNF513	2	27380734
FTH1P3	2	27393367
PPM1G	2	27409583
NRBP1	2	27428645
KRTCAP3	2	27442396
RNU6-986P	2	27475595
IFT172	2	27486735
FNDC4	2	27495202
GCKR	2	27496851
SPATA31H1	2	27537386
ZNF512	2	27583048
CCDC121	2	27628891
GPN1	2	27629028
SUPT7L	2	27663639
SLC4A1AP	2	27663890
LINC01460	2	27716678
MRPL33	2	27771741
RBKS	2	27890387
BABAM2	2	27890786
MYG1P1	2	27897195
MIR4263	2	27996367
FAM133EP	2	28016482
RPL23AP34	2	28308161
FOSL2	2	28392858
FOSL2-AS1	2	28394688
SNRPGP7	2	28460361
PLB1	2	28576011
RNA5SP89	2	28683976
PPP1CB-DT	2	28751501
PPP1CB	2	28751818
SPDYA	2	28810834
TRMT61B	2	28870298
WDR43	2	28894679
SNORD92	2	28913664
SNORD53	2	28927067
SNORD53B	2	28927983
TOGARAM2	2	28981323
PCARE	2	29068339
CLIP4	2	29115490
ALK	2	29227653
RN7SL516P	2	29681323
YPEL5	2	30147000
SNORA10B	2	30187434
H3P5	2	30209995
LBH	2	30232153
LINC01936	2	30346653
LCLAT1	2	30447270
CAPN13	2	30807438
GALNT14	2	31138118
RNA5SP90	2	31228312
CAPN14	2	31233858
EHD3	2	31234073
RPL21P70	2	31290762
XDH	2	31414718
SRD5A2	2	31580939
LINC01946	2	31803980
KRT18P52	2	31823436
AK2P2	2	31823817
MEMO1	2	32010594
DPY30	2	32039796
SPAST	2	32063805
SLC30A6-DT	2	32165760
SLC30A6	2	32165866
DDX50P1	2	32201600
RNU6-647P	2	32214562
NLRC4	2	32264886
YIPF4	2	32277911
BIRC6-AS1	2	32379599
BIRC6	2	32458209
MIR558	2	32532153
BIRC6-AS2	2	32558883
TTC27	2	32628099
MIR4765	2	32635255
LINC00486	2	32825431
LTBP1	2	32947134
H2ACP2	2	33063113
RNA5SP91	2	33285887
RNA5SP92	2	33332898
MIR4430	2	33418516
RASGRP3	2	33458097
FAM98A	2	33589848
ATP6V0E1P3	2	33602041
HNRNPA1P61	2	33636502
MYADML	2	33727988
SLC25A5P2	2	33840678
LINC01318	2	34067226
LINC01320	2	34402627
RN7SL602P	2	34809556
SMIM7P1	2	35219604
MIR548AD	2	35471405
RNU6-1117P	2	35471605
MRPL50P1	2	35725142
RPL21P36	2	36299830
CRIM1-DT	2	36355482
CRIM1	2	36355849
FEZ2	2	36587534
RACK1P2	2	36656941
VIT	2	36696805
RNU6-577P	2	36867495
STRN	2	36966536
HEATR5B	2	37084342
GPATCH11	2	37084526
ARL14EPP1	2	37148530
EIF2AK2	2	37156960
RPL31P16	2	37194737
SULT6B1	2	37196066
CEBPZOS	2	37196502
CEBPZ	2	37231592
NDUFAF7	2	37231676
PRKD3	2	37317894
PRKD3-DT	2	37324921
RNU6-939P	2	37331876
QPCT	2	37344717
RNU6-1116P	2	37435608
CDC42EP3-AS1	2	37489500
CDC42EP3	2	37680910
PIRAT1	2	37875851
RMDN2	2	37925538
RMDN2-AS1	2	38036293
CYP1B1	2	38076167
CYP1B1-AS1	2	38083054
RNU6-951P	2	38147415
RPL7P12	2	38231568
GAPDHP25	2	38285410
ATL2	2	38377261
LINC01883	2	38408771
RPLP0P6	2	38481851
LINC02613	2	38515658
HNRNPLL	2	38602857
GALM	2	38666117
GALM-AS1	2	38671421
SRSF7	2	38751358
TTC39DP	2	38763496
NPLP1	2	38769265
GEMIN6	2	38778208
ASS1P2	2	38811654
DHX57	2	38875798
MORN2	2	38876011
RNU6-851P	2	38884666
RN7SL96P	2	38937158
ARHGEF33	2	38957982
SOS1-IT1	2	38993846
SOS1	2	39058782
RNU6-198P	2	39082589
HSPE1P13	2	39098445
CDKL4	2	39243970
MAP4K3	2	39437140
MAP4K3-DT	2	39437426
TMEM178A	2	39665800
THUMPD2	2	39779240
SLC8A1-AS1	2	40065364
SLC8A1	2	40484338
LINC01794	2	40746480
HNRNPA1P57	2	41156598
LDHAP3	2	41819747
RPS12P4	2	41850601
RNU4-63P	2	41871271
LINC01913	2	41876769
LINC01914	2	41934002
LINC02898	2	41954034
PKDCC	2	42054642
EML4	2	42169358
EML4-AS1	2	42170301
COX7A2L	2	42361224
VDAC1P13	2	42463997
RPS13P3	2	42469817
KCNG3	2	42493979
MTA3	2	42568738
RNU6-137P	2	42712740
OXER1	2	42764135
HAAO	2	42792576
FTOP1	2	42798712
CHORDC1P1	2	42827617
LINC01819	2	43039344
RNU6-242P	2	43091494
LINC02580	2	43102701
LINC01126	2	43224390
ZFP36L2	2	43226603
RNU6-958P	2	43408307
RN7SL531P	2	43492032
THADA	2	43595971
PLEKHH2	2	43637323
C1GALT1C1L	2	43676429
RN7SKP66	2	43772350
DYNC2LI1	2	43774066
ABCG5	2	43838815
ABCG8	2	43838928
RNU6-1048P	2	43892690
RN7SL455P	2	43904412
LRPPRC	2	43977790
RNU6-566P	2	44154895
PDSS1P2	2	44166266
PPM1B-DT	2	44167450
PPM1B	2	44168879
RPL12P19	2	44270621
SLC3A1	2	44280309
PREPL	2	44361534
CAMKMT	2	44362105
LINC01833	2	44937722
SIX3	2	44941702
SIX3-AS1	2	44941831
KRTCAP2P1	2	44996413
SIX2	2	45009452
LINC01121	2	45204242
RN7SL414P	2	45569492
SRBD1	2	45589631
PRKCE-AS1	2	45675476
PRKCE	2	45687498
RPL26P15	2	46004309
PRKCE-AS2	2	46078828
RPL36AP14	2	46257177
EPAS1	2	46335690
LINC01820	2	46429086
LINC02583	2	46429176
RN7SL817P	2	46448511
TMEM247	2	46479565
ATP6V1E2	2	46542356
RHOQ	2	46543149
RHOQ-AS1	2	46580240
PIGF	2	46617040
CRIPT	2	46617204
SOCS5	2	46699469
LINC01118	2	46822401
MCFD2-AS1	2	46899236
MCFD2	2	46915806
TTC7A	2	46941530
STPG4	2	47130048
CALM2	2	47176470
EPCAM-DT	2	47310421
BCYRN1	2	47335315
RN7SKP119	2	47359777
EPCAM	2	47369311
MIR559	2	47377675
MSH2	2	47403141
MSH2-OT1	2	47527008
KCNK12	2	47570650
NME2P2	2	47705468
RBISP5	2	47732035
MSH6	2	47783178
RPL36AP15	2	47798091
RPS27AP7	2	47883455
FBXO11	2	47904291
PPIAP62	2	47940218
VN1R18P	2	47989625
RN7SKP224	2	48217575
FOXN2	2	48314672
RNU4-49P	2	48340826
PPP1R21-DT	2	48440634
PPP1R21	2	48440803
RNU6-282P	2	48502024
STON1	2	48530184
STON1-GTF2A1L	2	48580607
GTF2A1L	2	48617852
TPT1P11	2	48633353
LHCGR	2	48755671
ELOBP3	2	48780602
MIR548BAHG	2	48809340
CTBP2P5	2	48916530
MIR548BA	2	49059603
FSHR	2	49154481
RNU6-439P	2	49233899
RPL7P13	2	49878623
MTCO1P42	2	50589415
NRXN1	2	50620050
MIR8485	2	50696262
NRXN1-DT	2	51305265
KNOP1P3	2	51511058
CRYGGP	2	51775402
CCDC12P1	2	51927362
ZNF863P	2	52071355
LINC01867	2	52370602
GGCTP3	2	52474411
CRTC1P1	2	52570648
FTH1P6	2	52629743
MIR4431	2	52702615
RNU6-997P	2	53570480
CHAC2	2	53767814
ASB3	2	53786871
ERLEC1	2	53787048
MIR3682	2	53849205
GPR75	2	53859967
PSME4	2	53970787
RPL21P30	2	54030682
HMGB1P31	2	54051334
ACYP2	2	54115453
RNU7-172P	2	54167007
TSPYL6	2	54256229
CIMIP6	2	54330934
SPTBN1	2	54457875
RPL23AP32	2	54529343
SPTBN1-AS1	2	54540697
SPTBN1-AS2	2	54671418
EML6-AS1	2	54750461
RNU7-81P	2	54850289
EML6	2	54948882
RNU6-433P	2	55014521
RTN4	2	55050451
CDPF1P1	2	55224280
CLHC1	2	55232271
RPS27A	2	55232681
MTIF2	2	55269228
PRORSD1P	2	55306097
CCDC88A	2	55364019
BTF3P5	2	55435622
RNU6-775P	2	55451099
RNU6-221P	2	55456204
RNU6-634P	2	55499950
CFAP36	2	55519650
PPP4R3B-DT	2	55617382
PPP4R3B	2	55617619
PNPT1	2	55693838
EFEMP1	2	55923795
RN7SKP208	2	55952014
MIR217	2	55983076
MIR216A	2	55989059
MIR216B	2	56000795
MIR217HG	2	56035343
LINC01813	2	56090382
CCDC85A	2	56183868
RNA5SP93	2	56235330
PPIAP63	2	56750300
EIF2S2P7	2	57049336
ACTG1P22	2	57764954
VRK2	2	58046642
FANCL	2	58224000
EIF3FP3	2	58251440
LINC01795	2	58276092
LINC01122	2	58460977
RNU6-508P	2	59647621
RNA5SP94	2	59694762
RNU1-32P	2	60384605
MIR4432	2	60387445
MIR4432HG	2	60439801
BCL11A	2	60550410
RN7SL361P	2	60640705
IFITM3P9	2	60683244
RPL26P13	2	60711484
RNU6-612P	2	60719640
ATP1B3P1	2	60735715
PAPOLG	2	60756267
RN7SL632P	2	60831929
RPL21P33	2	60852260
REL-DT	2	60881368
REL	2	60881613
RNU4-51P	2	60911303
NONOP2	2	60938049
RPS12P3	2	60938604
RNA5SP95	2	60998752
PUS10	2	61017431
PEX13	2	61017720
SANBR	2	61065937
C2orf74	2	61145130
C2orf74-AS1	2	61162084
AHSA2P	2	61177539
USP34	2	61223458
BNIP3P45	2	61249780
SNORA70B	2	61417378
USP34-DT	2	61471311
XPO1	2	61537756
RPS29P10	2	61589663
RNU6-1145P	2	61605616
RPS24P7	2	61803143
FAM161A	2	61854062
RPL31P30	2	61856695
CCT4	2	61888641
COMMD1	2	61905674
RPSAP26	2	62146413
B3GNT2	2	62196506
MIR5192	2	62205826
RN7SL51P	2	62262671
RN7SL18P	2	62491178
TMEM17	2	62506385
RPL37P13	2	62507823
RPL21P37	2	62533059
PSAT1P2	2	62553434
RSL24D1P2	2	62561423
EHBP1	2	62705730
RPS20P9	2	62939916
EHBP1-AS1	2	63047783
OTX1	2	63050830
RPL27P5	2	63108429
DBIL5P2	2	63119263
MTFR2P1	2	63233577
WDPCP	2	63588371
MDH1	2	63588971
PRELID1P6	2	63622831
RPS4XP5	2	63644038
RPL27P6	2	63684305
CSP1	2	63717122
HNRNPA1P66	2	63752630
UGP2	2	63841538
VPS54	2	64019211
PELI1	2	64144042
LINC00309	2	64204989
MIR4433A	2	64340759
MIR4433B	2	64340848
RPL23AP37	2	64347741
LGALSL-DT	2	64454047
LGALSL	2	64454464
LINC01805	2	64486353
AFTPH-DT	2	64524295
AFTPH	2	64524402
MIR4434	2	64525513
RNU6-100P	2	64578892
LINC02579	2	64607292
SERTAD2-AS1	2	64644853
RPS10P9	2	64665607
SERTAD2	2	64708955
RN7SL341P	2	64817378
LINC01800	2	64839067
RN7SL211P	2	64907138
RPL11P1	2	64960634
SLC1A4	2	64989338
RNU6-548P	2	64994746
LINC02576	2	65030724
LINC02245	2	65031712
CEP68	2	65056414
RAB1A	2	65130117
VDAC2P5	2	65205108
ACTR2	2	65227829
SPRED2	2	65377750
DNAJB12P1	2	65502138
RPS15AP15	2	65512076
RN7SL635P	2	65545696
VTRNA2-2P	2	65555534
LINC03050	2	65640177
KRT18P33	2	65666695
LINC02934	2	65725489
MIR4778	2	66358328
LINC01873	2	66383306
MEIS1-AS3	2	66433452
MEIS1	2	66437393
MEIS1-AS2	2	66443028
LINC01798	2	66691416
LINC01797	2	66703192
DNMT3AP1	2	66822570
LINC01628	2	66922497
LINC01829	2	67215399
LINC01828	2	67261019
ETAA1	2	67397333
LINC02831	2	67564298
LINC01812	2	67825638
FBXL12P1	2	68024766
C1D	2	68062990
PPIAP64	2	68125265
DNAAF10	2	68157508
PNO1	2	68157905
PPP3R1-AS1	2	68251590
PPP3R1	2	68252532
CNRIP1	2	68319887
PLEK	2	68376612
WDR4P2	2	68449174
FBXO48	2	68467271
APLF	2	68467603
PROKR1	2	68643579
ARHGAP25	2	68735092
LINC01888	2	68832044
LINC01890	2	68837216
BMP10	2	68871385
GKN3P	2	68921248
GKN2	2	68952893
GKN1	2	68974604
ANTXR1	2	69013397
MIR3126	2	69103682
RNA5SP96	2	69182003
RNU6-1216P	2	69182877
GFPT1	2	69387235
NFU1	2	69437434
RN7SL604P	2	69516751
SNORA36C	2	69520174
RPL36AP16	2	69595058
B3GALNT1P1	2	69597353
AAK1	2	69643728
ANXA4	2	69742105
SMANTIS	2	69799009
GMCL1	2	69829676
RPL23AP92	2	69873819
SNRNP27	2	69893964
MXD1	2	69915093
ASPRV1	2	69961631
RN7SL470P	2	70075272
PCBP1-AS1	2	70086263
PCBP1	2	70087477
MRPL36P1	2	70102551
LINC01816	2	70129088
C2orf42	2	70190977
TIA1	2	70248580
MIR1285-2	2	70253005
RPL39P15	2	70254010
PCYOX1	2	70258127
SNRPG	2	70293579
FAM136A	2	70302029
BRD7P6	2	70353010
TGFA-IT1	2	70468495
TGFA	2	70553826
ADD2	2	70768197
FIGLA	2	70790643
HMGN2P21	2	70803157
MOB4P1	2	70811474
CLEC4F	2	70820573
CD207	2	70835816
LINC01143	2	70887866
VAX2	2	70900798
ATP6V1B1	2	70935901
ATP6V1B1-AS1	2	70948581
ELOCP21	2	70956234
RN7SL160P	2	70965584
ANKRD53	2	70978614
TEX261	2	70994753
OR7E91P	2	71029028
OR7E46P	2	71037685
OR7E62P	2	71055527
NAGK	2	71068649
MCEE	2	71130221
MPHOSPH10	2	71130631
PAIP2B	2	71227044
ZNF638	2	71331791
RNU6-105P	2	71379858
DYSF	2	71576262
RPS20P10	2	71984434
CYP26B1	2	72144415
RPS15AP13	2	72288785
RNU2-39P	2	72721806
EXOC6B	2	72826006
SPR	2	72887389
EMX1	2	72918181
SFXN5	2	73071309
RAB11FIP5	2	73112948
NOTO	2	73202574
SMYD5	2	73214264
PRADC1	2	73233233
CCT7	2	73234295
FBXO41	2	73277030
EGR4	2	73293701
RNU6-111P	2	73298683
RPSAP28	2	73370019
ALMS1	2	73451697
ALMS1-IT1	2	73456764
NAT8	2	73642886
ALMS1P1	2	73673841
NAT8B	2	73701305
TPRKB	2	73737345
DUSP11	2	73780103
C2orf78	2	73784183
STAMBP	2	73828990
ACTG2	2	73893005
DGUOK	2	73926877
RNA5SP97	2	73968206
DGUOK-AS1	2	73981639
TET3	2	74002666
FNBP1P1	2	74120680
BOLA3	2	74147914
BOLA3-DT	2	74148009
MOB1A	2	74178871
MTHFD2	2	74198616
KRT18P26	2	74308008
RNU6-542P	2	74319399
SLC4A5	2	74328200
NECAP1P2	2	74350069
TAF13P2	2	74351134
DCTN1	2	74380305
DCTN1-AS1	2	74385496
HMGA1P8	2	74418442
C2orf81	2	74420051
WDR54	2	74421744
RTKN	2	74441264
INO80B-WBP1	2	74455094
INO80B	2	74455108
WBP1	2	74458458
MOGS	2	74465372
MRPL53	2	74472680
CCDC142	2	74482984
TTC31	2	74483082
LBX2	2	74501293
LBX2-AS1	2	74502572
PCGF1	2	74507675
TLX2	2	74513587
DQX1	2	74526194
AUP1	2	74529695
HTRA2	2	74530001
LOXL3	2	74553942
DOK1	2	74554725
TOR1BP1	2	74620979
TVP23BP2	2	74628942
M1AP	2	74648173
SEMA4F	2	74654278
RPS28P5	2	74754819
HK2-DT	2	74833987
HK2	2	74834148
LINC01291	2	74913492
POLE4	2	74958706
MIR5000	2	75090812
TACR1-AS1	2	75154366
TACR1	2	75199057
GAPDHP57	2	75456578
EVA1A-AS	2	75524068
EVA1A	2	75560969
MRPL19	2	75646891
SUPT4H1P1	2	75651627
GCFC2	2	75710899
SUCLA2P2	2	76107324
PNPP1	2	76258897
USP21P2	2	76261661
RN7SKP203	2	76445410
RN7SKP164	2	76595678
RNA5SP98	2	76772909
LRRTM4-AS1	2	76985965
LRRTM4	2	77522372
RPL38P2	2	77792821
LINC01851	2	77915888
CYCSP6	2	78413094
RNU6-827P	2	78882447
RNU6-812P	2	78882628
REG3G	2	79025714
REG1B	2	79087993
REG1A	2	79120488
REG1CP	2	79138030
REG3A	2	79159748
CTNNA2-AS1	2	79513702
CTNNA2	2	79514622
GNA13P1	2	79575593
RNU6-561P	2	79636963
MIR4264	2	79649359
MIR8080	2	79866583
RBM7P1	2	80163135
LRRTM1	2	80304595
ANKRD11P1	2	81201184
CHMP4AP1	2	81419302
LINC01815	2	81467246
RNA5SP99	2	81496327
RN7SL201P	2	81967079
RNU6-685P	2	82268612
LYARP1	2	82269927
RBX1P1	2	82609652
MTND4P25	2	82814984
MTND5P27	2	82815809
MTND6P7	2	82818061
MTCYBP7	2	82818131
DHFRP3	2	82856826
LINC01809	2	83522814
RPL37P10	2	83594956
RNU6-1312P	2	83657735
CRLF3P3	2	84031140
ST6GALNAC2P1	2	84040720
FUNDC2P2	2	84290777
SUCLG1	2	84459269
DNAH6	2	84516537
DUXAP1	2	84750769
LDHAP7	2	84778223
RPL12P18	2	84874696
TRABD2A	2	84881126
TMSB10	2	84905608
RPS2P17	2	84915868
KCMF1	2	84970772
LINC01964	2	85061976
LSM3P3	2	85102694
TCF7L1	2	85133426
TCF7L1-IT1	2	85186409
RNU6-674P	2	85204926
SNRPEP11	2	85262267
TGOLN2	2	85327989
PEBP1P2	2	85341838
RETSAT	2	85354531
ELMOD3	2	85354771
RN7SL113P	2	85368282
CAPG	2	85413264
SH2D6	2	85429714
RN7SL251P	2	85442495
RPSAP22	2	85491780
PARTICL	2	85538817
MAT2A	2	85539604
GGCX	2	85561495
RN7SL126P	2	85567960
VAMP8	2	85577568
VAMP5	2	85584449
RNF181	2	85595746
TMEM150A	2	85602656
C2orf68	2	85612031
USP39	2	85616177
SFTPB	2	85668228
GPR160P1	2	85687047
GNLY	2	85694358
RNU1-38P	2	85728337
ATOH8	2	85753942
MIR6071	2	85783677
RN7SKP83	2	85820612
ST3GAL5	2	85888754
ST3GAL5-AS1	2	85889747
POLR1A	2	86105873
PTCD3	2	86114905
SNORD94	2	86135870
MIR4779	2	86193108
IMMT	2	86195462
MRPL35	2	86199457
REEP1	2	86337549
KDM3A	2	86441743
RNU6-640P	2	86515308
CHMP3	2	86563403
CHMP3-AS1	2	86583784
RNF103	2	86623816
RNF103-CHMP3	2	86672075
RMND5A	2	86734266
CD8A	2	86791108
CD8B	2	86861915
ANAPC1P1	2	86871301
RGPD1	2	86927965
WBP1P1	2	86930754
NDUFB4P5	2	86934822
PLGLB1	2	87021818
ANAPC1P2	2	87052992
ANAPC1P3	2	87120980
MIR4771-1	2	87194786
CENPNP1	2	87222488
LINC01955	2	87253833
DBF4P3	2	87301658
IGKV3OR2-268	2	87338511
NCAL1	2	87455482
CYTOR	2	87455669
LINC01943	2	87458963
PAFAH1B1P1	2	87566764
MIR4435-1	2	87629755
RPS14P5	2	87654890
ANAPC1P4	2	87700984
PLGLB2	2	87748097
MTATP8P2	2	87824942
RGPD2	2	87825796
NDUFB4P7	2	87968609
WBP1P2	2	87972656
ANAPC1P5	2	87992858
RNU2-63P	2	88016547
KRCC1	2	88055769
SMYD1	2	88067827
MIR4780	2	88082599
FABP1	2	88128060
THNSL2	2	88170398
MRPL45P1	2	88365608
RNU6-1168P	2	88383597
RNU6-1007P	2	88415004
RPL38P6	2	88428078
FOXI3	2	88452693
EIF2AK3-AS1	2	88503990
SPMIP9	2	88524649
EIF2AK3	2	88595229
EIF2AK3-DT	2	88627862
RPIA	2	88691658
ANKRD36BP2	2	88782712
MIR4436A	2	88812370
MALLP2	2	88818429
IGKC	2	88857683
IGKJ5	2	88860605
IGKJ4	2	88860922
IGKJ3	2	88861258
IGKJ2	2	88861563
IGKJ1	2	88861923
IGKV4-1	2	88885397
IGKV5-2	2	88897232
IGKV7-3	2	88915378
PGBD4P5	2	88922753
IGKV2-4	2	88932380
IGKV1-5	2	88947957
IGKV1-6	2	88966767
IGKV3-7	2	88979081
IGKV1-8	2	88992931
IGKV1-9	2	89010515
IGKV2-10	2	89020686
IGKV3-11	2	89027731
IGKV1-12	2	89040745
IGKV1-13	2	89046466
IGKV2-14	2	89078784
IGKV3-15	2	89085787
IGKV1-16	2	89100361
IGKV1-17	2	89117844
IGKV2-18	2	89129483
IGKV2-19	2	89135257
IGKV3-20	2	89143160
IGKV6-21	2	89160366
IGKV1-22	2	89171212
IGKV2-23	2	89172553
IGKV2-24	2	89177160
IGKV3-25	2	89192752
IGKV2-26	2	89196829
IGKV1-27	2	89213928
IGKV2-28	2	89222461
IGKV2-29	2	89234912
IGKV2-30	2	89245596
IGKV3-31	2	89252736
IGKV1-32	2	89254015
IGKV1-33	2	89268506
IGKV3-34	2	89275787
IGKV1-35	2	89286973
IGKV2-36	2	89295455
IGKV1-37	2	89297785
IGKV2-38	2	89310144
IGKV1-39	2	89320146
IGKV2-40	2	89330429
KMT2CP4	2	89640635
IGKV2D-40	2	89851758
IGKV1D-39	2	89862482
IGKV2D-38	2	89872463
IGKV1D-37	2	89884740
IGKV2D-36	2	89887022
IGKV1D-35	2	89895502
IGKV3D-34	2	89906757
IGKV1D-33	2	89913982
IGKV1D-32	2	89928422
IGKV3D-31	2	89929701
IGKV2D-30	2	89936859
IGKV2D-29	2	89947512
IGKV2D-28	2	89959979
IGKV1D-27	2	89968867
IGKV2D-26	2	89985922
IGKV3D-25	2	89989987
IGKV2D-24	2	90004797
IGKV2D-23	2	90009402
IGKV1D-22	2	90010741
IGKV6D-21	2	90021567
IGKV3D-20	2	90038848
IGKV2D-19	2	90046796
IGKV2D-18	2	90052581
IGKV6D-41	2	90069662
IGKV1D-17	2	90082635
IGKV1D-16	2	90100236
IGKV3D-15	2	90114838
IGKV2D-14	2	90121786
IGKV1D-13	2	90154073
IGKV1D-12	2	90159840
IGKV3D-11	2	90172802
IGKV2D-10	2	90179889
IGKV1D-42	2	90190193
IGKV1D-43	2	90209873
IGKV1D-8	2	90220727
IGKV3D-7	2	90234812
IGKV1OR2-118	2	90315836
LSP1P4	2	91659961
RNA5SP100	2	91674857
DRD5P1	2	91685884
KMT2CP5	2	91714745
NKAIN1P2	2	91723023
IGSF3P2	2	91736726
KMT5AP2	2	91748986
GGT8P	2	91775944
IGKV1OR2-1	2	91817771
ABCD1P5	2	91840601
PABPC1P6	2	91877969
SLC9B1P2	2	91931714
ACTR3BP2	2	91940668
CHEK2P3	2	91957436
IGKV1OR2-2	2	92035000
BMS1P23	2	94203287
AQP7B	2	94587483
CNN2P11	2	94725935
GXYLT1P7	2	94735844
CNN2P8	2	94737337
CYP4F32P	2	94760279
FAM95A	2	94760816
SNX18P14	2	94787261
RNU6-1320P	2	94846639
ANKRD20A8P	2	94857282
SOWAHCP5	2	94861362
TEKT4	2	94871433
MTCO1P48	2	94900661
MTCO3P45	2	94900990
RPS24P6	2	94912432
RN7SL575P	2	95003843
MAL	2	95025709
MAL-AS1	2	95026454
MRPS5	2	95121799
ZNF514	2	95159569
ZNF2	2	95165789
SLC2AXP1	2	95197357
ZNF892	2	95207711
PROM2	2	95274494
KCNIP3	2	95297373
FABP7P2	2	95368885
FAHD2A	2	95402729
UBTFL5	2	95451500
TRIM43B	2	95484754
TRIM64FP	2	95514827
ANKRD33BP1	2	95525345
LINC03052	2	95527148
OR7E102P	2	95546531
TRIM51JP	2	95574901
TRIM43	2	95592001
UBTFL3	2	95625213
GPAT2P1	2	95792220
LINC00342	2	95815803
ANKRD36C	2	95945121
RN7SL210P	2	96004850
FAHD2CP	2	96013730
GPAT2	2	96034925
ADRA2B	2	96116571
ASTL	2	96138502
DUSP2	2	96145425
STARD7-AS1	2	96208568
STARD7	2	96208758
TMEM127	2	96266001
CIAO1	2	96266240
SNRNP200	2	96289855
ITPRIPL1	2	96325339
NCAPH	2	96335787
NEURL3	2	96506733
ARID5A	2	96536750
KANSL3	2	96638059
FER1L5	2	96642800
LMAN2L	2	96740063
CNNM4	2	96760902
MIR3127	2	96798278
CNNM3-DT	2	96816058
CNNM3	2	96816266
ANKRD23	2	96844018
ANKRD39	2	96858014
SEMA4C	2	96869462
FAM178B	2	96924121
RNA5SP101	2	96956815
TRIM43CP	2	97031636
IGKV2OR2-1	2	97046588
IGKV2OR2-2	2	97050729
IGKV1OR2-3	2	97060128
GPAT2P2	2	97081098
FAHD2B	2	97094865
RN7SL313P	2	97100587
ANKRD36	2	97113524
IGKV1OR2-9	2	97322423
IGKV2OR2-10	2	97331843
IGKV2OR2-7D	2	97335974
IGKV3OR2-5	2	97348899
IGKV1OR2-6	2	97355059
IGKV2OR2-7	2	97372532
IGKV2OR2-8	2	97376674
IGKV1OR2-11	2	97386082
APPAT	2	97425278
ANKRD36B	2	97550712
UBTFL6	2	97637803
COX5B	2	97646078
ACTR1B	2	97664006
RNU4-8P	2	97664731
C2orf92	2	97669799
ZAP70	2	97724461
HMGN1P36	2	97827248
RNU7-96P	2	97913117
TMEM131	2	97951395
VWA3B	2	98128153
ATP5F1BP1	2	98206151
CNGA3	2	98346395
INPP4A	2	98444889
COA5	2	98608507
UNC50	2	98608621
YWHAQP5	2	98694109
MGAT4A	2	98730978
LINC02611	2	98772861
RNU4-84P	2	98782410
RNU7-46P	2	98840736
CRACDL	2	98936191
SMC3P1	2	99102018
TSGA10	2	99141547
C2orf15	2	99141574
LIPT1	2	99155054
MITD1	2	99180962
MRPL30	2	99181207
LYG2	2	99255210
LYG1	2	99301185
TXNDC9	2	99336317
EIF5B	2	99337391
REV1	2	99489973
AFF3	2	100105383
LINC01104	2	100208364
LONRF2	2	100316003
CYCSP7	2	100370545
CHST10	2	100417396
RALBP1P2	2	100425348
NMS	2	100470482
ARPP19P2	2	100509277
PDCL3	2	100562995
HMGN2P22	2	100591324
LINC01849	2	100603741
NANOGNBP1	2	100660199
LINC01868	2	100676812
NPAS2	2	100925146
NPAS2-AS1	2	100977362
RPL31	2	101002301
BBIP1P1	2	101068378
TBC1D8	2	101151402
TBC1D8-AS1	2	101151660
CNOT11	2	101252888
SNORD89	2	101273049
RNF149	2	101308695
MIR5696	2	101309450
CREG2	2	101387466
RFX8	2	101474702
LINC01870	2	101474779
RPS6P3	2	101510222
PRCPP1	2	101521976
MAP4K4	2	101697845
LINC01127	2	101983466
IL1R2	2	101999410
IL1R1	2	102141840
IL1R1-AS1	2	102182253
IL1RL2	2	102187010
CFAP144P2	2	102250255
IL1RL1	2	102337148
IL18R1	2	102355834
SDR42E1P5	2	102411243
IL18RAP	2	102419565
MIR4772	2	102432289
SLC9A4	2	102488334
SLC9A2	2	102619573
MFSD9	2	102736864
TMEM182	2	102749454
LINC01796	2	102895754
LINC01935	2	102984429
CRLF3P1	2	103494241
CAPZBP1	2	103623630
LINC01965	2	103975201
AHCYP3	2	104396280
LINC01831	2	104415961
LINC01102	2	104434383
LINC01103	2	104510509
RPL23AP27	2	104678223
HMGB3P11	2	104771282
PANTR1	2	104851459
POU3F3	2	104853701
LINC01159	2	104872618
MRPS9-AS2	2	105037922
MRPS9	2	105038069
MRPS9-AS1	2	105103007
LINC01918	2	105144118
GPR45	2	105241743
TGFBRAP1-AS1	2	105324210
TGFBRAP1	2	105329698
C2orf49-DT	2	105337493
C2orf49	2	105337539
FHL2	2	105399050
LINC02946	2	105601080
NCK2	2	105745026
NCK2-AS1	2	105855755
ECRG4	2	106064491
UXS1	2	106194262
RPL22P10	2	106247369
SRSF3P4	2	106253717
RPS21P2	2	106289053
RPL27AP4	2	106304755
ILRUNP1	2	106344566
ANAPC1P6	2	106369724
PLGLA	2	106382171
RGPD3	2	106468369
CD8B2	2	106487364
EEF1A1P12	2	106698676
ST6GAL2-IT1	2	106825031
ST6GAL2	2	106886627
PPP1R2P5	2	106941482
LINC01789	2	107365708
LINC01886	2	107529481
LINC01885	2	107542583
GACAT1	2	107754128
RGPD4-AS1	2	107826829
RGPD4	2	107826892
RPL22P8	2	107914948
SRSF3P5	2	107921248
SLC5A7	2	107986524
LINC01593	2	108052755
ACTP1	2	108099110
LINC01594	2	108217474
SETD6P1	2	108226331
SULT1C3	2	108239969
WASF1P1	2	108276812
SULT1C2	2	108289007
SULT1C2P2	2	108317725
SULT1C5P	2	108322295
GMCL1P2	2	108367116
SULT1C4	2	108377954
SMIM12P1	2	108423612
GCC2	2	108449246
GCC2-AS1	2	108534198
LIMS1	2	108621258
LIMS1-AS1	2	108678601
RPL10P5	2	108712900
RANBP2	2	108733290
CCDC138	2	108786766
RPL39P16	2	108878308
EDAR	2	108989244
SH3RF3-AS1	2	109128921
SH3RF3	2	109129205
MIR4265	2	109141588
SNRPGP9	2	109251422
MIR4266	2	109313625
RPL37P12	2	109552536
SEPTIN10	2	109613930
SOWAHC	2	109614364
BMS1P19	2	109667128
SRSF3P6	2	109732731
RPL22P11	2	109737523
RGPD5	2	109803312
LIMS3	2	109898658
GPAA1P1	2	109984058
LINC01123	2	109987020
ZBTB45P1	2	109988394
MIR4267	2	110070042
MIR4436B1	2	110086523
MALL	2	110115839
ACTR1AP1	2	110184054
NPHP1	2	110204989
MTLN	2	110212823
MALLP1	2	110279606
MIR4436B2	2	110284853
ZBTB45P2	2	110383112
LINC01106	2	110384490
GPAA1P2	2	110387441
LIMS4	2	110472897
RGPD6	2	110577095
RPL22P12	2	110633947
BUB1	2	110678033
ACOXL	2	110732616
RPL5P9	2	110967834
ACOXL-AS1	2	111115588
BCL2L11	2	111121745
RPS14P4	2	111296046
MIR4435-2	2	111321086
PAFAH1B1P2	2	111383752
SOCAR	2	111491485
MIR4435-2HG	2	111494988
DBF4P2	2	111559937
RPL34P8	2	111675026
CENPNP2	2	111742586
MIR4771-2	2	111771134
ANAPC1	2	111884132
EEF1E1P1	2	111887914
MERTK	2	111898648
RN7SL297P	2	111930175
RTRAFP1	2	111941036
SLC30A6P1	2	111952671
TMEM87B	2	112055575
FBLN7	2	112138504
ZC3H8	2	112255075
NDUFB4P6	2	112286422
ZC3H6	2	112287737
RGPD8	2	112433519
VINAC1P	2	112440601
TTL	2	112482187
POLR1B	2	112542450
CHCHD5	2	112584595
SLC20A1-DT	2	112645694
SLC20A1	2	112647447
NT5DC4	2	112721818
CKAP2L	2	112764609
IL1A	2	112784462
IL1B	2	112836702
AMANZI	2	112840328
XIAPP3	2	112853328
IL37	2	112912202
CDK8P2	2	112932625
IL36G	2	112978006
HMGN2P23	2	112981434
POLR2DP1	2	112995517
IL36A	2	113005459
IL36B	2	113052867
IL36RN	2	113059292
IL1F10	2	113072318
RNU6-1180P	2	113086805
IL1RN	2	113117981
PSD4	2	113179521
PAX8-AS1	2	113235538
PAX8	2	113278417
LINC02966	2	113325064
IGKV1OR2-108	2	113406396
ZNG1B	2	113437815
FOXD4L1	2	113498665
LINC01961	2	113512228
PGM5P4	2	113541937
PGM5P4-AS1	2	113542694
FAM138B	2	113551800
MIR1302-3	2	113583096
WASH2P	2	113588550
DDX11L2	2	113601261
RPL23AP7	2	113612247
RABL2A	2	113627282
SNRPA1P1	2	113657908
ACRP1	2	113668621
RNU6-744P	2	113681111
LINC02936	2	113704174
MIR4782	2	113721368
SLC35F5	2	113756587
ACTR3-AS1	2	113889739
ACTR3	2	113890073
LINC01191	2	113979836
SEPHS1P7	2	114261226
RNU2-41P	2	114420125
DPP10-AS3	2	114833548
DPP10-AS2	2	114835588
DPP10-AS1	2	115161191
DPP10	2	115161602
RPSAP23	2	115468056
MTCYBP39	2	116751158
MTND1P28	2	117023918
MTND2P21	2	117025077
MTCO1P43	2	117026537
RNU7-190P	2	117139775
DDX18	2	117814709
HTR5BP	2	117859427
CCDC93	2	118014047
RN7SL111P	2	118016385
INSIG2	2	118088550
THORLNC	2	118186597
LINC01956	2	118835302
EN1	2	118846000
MARCO	2	118942207
C1QL2	2	119158561
RN7SL468P	2	119169822
STEAP3	2	119222716
STEAP3-AS1	2	119259892
C2orf76	2	119366800
DBI	2	119366983
TMEM37	2	119431841
SCTR-AS1	2	119476465
SCTR	2	119524458
CFAP221	2	119546163
TMEM177	2	119679196
RPL17P15	2	119698623
PTPN4	2	119760193
RPL27P7	2	119993611
EPB41L5	2	120014017
MTATP6P26	2	120211054
MTCO3P43	2	120211727
MTND3P10	2	120212935
MTND4LP14	2	120213344
MTND4P26	2	120213631
MTND5P28	2	120215181
TMEM185B	2	120223400
RALB	2	120252920
INHBB	2	120346136
LINC01101	2	120466373
GLI2	2	120764193
TFCP2L1	2	121259738
RPS17P7	2	121309995
CLASP1-AS1	2	121530548
RNU4ATAC	2	121530880
CLASP1	2	121649451
NIFK-AS1	2	121649983
RPL12P15	2	121658973
NPM1P32	2	121709115
NIFK	2	121736873
TSN	2	121755659
LINC01823	2	121790447
LINC01826	2	123073481
ELOAP1	2	123695302
PSMD14P1	2	123762171
RN7SKP102	2	123869570
CNTNAP5-DT	2	124025169
CNTNAP5	2	124123496
MTND5P22	2	124680916
RNA5SP102	2	124932915
RNU6-259P	2	124989219
LINC01941	2	126118004
SLC6A14P3	2	126311927
YWHAZP2	2	126558162
GYPC	2	126656150
RNU6-675P	2	126702942
TEX51	2	126898908
RNU7-182P	2	127017421
BIN1	2	127107154
NIFKP9	2	127170011
CYP27C1	2	127220306
WBP11P2	2	127247258
ERCC3	2	127294096
RNU6-1147P	2	127316873
MAP3K2	2	127387342
MAP3K2-DT	2	127388187
PROC	2	127418629
MIR4783	2	127423618
RNU4-48P	2	127472234
IWS1	2	127526475
MYO7B	2	127619998
MYO7B-AS1	2	127626848
GPR17	2	127646153
LIMS2	2	127669427
SFT2D3	2	127701497
RNY4P7	2	127798998
WDR33	2	127811170
ZFP91P1	2	127841763
RNU6-395P	2	127845236
RPS26P19	2	127847084
POLR2D	2	127858119
AMMECR1L	2	127885914
SAP130	2	128027885
UGGT1	2	128091212
SRMP3	2	128140516
DYNLT3P2	2	128199901
RPL14P6	2	128203361
RPL21P34	2	128217588
HS6ST1	2	128318434
RNA5SP103	2	128445198
ISCA1P6	2	128519177
LINC01854	2	129273848
PPIAP65	2	129496297
LINC02572	2	129877543
LINC01856	2	129927919
PLAC9P1	2	129934242
RPL22P7	2	129940217
RAB6C-AS1	2	129968380
RAB6C	2	129979666
SSBP3P6	2	129992889
ARHGAP42P2	2	130006200
KLF2P1	2	130036958
FAR2P1	2	130040560
CYP4F27P	2	130049440
POTEF-AS1	2	130107684
RNU6-1049P	2	130109310
POTEF	2	130125044
MED15P9	2	130129673
CCDC74B	2	130145068
SMPD4	2	130181581
MZT2B	2	130182267
TUBA3E	2	130198439
RHOQP3	2	130213490
NOC2LP1	2	130229379
MED15P5	2	130251568
MTND1P29	2	130270440
MTND2P22	2	130272479
MTCO1P7	2	130273908
MTCO2P7	2	130275592
MTATP6P7	2	130276507
MTCO3P7	2	130277184
MTND3P15	2	130278036
MTND4P27	2	130278757
MTND5P29	2	130280299
MTND6P8	2	130282606
MTCYBP8	2	130282679
RPL19P4	2	130293822
TEKT4P3	2	130314411
VMA22	2	130342178
IMP4	2	130342910
PTPN18	2	130358921
KLF2P2	2	130427731
FAR2P2	2	130431363
CYP4F62P	2	130440296
RNU6-473P	2	130497849
POTEI	2	130509328
CFC1B	2	130521209
PRSS40B	2	130549085
PRSS40A	2	130570861
CFC1	2	130599575
POTEJ	2	130611440
RNU6-848P	2	130622838
CYP4F30P	2	130680110
FAR2P3	2	130690133
KLF2P3	2	130693770
GPR148	2	130729070
AMER3	2	130755651
CYCSP8	2	130776646
ARHGEF4-AS1	2	130836864
ARHGEF4	2	130917431
SMIM39	2	131035046
FAM168B	2	131093436
PLEKHB2	2	131105326
NEK2P4	2	131178946
NF1P8	2	131198007
MED15P8	2	131202941
POTEE	2	131218067
RNU6-127P	2	131229607
FAR2P4	2	131296843
KLF2P4	2	131300444
ARHGAP42P1	2	131330857
SSBP3P2	2	131353239
RAB6D	2	131364168
MTCYBP10	2	131369711
MTND6P10	2	131369785
MTND5P23	2	131372075
MTND4P21	2	131373650
MTND3P18	2	131380083
MTCO3P18	2	131380913
MTATP6P4	2	131381590
MTCO2P18	2	131382497
MTCO1P18	2	131384061
MTND2P18	2	131385490
MTND1P26	2	131386314
MED15P3	2	131395542
LINC01120	2	131402890
GNAQP1	2	131424867
NOC2LP2	2	131444587
RHOQP2	2	131460999
TUBA3D	2	131477418
MIR4784	2	131491236
MZT2A	2	131492386
SMPD4BP	2	131493062
CCDC74A	2	131527893
MED15P4	2	131536988
POTEKP	2	131591752
RNU6-617P	2	131602790
LINC01087	2	131637025
GRAMD4P8	2	131648372
LINC03124	2	131682517
NBEAP2	2	131722417
TOMM40P4	2	131724279
CDRT15P4	2	131766187
CDRT15P3	2	131801661
LINC01945	2	132038005
BNIP3P46	2	132080755
RNU6-1132P	2	132152349
ANKRD30BL	2	132161852
RNA5-8SP5	2	132253305
MIR663B	2	132257080
CDC27P1	2	132262328
ZNF285CP	2	132309309
FAM201B	2	132352722
RNU6-175P	2	132406858
YBX1P7	2	132489088
GPR39	2	132510623
RN7SKP103	2	132523617
LYPD1	2	132670230
NCKAP5-AS1	2	132915557
NCKAP5-AS2	2	133266242
RNU6-579P	2	133333829
RN7SKP154	2	133391398
NCKAP5-IT1	2	133433897
NCKAP5	2	133517513
RN7SKP93	2	133596091
MGAT5	2	134120082
MIR3679	2	134127125
RNA5SP104	2	134231195
EDDM3CP	2	134320078
TMEM163	2	134594518
VDAC2P4	2	134797169
ACMSD	2	134838544
MIR5590	2	134857820
CCNT2-AS1	2	134918638
CCNT2	2	134918837
MAP3K19	2	135024163
RAB3GAP1	2	135052307
SNORA40B	2	135136628
G3BP1P1	2	135511943
ZRANB3	2	135530612
R3HDM1	2	135531506
RNU6-512P	2	135656579
MIR128-1	2	135665397
UBXN4	2	135741826
LCT-AS1	2	135820240
LCT	2	135825071
MCM6	2	135876439
MANEALP1	2	135898978
DARS1-AS1	2	135985450
DARS1	2	135985589
CXCR4	2	136117809
HNRNPKP2	2	136200503
UBBP1	2	136329913
RN7SKP141	2	136390332
SMC4P1	2	136544712
THSD7B	2	137155960
RNA5SP105	2	137512210
HNMT	2	137964479
LINC01832	2	138101878
RPL15P5	2	138278574
YWHAEP5	2	138288793
IDI1P1	2	138307319
RNF14P1	2	138413318
SPOPL-DT	2	138501666
SPOPL	2	138501870
LINC02631	2	138601619
NXPH2	2	138780390
RN7SKP286	2	138863895
YY1P2	2	138897151
AHCYP4	2	138902747
MRPS18BP2	2	139668547
RPL9P13	2	139733282
RN7SL283P	2	139982684
LINC01853	2	140117718
MTCO1P44	2	140217239
MTND2P19	2	140220368
MTND1P27	2	140221485
MIR7157	2	140586685
COPRSP1	2	140683888
LRRC57P1	2	140898423
RNU6-904P	2	141167357
RPS16P3	2	141208376
LRP1B	2	141810401
UBE2V1P14	2	142543418
RRN3P4	2	142854095
KYNU	2	142877664
SFXN4P1	2	142948086
MTCYBP11	2	143094164
MTND6P11	2	143094233
MTND5P24	2	143096555
MTND4P22	2	143098007
MTND4LP12	2	143098417
MTND3P9	2	143098829
MTCO3P5	2	143099933
MTATP6P5	2	143100612
MTCO2P5	2	143101355
ARHGAP15	2	143210741
ARHGAP15-AS1	2	143776119
GTDC1-AS1	2	143937073
GTDC1	2	144332464
ZEB2	2	144517861
ZEB2-AS1	2	144518808
LINC01412	2	144523893
LINC02993	2	144524725
SGCEP1	2	144755998
TEX41	2	144831538
LINC01966	2	144882033
RPL6P5	2	145337230
METAP2P1	2	145827830
RNU7-2P	2	146145156
RPL17P12	2	146194296
OTX2P2	2	146477427
PABPC1P2	2	146587506
LINC01911	2	146837767
RNU6-692P	2	147408342
RNU6-715P	2	147495540
RNA5SP106	2	147713554
ACVR2A	2	147844806
RNU6-1275P	2	147877422
ORC4	2	148020747
MBD5	2	148068562
USP12P2	2	148296679
RPS29P8	2	148595158
EPC2	2	148644999
RNU2-9P	2	148825835
UBBP3	2	148863804
RPS20P13	2	148870381
USP8P2	2	148872797
KIF5C-AS1	2	148888612
KIF5C	2	148981105
LYPD6B	2	149038715
TXNP5	2	149068910
FAM8A3P	2	149320593
LYPD6	2	149330625
RPL17P13	2	149439897
MMADHC-DT	2	149587703
MMADHC	2	149587731
RNU6-601P	2	149610774
LINC01931	2	149857711
LINC01818	2	150169519
LINC01817	2	150256953
RND3	2	150487383
LINC01920	2	150572221
LINC02612	2	150628893
FABP5P10	2	151186188
RBM43	2	151261820
NMI	2	151289686
TNFAIP6	2	151361867
MIR4773-1	2	151368334
MIR4773-2	2	151368411
RN7SL124P	2	151372003
RIF1	2	151409941
NEB	2	151533023
ARL5A	2	151828441
CACNB4	2	151973943
RPL30P2	2	152131555
STAM2	2	152175743
FMNL2	2	152335312
NUDCP1	2	152389937
PRPF40A	2	152717461
ARL6IP6	2	152718461
UBQLN4P2	2	152876820
ATP5PBP4	2	153158938
LINC01850	2	153332570
RPL23AP29	2	153370612
TUBAP13	2	153421957
RPRM	2	153478762
DNAJA1P2	2	153762646
GALNT13	2	153871941
PHB1P4	2	154286589
GALNT13-AS1	2	154457583
RNA5SP107	2	154590407
KCNJ3	2	154698638
CBX3P6	2	154941067
RNU6-1001P	2	155089538
MTCO1P45	2	155263724
MTND2P20	2	155264823
ATP5F1AP2	2	155269633
MTND4P28	2	155311023
MTND5P30	2	155311697
MTND6P9	2	155313958
MTCYBP9	2	155314066
RNU6-546P	2	155330421
HEBP2P1	2	156034080
LINC01876	2	156254939
NR4A2	2	156332698
GPD2	2	156436427
LINC01958	2	156655224
RPLP0P7	2	156778372
CDK7P1	2	157211539
GALNT5	2	157257830
RN7SKP281	2	157299158
ERMN	2	157327278
FAM133DP	2	157380414
CYTIP	2	157444098
ACVR1C	2	157628824
ACVR1	2	157875825
RNU6-436P	2	157912772
MTA3P1	2	157962888
RNU6-932P	2	157985894
UPP2	2	158062833
PTP4A1P1	2	158065545
CCDC148-AS1	2	158166650
HNRNPDLP2	2	158419955
RN7SL393P	2	158447461
CCDC148	2	158456717
PKP4	2	158457461
RPL7AP22	2	158548425
PKP4-AS1	2	158734910
DAPL1	2	158799807
OR7E89P	2	158853755
OR7E28P	2	158862311
OR7E90P	2	158874642
RNU2-21P	2	158935985
TANC1	2	158968650
BTF3L4P2	2	159003975
RNU6-580P	2	159027142
GSTM3P2	2	159056859
MIR6888	2	159186835
WDSUB1	2	159286678
CAPZA1P2	2	159463256
BAZ2B	2	159555864
BAZ2B-AS1	2	159615296
RPS3AP13	2	159690291
MARCHF7	2	159712503
CD302	2	159798235
LY75-CD302	2	159904710
LY75	2	159904742
PLA2R1	2	160062607
ITGB6	2	160200272
LINC02478	2	160271281
MIR4785	2	160407882
RBMS1	2	160493440
RN7SL423P	2	160877547
TANK-AS1	2	161160224
TANK	2	161160436
LINC01806	2	161244743
PSMD14-DT	2	161266087
PSMD14	2	161308449
MXRA7P1	2	161341326
RNA5SP108	2	161409554
TBR1	2	161417837
AHCTF1P1	2	161507705
MTNAP1P1	2	161570185
KRT18P46	2	161580072
SLC4A10	2	161624408
RPEP5	2	161931466
DPP4-DT	2	162073411
DPP4	2	162073985
TIMM8AP1	2	162077651
EIF3EP2	2	162088259
GCG	2	162152237
FAP	2	162243252
IFIH1	2	162314763
GCA	2	162344132
RNA5SP109	2	162496936
KCNH7-AS1	2	162768983
KCNH7	2	162838730
RPL7P61	2	163153307
RNU6-627P	2	163288995
FIGN	2	163735996
PRPS1P1	2	164213539
CYP2C56P	2	164321933
GRB14	2	164621450
SNORA70F	2	164687777
COBLL1	2	164841822
RNA5SP110	2	164858432
RNA5SP111	2	164895777
SLC38A11	2	164946393
SCN3A	2	165186747
SCN2A	2	165239969
MAPRE1P3	2	165285253
CSRNP3	2	165533549
GALNT3	2	165794247
TTC21B-AS1	2	165933872
TTC21B	2	165953745
SCN1A-AS1	2	166126364
SCN1A	2	166128000
RN7SKP152	2	166180966
SCN9A	2	166311806
SCN7A	2	166494240
XIRP2	2	167135901
XIRP2-AS1	2	167140955
B3GALT1	2	167521249
RNU7-148P	2	167631541
CTAGE14P	2	167716065
B3GALT1-AS1	2	167892917
PHF5AP5	2	168232220
STK39	2	168247559
RN7SL813P	2	168451324
CERS6	2	168456272
MIR4774	2	168582943
RNU6-766P	2	168606496
CERS6-AS1	2	168786427
NOSTRIN	2	168802623
SPC25	2	168890450
G6PC2	2	168901309
ABCB11	2	168970380
DHRS9	2	169069569
UBE2V1P6	2	169115195
LRP2	2	169185323
BBS5	2	169479499
KLHL41	2	169509731
FASTKD1	2	169573816
PPIG	2	169584409
CFAP210	2	169694350
PHOSPHO2	2	169694485
KLHL23	2	169733832
PTCHD3P2	2	169768799
CYB5AP2	2	169790093
SSB	2	169798966
METTL5	2	169824874
UBR3	2	169948445
NSA2P5	2	170078294
RNU6-1006P	2	170120098
MYO3B	2	170189678
MYO3B-AS1	2	170350820
HMGB1P4	2	170602228
LINC01124	2	170714567
SP5	2	170715689
EIF2S2P4	2	170751805
ERICH2-DT	2	170770796
ERICH2	2	170770957
GAD1	2	170817769
GORASP2	2	170929267
TLK1	2	171160564
RPS26P20	2	171375278
METTL8	2	171434035
DCAF17	2	171434328
DAP3P2	2	171491422
RPS15P4	2	171517716
CYBRD1	2	171522475
RPL21P38	2	171587093
DYNC1I2	2	171687749
RNU6-182P	2	171856670
SLC25A12	2	171894238
HAT1	2	171922454
METAP1D	2	171999957
DLX1	2	172085536
DLX2	2	172102900
DLX2-DT	2	172120186
ITGA6	2	172427629
ITGA6-AS1	2	172554365
PDK1	2	172556051
RAPGEF4-AS1	2	172736183
RAPGEF4	2	172744138
ALDH7A1P2	2	172894383
MAP3K20	2	173075846
MAP3K20-AS1	2	173271620
RPS2P18	2	173297629
CDCA7	2	173354873
JPT1P1	2	173431812
CBY1P1	2	173478400
PPIAP66	2	173486362
RPL5P7	2	173872465
SP3	2	173964069
LINC01960	2	174025280
RPSAP24	2	174043008
RN7SL65P	2	174240457
OLA1	2	174248425
LRRC2P1	2	174300956
HNRNPA1P39	2	174310974
LINC01305	2	174327160
SP9	2	174334954
CIR1	2	174395696
SCRN3	2	174395752
GPR155	2	174487074
GPR155-DT	2	174487380
RPA3P1	2	174501952
RNU6-5P	2	174558072
WIPF1-AS1	2	174575227
WIPF1	2	174634579
H3P6	2	174719908
CHRNA1	2	174764466
CHN1	2	174915451
RNU6-763P	2	175022214
RNU6-1290P	2	175029769
RPL21P31	2	175034192
MIR933	2	175167709
ATF2	2	175168173
ATP5MC3	2	175181710
RPS15AP14	2	175184215
EXTL2P1	2	175842887
LNPK	2	176002270
EVX2	2	176083962
HOXD13	2	176092721
HOXD12	2	176099798
HOXD11	2	176105748
HOXD10	2	176108877
HOXD9	2	176122719
HOXD8	2	176129863
HOXD-AS2	2	176136767
MIR10B	2	176150303
HOXD4	2	176151550
HOXD3	2	176157470
HAGLROS	2	176177717
HAGLR	2	176187981
HOXD1	2	176188667
MIR7704	2	176188843
RPSAP25	2	176242111
MTX2	2	176269448
PPIAP67	2	176338637
NRAL	2	176507702
MIR1246	2	176601052
LINC01116	2	176637687
LINC01117	2	176637716
RNU6ATAC14P	2	176664676
FUCA1P1	2	176806337
RPL29P8	2	176809859
RNU6-187P	2	176930090
RNA5SP112	2	177138699
STUB1P1	2	177177695
KRT8P40	2	177197985
MIR4444-1	2	177212726
HNRNPA3	2	177212753
DNAJC19P5	2	177229506
MIR3128	2	177256010
NFE2L2	2	177264723
MIR6512	2	177313882
H3P7	2	177344443
AGPS	2	177392771
IFT70B	2	177552796
IFT70A-AS1	2	177603089
IFT70A	2	177618742
PDE11A-AS1	2	177689876
PDE11A	2	177896975
API5P2	2	177998770
SDHDP5	2	178017993
RNU6-629P	2	178038902
CYCTP	2	178104470
RBM45	2	178112434
RNU5E-9P	2	178142548
OSBPL6	2	178194501
CHROMR	2	178413842
PRKRA	2	178451059
PJVK	2	178452405
NUDCP2	2	178454716
FKBP7	2	178478566
PLEKHA3	2	178480733
TTN-AS1	2	178530757
TTN	2	178807423
RNU7-104P	2	178831449
RPS6P2	2	179001756
CCDC141	2	179050059
SESTD1	2	179264519
RAD52P1	2	179400875
ZNF385B	2	179637326
TXNL4AP1	2	179814251
MIR1258	2	179860908
CWC22	2	180007107
SCHLAP1	2	180692012
FTH1P20	2	180873414
RPL27AP3	2	180939298
UBE2E3-DT	2	180980268
UBE2E3	2	180980807
LINC01934	2	181123930
MIR4437	2	181305652
ITGA4	2	181457713
CERKL	2	181657106
NEUROD1	2	181680520
SAP18P2	2	181694442
RNU6ATAC19P	2	181738606
ITPRID2-DT	2	181891663
ITPRID2	2	181893012
KRT18P29	2	181962478
PPP1R1C	2	181985860
RNA5SP113	2	182048822
RN7SL267P	2	182314284
PDE1A	2	182427033
DNAJC10	2	182716296
RPL31P15	2	182788098
FRZB	2	182866637
RNU6-1122P	2	182873841
NCKAP1	2	183038352
KRT8P10	2	183072486
DUSP19	2	183078747
NUP35	2	183124399
LIN28AP1	2	183260642
CACYBPP2	2	183608119
MIR548AE1	2	184378975
ZNF804A	2	184598529
RPL23AP33	2	184902562
ELF2P4	2	185547818
FSIP2-AS1	2	185739025
FSIP2	2	185743183
RPL21P32	2	185957063
RPL23AP35	2	186261919
LINC01473	2	186326344
MED28P3	2	186364598
ZC3H15	2	186486279
DPRXP1	2	186489083
ITGAV	2	186590184
FAM171B	2	186694039
ZSWIM2	2	186849189
IMPDH1P7	2	187003377
RN7SKP42	2	187122861
CALCRL-AS1	2	187252572
RNU6-989P	2	187270804
GAPDHP59	2	187415552
CALCRL	2	187448258
TFPI	2	187554431
ST13P2	2	187825341
RNA5SP114	2	188276844
LINC01090	2	188287695
GULP1	2	188292268
MIR561	2	188297492
DIRC1	2	188790104
COL3A1	2	188974399
MIR1245A	2	188978092
MIR1245B	2	188978161
MIR3606	2	188995630
MIR3129	2	189133111
COL5A2	2	189179820
KRT18P19	2	189311967
WDR75	2	189441468
KDM3AP1	2	189487992
SLC40A1	2	189582022
ASNSD1	2	189661449
ASDURF	2	189661459
ANKAR	2	189676427
OSGEPL1	2	189762793
OSGEPL1-AS1	2	189762821
ORMDL1	2	189784278
PMS1	2	189784494
TERF1P6	2	189917758
HNRNPCP2	2	189923336
RNF11P1	2	189931010
MSTN	2	190062729
C2orf88	2	190180482
HIBCH	2	190281097
INPP1	2	190343951
MFSD6	2	190435301
NEMP2	2	190534357
NEMP2-DT	2	190534972
RN7SKP179	2	190553480
NAB1	2	190649049
GLS	2	190902957
RAB1AP1	2	190993567
STAT1	2	191014168
STAT4-AS1	2	191026138
RNU6-959P	2	191121950
STAT4	2	191151228
HMGB1P27	2	191174233
MYO1B	2	191245587
MYO1B-AS1	2	191246209
RNU6-1045P	2	191370938
NABP1	2	191678175
CAVIN2	2	191847086
DNAJB1P1	2	191882205
CAVIN2-AS1	2	192028570
TMEFF2	2	192194919
PCGEM1	2	192749845
RPS17P8	2	192774082
SLC44A3P1	2	193256483
DNAJC17P1	2	193277614
SEC61GP1	2	193730689
GLULP6	2	194130266
HNRNPA1P47	2	194187379
LINC01821	2	194344253
LINC01790	2	194730595
RNU6-169P	2	195514036
LINC01825	2	195532973
LINC01827	2	195574515
AHCYP5	2	195584031
SLC39A10	2	195657214
RNU6-915P	2	195670474
DNAH7	2	195870095
E2F3P2	2	195995680
STK17B	2	196171555
HECW2-AS1	2	196260066
RN7SL820P	2	196289409
HECW2	2	196362097
CCDC150	2	196713099
GTF3C3	2	196799652
C2orf66	2	196809355
PGAP1	2	196926729
HNRNPA3P15	2	197014990
RPL4P7	2	197030143
ANKRD44-AS1	2	197198019
ANKRD44	2	197254342
ATP5MC2P3	2	197263111
ANKRD44-IT1	2	197308999
ANKRD44-DT	2	197311318
NPM1P46	2	197380892
SF3B1	2	197435026
RNU6-1029P	2	197447745
COQ10B	2	197453538
HSPD1	2	197499873
HSPE1	2	197500310
HSPE1-MOB4	2	197500413
MOB4	2	197516066
RFTN2	2	197675587
MARS2	2	197705369
BOLL	2	197785815
PLCL1	2	197810258
LINC01923	2	198374828
RNU7-147P	2	199191059
SATB2	2	199460145
SATB2-AS1	2	199468842
LINC01877	2	199608109
SEPHS1P6	2	199659551
FTCDNL1	2	199851152
RN7SL717P	2	199901377
C2orf69	2	199911299
TYW5	2	199955500
MAIP1	2	199955701
SPATS2L	2	200306732
RNY4P34	2	200373175
KCTD18	2	200510068
SGO2	2	200526251
AOX1	2	200586057
AOX3P	2	200678233
AOX3P-AOX2P	2	200734873
LINC01792	2	200735176
AOX2P	2	200738608
RNU1-133P	2	200775584
BZW1	2	200811968
BZW1-AS1	2	200812208
RNU6-31P	2	200830009
BICD1P1	2	200844240
RNA5SP115	2	200849144
CLK1	2	200864579
RNU6-312P	2	200881821
PPIL3	2	200889077
NIF3L1	2	200889385
RNU6-762P	2	200899020
ORC2	2	200963649
HNRNPA1P35	2	201063089
RPL23AP30	2	201066691
HYCC2	2	201071644
NDUFB3	2	201072018
RNU6-1206P	2	201079842
RPL17P10	2	201102957
CFLAR	2	201118593
IMPDH1P10	2	201140027
RNU7-45P	2	201141904
CFLAR-AS1	2	201151160
RPL38P5	2	201162680
CASP10	2	201183129
MTND5P25	2	201213081
MTND4P23	2	201214660
MTND4LP13	2	201214950
CASP8	2	201258043
FLACC1	2	201352082
SCYL2P1	2	201413308
TRAK2	2	201451478
STRADB	2	201451769
MTCO2P16	2	201549631
MTATP6P16	2	201550524
MTCO3P16	2	201552859
MTND3P16	2	201553688
MTND4LP16	2	201554096
MTND4P29	2	201554384
MTND5P31	2	201556892
C2CD6	2	201619163
ENO1P4	2	201623430
TMEM237	2	201642661
RNU6-651P	2	201646716
MPP4	2	201698369
RPS2P16	2	201762737
ALS2	2	201769156
CDK15	2	201806558
UBE2V1P11	2	201824548
RNU6-440P	2	201927439
FZD7	2	202033855
KIAA2012	2	202073289
KIAA2012-AS1	2	202115398
PSMA2P3	2	202179297
DAZAP2P1	2	202201886
RPL39P14	2	202231696
SUMO1	2	202238573
NOP58	2	202265772
SNORD70	2	202276431
SNORD70B	2	202278108
SNORD11B	2	202291332
SNORD11	2	202293051
RN7SL753P	2	202333439
PIMREGP1	2	202336727
RN7SL40P	2	202357417
BMPR2	2	202377434
H3P8	2	202505343
RPL13AP12	2	202520401
MTCO1P17	2	202614214
MTCO2P17	2	202614853
MTATP6P17	2	202615769
MTCO3P17	2	202616700
MTND3P17	2	202617284
MTND4LP17	2	202617695
MTND4P30	2	202617983
MTCO1P54	2	202619896
FAM117B	2	202635229
KRT8P15	2	202841781
ICA1L	2	202871481
WDR12	2	202911657
CARF	2	202912278
KRT8P52	2	202924609
NBEAL1	2	203016375
RPL7P14	2	203040108
RPL23AP36	2	203075142
RPL12P16	2	203190780
CYP20A1	2	203239018
RN7SL670P	2	203259604
MRPL50P2	2	203315871
ABI2	2	203328303
RAPH1	2	203535290
CD28	2	203706550
KRT18P39	2	203765593
NPM1P33	2	203773502
RNU6-474P	2	203782037
CTLA4	2	203867943
ICOS	2	203936780
DSTNP5	2	204306842
PARD3B	2	204824846
NRP2	2	205685793
NRP2-AS1	2	205763950
RN7SKP178	2	205900630
PPIAP68	2	205949091
RPL27P8	2	206040432
INO80D-AS1	2	206085722
INO80D	2	206085751
GCSHP3	2	206116500
NDUFS1	2	206159425
EEF1B2	2	206159760
SNORD51	2	206161878
SNORA41	2	206162228
CMKLR2-AS	2	206203561
CMKLR2	2	206217900
RN7SKP200	2	206221315
ATP5POP1	2	206236871
HMGN1P6	2	206259918
RN7SKP260	2	206260214
ZDBF2	2	206274985
ACER2P1	2	206410909
HNRNPA1P51	2	206420238
ADAM23	2	206443560
LINC03097	2	206640073
FAM237A	2	206642487
VPS26CP1	2	206687362
DYTN	2	206718396
MDH1B	2	206765304
FASTKD2	2	206765604
MIR3130-2	2	206783234
MIR3130-1	2	206783308
CPO	2	206939518
MIR2355	2	207110073
KLF7-IT1	2	207122044
KLF7	2	207166018
MIR7845	2	207166400
MYOSLID	2	207170297
MYOSLID-AS1	2	207254486
LINC01802	2	207255085
MIR1302-4	2	207269424
CREB1	2	207551442
METTL21A	2	207625322
RPS29P9	2	207654781
LINC01857	2	207662377
RNU6-664P	2	207680639
PPP1R14BP2	2	207681590
CCNYL1	2	207711679
MIR4775	2	207754807
FZD5	2	207769907
RNU6-360P	2	208019741
PLEKHM3	2	208025527
RPL9P14	2	208031953
RNA5SP116	2	208054258
RPL12P17	2	208057745
CRYGEP	2	208112511
CRYGD	2	208124524
CRYGC	2	208129828
CRYGB	2	208146158
CRYGA	2	208163589
C2orf80	2	208188532
RPSAP27	2	208208135
TPT1P2	2	208222625
IDH1	2	208254972
IDH1-AS1	2	208255205
PIKFYVE	2	208266255
MYL6BP1	2	208269957
ARPC1BP1	2	208361369
PTH2R	2	208447939
H3P9	2	208466626
RNA5SP117	2	208920664
HSPA8P6	2	209074148
CRYGFP	2	209145241
MEAF6P1	2	209178804
PKP4P1	2	209178966
MAP2	2	209579431
RNA5SP118	2	209722021
SNAI1P1	2	209808804
UNC80	2	209829229
RPE	2	210002638
KANSL1L-AS1	2	210030652
RPL6P6	2	210088226
KANSL1L	2	210170624
ACADL	2	210225113
MYL1	2	210309400
LANCL1-AS1	2	210324725
LANCL1	2	210476739
CPS1	2	210554739
CPS1-IT1	2	210617571
RPS27P10	2	211299189
RNA5SP119	2	211535653
MTND2P23	2	211777206
MTCO1P46	2	211778273
MIR548F2	2	212426360
ERBB4	2	212483888
LINC01878	2	212795330
PCED1CP	2	212832161
MIR4776-1	2	212926257
MIR4776-2	2	212926336
IKZF2	2	213150504
LINC01953	2	213167718
SPAG16-DT	2	213284374
SPAG16	2	213284459
MIR4438	2	213758067
RPL5P8	2	214281452
VWC2L	2	214411065
VWC2L-IT1	2	214510196
ENSAP3	2	214697727
BARD1	2	214809658
SNHG31	2	214810199
SNORA70I	2	214846947
RPL10P6	2	214847128
ABCA12	2	215138404
LINC02862	2	215274942
ATIC	2	215312087
FN1	2	215382406
FN1-DT	2	215436225
LINC01614	2	215717859
LINC00607	2	215827483
MREG	2	216033381
PECR	2	216081790
TMEM169	2	216081895
XRCC5	2	216109380
POLHP1	2	216156811
LINC01963	2	216217373
MARCHF4-AS1	2	216303325
MARCHF4	2	216372483
SMARCAL1-AS1	2	216412696
SMARCAL1	2	216412744
RPL37A-DT	2	216498778
RPL37A	2	216498850
LINC01280	2	216606914
PSMB3P2	2	216610959
IGFBP2	2	216633422
IGFBP5	2	216694880
RPL31P14	2	216786144
RNA5SP120	2	216793600
FABP5P14	2	216806129
TNP1	2	216860064
TESHL	2	216869156
RN7SKP43	2	217251556
DIRC3	2	217517074
RPL7L1P9	2	217761291
MIR6809	2	217900628
TNS1	2	217904637
TNS1-AS1	2	217978707
CXCR2P1	2	218061412
RUFY4	2	218069014
CXCR2	2	218125731
CXCR1	2	218166962
HMGB1P9	2	218200434
ARPC2	2	218217194
GPBAR1	2	218260378
AAMP	2	218270131
PNKD	2	218270525
MIR6513	2	218280188
TMBIM1	2	218287317
MIR6810	2	218341911
RPL19P5	2	218354075
CATIP	2	218357485
CATIP-AS2	2	218357991
CATIP-AS1	2	218367906
SLC11A1	2	218382276
CTDSP1	2	218400044
MIR26B	2	218402646
VIL1	2	218419122
RN7SKP38	2	218501037
USP37	2	218568318
CNOT9	2	218568859
RNU6-136P	2	218589320
PLCD4	2	218609740
ZNF142	2	218659542
BCS1L	2	218659733
RNF25	2	218671981
STK36	2	218672339
TTLL4	2	218733988
CYP27A1	2	218782147
MIR9500	2	218823090
PRKAG3	2	218831803
RPL23AP31	2	218841599
WNT6	2	218859885
WNT10A	2	218881526
RNU6-642P	2	218916287
KRT8P30	2	218954050
CDK5R2-AS1	2	218959469
CDK5R2	2	218959666
LINC00608	2	218976257
FEV	2	218984829
CRYBA2	2	218993411
MIR375	2	219001708
CFAP65	2	219040359
MIR3131	2	219058750
IHH	2	219060921
RN7SL764P	2	219102434
NHEJ1	2	219160791
SLC23A3	2	219170032
CNPPD1	2	219178107
RETREG2	2	219178277
ZFAND2B	2	219206841
ABCB6	2	219218849
ATG9A	2	219229537
ANKZF1	2	219229861
GLB1L	2	219245344
STK16	2	219245506
TUBA4A	2	219253917
TUBA4B	2	219259837
DNAJB2	2	219279517
MIR153-1	2	219294200
PTPRN	2	219309365
RESP18	2	219332910
DNPEP	2	219387829
DNPEP-AS1	2	219388528
DES	2	219418382
SPEG	2	219445298
SPEGNB	2	219496911
GMPPA	2	219498899
ASIC4	2	219514482
ASIC4-AS1	2	219516877
CHPF	2	219543676
TMEM198	2	219544006
MIR3132	2	219549147
INHA	2	219570736
OBSL1	2	219571296
RN7SKP213	2	219590984
STK11IP	2	219598100
SLC4A3	2	219627630
DNAJB6P3	2	219684795
LINC02832	2	219688481
RPL23P4	2	219697799
LINC01803	2	219904918
MIR4268	2	219906565
TMEM256P2	2	221532668
EPHA4	2	221570882
RPL23P5	2	221592441
LLPHP3	2	221944223
HSPA9P1	2	221961737
RPL23AP28	2	222044994
PAX3	2	222298702
CCDC140	2	222300562
CT75	2	222319319
RNF228	2	222320155
SGPP2	2	222424527
NANOGP2	2	222453126
RNU6-619P	2	222498291
GAPDHP49	2	222504843
FARSB	2	222656091
MOGAT1	2	222671658
RRAS2P2	2	222678289
RPL31P17	2	222726457
ACSL3	2	222861261
ATG12P2	2	222905055
ACSL3-AS1	2	222919363
KCNE4	2	223052195
RN7SL807P	2	223248794
HIGD1AP4	2	223398546
SCG2	2	223602322
MLXP1	2	223704621
AP1S3	2	223837580
WDFY1	2	223945300
MRPL44	2	223957433
SERPINE2	2	224039236
USP21P1	2	224169664
FAM124B	2	224402094
ANKRD49P1	2	224500100
CUL3	2	224566572
CCDC195	2	224729317
DOCK10	2	224931651
MIR4439	2	225010540
NYAP2	2	225400136
MIR5702	2	226658793
IRS1	2	226799774
RHBDD1	2	226836084
COL4A4	2	227147584
COL4A3	2	227304193
MFF-DT	2	227325186
MFF	2	227325276
TM4SF20	2	227380650
SCYGR1	2	227387949
MIR5703	2	227472132
AGFG1	2	227472168
SCYGR9	2	227587515
SCYGR2	2	227598893
SCYGR10	2	227608784
SCYGR3	2	227614840
SCYGR4	2	227617498
SLC19A4P	2	227633320
SCYGR5	2	227666804
SLC19A3	2	227717997
SCYGR6	2	227724757
SCYGR7	2	227728335
SCYGR8	2	227745894
RNA5SP121	2	227763152
SNRPGP8	2	227778735
CCL20	2	227813842
CRIPTOP2	2	227870644
DAW1	2	227871633
RNU6-624P	2	228169743
SPHKAP	2	228181626
SNF8P1	2	228353215
LINC01807	2	228568693
RPL7L1P10	2	228753324
RPL17P14	2	229003886
RN7SKP283	2	229236609
PID1	2	229271265
RNU7-9P	2	229606238
DNER	2	229714535
RNU6-613P	2	229894346
TRIP12	2	229921903
FBXO36	2	229922497
RNU6-964P	2	229937882
FBXO36-IT1	2	229942728
RNU6-1027P	2	229973315
RNY4P19	2	230058324
SLC16A14	2	230068907
SP110	2	230219966
SP140	2	230225745
SP140L	2	230327195
SP100	2	230416266
RN7SL834P	2	230507101
HMGB1P3	2	230515023
TPM3P8	2	230573809
RNU6-451P	2	230587121
LINC01907	2	230697331
CAB39	2	230712875
BANF1P3	2	230725403
RNU6-268P	2	230752141
ITM2C	2	230865114
GCSIR	2	230886503
GPR55-AS1	2	230914467
GPR55	2	230925272
COX20P2	2	230957593
SPATA3-AS1	2	230996027
SPATA3	2	230996234
C2orf72	2	231037542
PSMD1	2	231056899
HTR2B	2	231125069
RNU1-93P	2	231133462
ARMC9	2	231198701
RPS28P4	2	231256097
MIR4777	2	231362708
B3GNT7	2	231396443
ZBTB8OSP2	2	231434426
HIGD2AP1	2	231437421
SNORA75	2	231455936
SNORD20	2	231456523
SNORD82	2	231460440
NCL	2	231464484
RNU2-22P	2	231502201
LINC00471	2	231514364
NMUR1	2	231530445
RPL21P35	2	231559903
RPL23AP26	2	231585864
TEX44	2	231592864
RN7SL499P	2	231646273
PTMA	2	231708530
MIR1244-1	2	231713314
PDE6D	2	231781290
COPS7B	2	231786438
RPL28P2	2	231789887
MIR1471	2	231892298
NPPC	2	231926393
DIS3L2	2	231961755
MIR562	2	232172653
NRBF2P6	2	232343116
ECEL1P3	2	232351309
ALPP	2	232378751
ECEL1P2	2	232386872
ALPG	2	232406844
ECEL1P1	2	232419816
DIS3L2P1	2	232442034
ALPI	2	232456139
ECEL1	2	232487834
PRSS56	2	232521444
CHRND	2	232526174
CHRNG	2	232539727
TIGD1	2	232550557
MIR5001	2	232550573
EIF4E2	2	232550692
EFHD1	2	232633660
RN7SL359P	2	232649849
GIGYF2	2	232697352
EEF1B2P7	2	232730198
KCNJ13	2	232773980
RNU6-107P	2	232782665
SNORC	2	232870264
NGEF	2	232994008
NEU2	2	233027852
INPP5D	2	233161756
RN7SL32P	2	233205199
ATG16L1	2	233251683
SCARNA5	2	233275727
SCARNA6	2	233288676
SAG	2	233312032
DGKD	2	233387104
USP40	2	233518072
PPFIA1P1	2	233545482
UGT1A12P	2	233585439
UGT1A11P	2	233603553
UGT1A8	2	233617633
UGT1A10	2	233636475
UGT1A13P	2	233647926
UGT1A9	2	233671898
UGT1A7	2	233682134
UGT1A6	2	233692300
UGT1A5	2	233712907
UGT1A4	2	233718778
RPL17P11	2	233722065
UGT1A3	2	233729042
DNAJB3	2	233743916
UGT1A2P	2	233747214
UGT1A1	2	233760279
MROH2A	2	233779000
HJURP	2	233850304
MSL3B	2	233868369
TRPM8	2	233959845
SPP2	2	234050694
RPS20P12	2	234329483
LINC01891	2	234454595
HSPE1P9	2	234455783
ARL4C	2	234497067
LINC01173	2	234682670
SH3BP4	2	234981391
CEP19P1	2	235147500
AGAP1-IT1	2	235505645
AGAP1	2	235524324
TMSB10P1	2	235882493
RNU7-127P	2	236037250
RN7SL204P	2	236072295
GBX2-AS1	2	236167462
GBX2	2	236168009
RNU1-31P	2	236210548
ASB18	2	236259265
IQCA1-AS1	2	236391074
RPL3P5	2	236409077
IQCA1	2	236503697
ACKR3	2	236567777
RNU6-1051P	2	237015305
COPS8-DT	2	237084793
COPS8	2	237085898
COL6A3	2	237401109
MLPH	2	237487269
MIR6811	2	237510931
PRLH	2	237563064
RNU6-1140P	2	237563165
RAB17	2	237590731
RAB17-DT	2	237591094
LRRFIP1	2	237627605
RBM44	2	237798779
RAMP1	2	237859622
UBE2F-SCLY	2	237967044
UBE2F	2	237967053
RNU6-1333P	2	238029063
SCLY	2	238061054
ESPNL	2	238127390
KLHL30	2	238138714
ERFE	2	238163992
KLHL30-AS1	2	238169973
ILKAP	2	238203663
LINC02610	2	238231664
HES6	2	238240035
PER2	2	238288610
TRAF3IP1	2	238320525
RNU6-234P	2	238412642
ASB1	2	238427029
LINC01107	2	238554682
LINC01937	2	238569790
TWIST2	2	238848079
LINC01940	2	238924295
MIR4440	2	239068914
MIR4441	2	239085926
HDAC4-AS2	2	239194118
MIR4269	2	239305462
MIR2467	2	239351804
HDAC4	2	239400838
HDAC4-AS1	2	239401688
LINC02991	2	239578301
MIR4786	2	239943094
NDUFA10	2	240025338
OR6B2	2	240030429
OR6B3	2	240053664
OR9S24P	2	240079433
OR5S1P	2	240109102
COPS9	2	240136305
OTOS	2	240140658
GPC1	2	240452811
MIR149	2	240456001
GPC1-AS1	2	240456726
ANKMY1	2	240558021
DUSP28	2	240560792
RNPEPL1	2	240568555
CAPN10-DT	2	240586475
CAPN10	2	240586752
GPR35	2	240619768
AQP12B	2	240682880
AQP12A	2	240695381
KIF1A	2	240818972
AGXT	2	240868825
MAB21L4	2	240896833
CROCC2	2	240919427
UICLM	2	240959577
TANAR	2	240986072
SNED1	2	241035534
SNED1-AS1	2	241064128
MTERF4	2	241102295
PASK	2	241149453
PPP1R7	2	241150481
ANO7	2	241199097
HDLBP	2	241272845
SEPTIN2	2	241315928
FARP2	2	241373189
MIR3133	2	241477905
KCTD5P1	2	241478316
STK25	2	241508362
BOK-AS1	2	241553604
BOK	2	241558754
RNA5SP122	2	241584968
THAP4	2	241637040
ATG4B	2	241637697
DTYMK	2	241686805
ING5	2	241702041
D2HGDH	2	241734654
GAL3ST2	2	241776822
GAL3ST2-AS1	2	241801907
NEU4	2	241811000
PDCD1	2	241858879
RTP5	2	241869664
LINC01237	2	241881935
FAM240C	2	241900464
LINC01880	2	242084235
LINC03100	2	242088457
LINC01881	2	242094894
CICP10	2	242120053
SEPTIN14P2	2	242122287
RPL23AP88	2	242175181
LINC01986	3	11760
CHL1-AS2	3	196768
CHL1	3	198014
RNU6-1194P	3	282792
RPS8P6	3	309322
CHL1-AS1	3	379923
LINC01266	3	536230
RPSAP32	3	618314
RN7SL120P	3	1065875
CNTN6	3	1092932
CRB3P1	3	1394448
RPL23AP38	3	1596245
RPL23AP39	3	1730070
RPL21P17	3	1905651
RN7SKP144	3	2089211
CNTN4-AS2	3	2137524
HINT2P1	3	2362258
CNTN4	3	2511629
DNAJC19P4	3	2985575
CNTN4-AS1	3	3065193
IL5RA	3	3110365
TRNT1	3	3126970
CRBN	3	3179674
LRRN1	3	3799433
PNPT1P1	3	3984295
SETMAR	3	4303367
MRPS10P2	3	4414960
SUMF1	3	4467261
ITPR1-DT	3	4493181
ITPR1	3	4711586
EGOT	3	4751590
BHLHE40	3	4979437
BHLHE40-AS1	3	4979846
RNF10P1	3	5069044
UBTFL8	3	5084429
CD24P5	3	5099627
ARL8B	3	5122304
EDEM1	3	5187764
MIR4790	3	5250255
RN7SL553P	3	5253223
MTARC2P1	3	6208269
YWHAQP10	3	6692319
MRPS36P1	3	6773343
GRM7-AS3	3	6805417
GRM7-AS2	3	6894022
GRM7	3	7222514
GRM7-AS1	3	7547808
RNU4ATAC17P	3	8364648
LMCD1-AS1	3	8501678
LMCD1	3	8501829
SSUH2	3	8668159
OR7E122P	3	8688143
CAV3	3	8733836
OXTR	3	8769271
RAD18	3	8963443
SRGAP3-AS1	3	9014067
SRGAP3	3	9149023
SRGAP3-AS2	3	9192492
SRGAP3-AS3	3	9216895
SRGAP3-AS4	3	9249739
PGAM1P4	3	9348443
THUMPD3	3	9363060
THUMPD3-AS1	3	9397035
SETD5	3	9433508
LHFPL4	3	9553811
DUSP5P2	3	9600748
MTMR14	3	9649486
CPNE9	3	9703833
BRPF1	3	9731788
OGG1	3	9750085
CAMK1	3	9769943
TADA3	3	9792473
ARPC4	3	9793083
ARPC4-TTLL3	3	9793114
TTLL3	3	9813271
RPUSD3	3	9843995
CIDEC	3	9879104
JAGN1	3	9890610
IL17RE	3	9902849
IL17RC	3	9917135
RNU6-882P	3	9919153
CRELD1	3	9933857
PRRT3-AS1	3	9947370
PRRT3	3	9952377
EMC3	3	9986842
EMC3-AS1	3	9987904
CYCSP10	3	10000940
CIDECP1	3	10023747
FANCD2	3	10026460
RNU6-670P	3	10037552
CYCSP11	3	10058287
FANCD2OS	3	10106426
BRK1	3	10115674
VHL	3	10141791
IRAK2	3	10164901
TATDN2	3	10259689
LINC00852	3	10284419
GHRLOS	3	10287957
GHRL	3	10292925
SEC13	3	10321059
MIR378B	3	10330229
MIR885	3	10394562
ATP2B2	3	10477572
ATP2B2-IT1	3	10570375
ATP2B2-IT2	3	10629307
LINC00606	3	10764213
SLC6A11	3	10816228
SLC6A1	3	10992799
SLC6A1-AS1	3	11019224
HRH1	3	11190678
CHCHD4P4	3	11234582
ATG7	3	11272419
RPL13AP27	3	11290663
CSTBP1	3	11529755
VGLL4	3	11715065
TAMM41	3	11846864
FANCD2P2	3	11859674
CYCSP12	3	11879129
NUP210P2	3	11900011
MARK2P14	3	11906527
RN7SL147P	3	11953085
ACTG1P12	3	12070195
SYN2	3	12110057
TIMP4	3	12158899
MTCO1P5	3	12165642
GSTM5P1	3	12258460
PPARG	3	12288742
PFDN1P1	3	12328003
TSEN2	3	12484511
RNA5SP123	3	12511213
RNU6-377P	3	12514706
MKRN2OS	3	12552436
MKRN2	3	12557088
RAF1	3	12663886
CRIP1P1	3	12673699
TMEM40	3	12742517
KRT18P17	3	12788671
CAND2	3	12796672
SNORA7A	3	12840450
RPL32	3	12841538
IFT122P1	3	12850659
LINC02022	3	12884936
IQSEC1	3	13005413
RPL39P17	3	13053122
NUP210	3	13420256
PRR3P1	3	13460889
HDAC11-AS1	3	13480095
HDAC11	3	13480331
FBLN2	3	13549181
LINC00620	3	13687659
WNT7A	3	13877220
VN1R20P	3	13926813
FGD5P1	3	13934255
TPRXL	3	13937391
VN1R21P	3	14089871
CHCHD4	3	14124870
TMEM43	3	14125023
XPC-AS1	3	14145418
XPC	3	14178600
LSM3	3	14178817
LINC01267	3	14362216
RNA5SP124	3	14394648
SLC6A6	3	14402625
RNU6-905P	3	14531088
GRIP2	3	14540366
RHBDF1P1	3	14574792
LINC02922	3	14651496
CCDC174	3	14651768
C3orf20	3	14675179
FGD5	3	14810737
LINC02011	3	14811414
FGD5-AS1	3	14947523
NR2C2	3	14947705
MRPS25	3	15065281
RBSN	3	15099023
RPS24P10	3	15132208
RPS3AP53	3	15141380
COL6A4P1	3	15180961
CAPN7	3	15206248
SH3BP5-AS1	3	15256868
SH3BP5	3	15332586
RNU6-454P	3	15339749
HMGN2P7	3	15375645
METTL6	3	15427529
RNU6-1024P	3	15433216
EAF1	3	15434149
EAF1-AS1	3	15443477
MIR4270	3	15496308
RN7SL110P	3	15506905
COLQ	3	15521706
HACL1	3	15601572
BTD	3	15601762
MIR3134	3	15697371
RN7SL4P	3	15738515
ANKRD28	3	15776527
MIR563	3	15873771
IMPDH1P8	3	15878047
GALNT15	3	16174675
DPH3	3	16264913
OXNAD1	3	16265213
THAP5P2	3	16276632
RFTN1	3	16512979
LINC00690	3	16527813
DAZL	3	16605423
CDYLP1	3	16694202
PLCL2	3	16884955
MIR3714	3	16933196
PLCL2-AS1	3	17050168
RBISP6	3	17333126
RPL31P19	3	17465150
RNU7-10P	3	17664963
NPEPPSP2	3	17706233
TBC1D5	3	17742588
BALR6	3	17860922
PP1P	3	17872598
PDCL3P3	3	17878169
SATB1	3	18425301
SATB1-AS1	3	18516077
RAD23BP1	3	18538673
RNU6-138P	3	18955049
KCNH8	3	19148522
MIR4791	3	19314931
EFHB	3	19934217
HSPA8P18	3	19943310
RAB5A	3	19947379
RNU4-85P	3	19996803
SAP18P3	3	20008247
PP2D1	3	20012264
RPL39P18	3	20012452
KAT2B	3	20040572
MIR3135A	3	20137565
SGO1	3	20186224
SGO1-AS1	3	20186545
RNU6-822P	3	20269070
RNU6-815P	3	20507756
VENTXP7	3	21405737
ZNF385D-AS1	3	21542802
ZNF385D	3	21751402
ZNF385D-AS2	3	21949851
HMGB1P5	3	22381819
FCRL4P1	3	22670711
RRBP1P2	3	22812047
RANP7	3	22904135
SALL4P5	3	22989823
RPL24P7	3	23134372
UBE2E2-DT	3	23202748
UBE2E2	3	23203244
C11orf98P3	3	23389909
RNU6-922P	3	23613759
RNU6-788P	3	23641592
UBE2E1-AS1	3	23806905
UBE2E1	3	23807042
ARL4AP4	3	23879498
NKIRAS1	3	23916966
RPL15	3	23917138
NR1D2	3	23945340
NPM1P23	3	24097360
LINC00691	3	24103230
THRB-AS2	3	24137860
RPL31P20	3	24430748
THRB-IT1	3	24459434
THRB	3	24494841
THRB-AS1	3	24495903
EIF3KP2	3	24555834
RN7SL216P	3	25020463
RNA5SP125	3	25025007
CFL1P7	3	25324174
RNA5SP126	3	25352392
RARB-AS1	3	25384936
RARB	3	25428137
H3P10	3	25441502
TOP2B	3	25622380
MIR4442	3	25664939
CRIP1P2	3	25686896
RPL32P11	3	25749488
TAF9BP1	3	25754925
NGLY1	3	25783438
OXSM	3	25788700
LINC00692	3	25873730
RPEP2	3	26015669
HMGB3P12	3	26216322
VENTXP4	3	26347638
LRRC3B-AS1	3	26622828
LRRC3B	3	26624081
MICOS10P3	3	27215018
RNU6-342P	3	27265683
NEK10	3	27369196
RPS20P15	3	27462506
SLC4A7	3	27484382
UBA52P4	3	27486247
RNU1-96P	3	27513871
RPS27P11	3	27624456
TPM4P2	3	27632976
KIAA1143P2	3	27703568
LINC02084	3	27712719
EOMES	3	27722498
LINC01980	3	27797974
LINC01981	3	27834109
LINC01967	3	28059648
CMC1	3	28241638
AZI2	3	28348625
ZCWPW2	3	28349162
CIAO2AP1	3	28428444
RPL34P11	3	28447725
MESTP4	3	29087396
RBMS3-AS3	3	29280031
RBMS3	3	29281064
RPS12P5	3	29390848
RBMS3-AS2	3	29642782
MTND4LP9	3	29797825
RBMS3-AS1	3	29934156
LINC01985	3	30518847
TGFBR2	3	30606593
KLHL25P1	3	30626797
GADL1	3	30894704
MIR466	3	31161787
CNN2P6	3	31182650
RNA5SP127	3	31228715
H3P11	3	31269007
THRAP3P1	3	31452832
STT3B	3	31532703
OSBPL10-AS1	3	31704217
ZNF587P1	3	31794470
OSBPL10	3	31939918
ZNF860	3	31981758
RPL21P40	3	32030196
NIFKP7	3	32066611
GPD1L	3	32106646
RPL21P137	3	32151895
RPSAP11	3	32190747
CMTM8	3	32238220
SMIM11P2	3	32244018
KRT18P15	3	32258940
CMTM7	3	32391882
CMTM6	3	32502821
MIR548AY	3	32506389
RPL31P18	3	32507955
DYNC1LI1	3	32570799
POLE4P1	3	32593312
IGBP1P3	3	32621902
RPL30P4	3	32635554
CNOT10	3	32685270
CNOT10-AS1	3	32737454
SUGT1P2	3	32752910
RPL23AP43	3	32785646
TRIM71	3	32817820
CCR4	3	32951644
SEC13P1	3	33033863
SUMO2P10	3	33077204
GLB1	3	33096792
TMPPE	3	33096973
RN7SL296P	3	33103008
CRTAP	3	33114037
SUSD5	3	33218801
FBXL2	3	33277476
RNU7-110P	3	33414150
UBP1	3	33428415
RNA5SP128	3	33492098
COX6CP10	3	33554636
CLASP2	3	33659106
SDAD1P3	3	33771963
PDCD6IP-DT	3	33798246
PDCD6IP	3	33798644
LINC01811	3	34208946
FECHP1	3	34872641
KRT8P18	3	35217149
RNU6-243P	3	35256946
ARPP21-AS1	3	35651961
ARPP21	3	35679625
MIR128-2	3	35744476
RPL36AP17	3	35871866
RFC3P1	3	36170448
STAC	3	36380516
NBPF21P	3	36637457
RN7SKP227	3	36685040
DCLK3	3	36752171
HSPD1P6	3	36768799
LINC02033	3	36821965
CBX3P10	3	36880729
TRANK1	3	36908518
RNU6ATAC4P	3	36968316
PRADC1P1	3	36976316
EPM2AIP1	3	36992940
MLH1	3	36993536
RPL29P11	3	37017014
UBE2D3P2	3	37134658
RNU6-1301P	3	37140327
UBE2FP1	3	37143958
LRRFIP2	3	37176284
RPS16P4	3	37196204
GOLGA4	3	37243263
GOLGA4-AS1	3	37244202
TCEA1P2	3	37275693
RNA5SP129	3	37341649
APRG1	3	37399162
ITGA9	3	37452151
RNU7-73P	3	37573213
RPL21P135	3	37748110
NDUFAF4P3	3	37790445
ITGA9-AS1	3	37861728
CTDSPL	3	37862169
MIR26A1	3	37969404
VILL	3	37990777
PLCD1	3	38024787
PPP2R2DP1	3	38051759
DLEC1	3	38062746
ACAA1	3	38137096
MYD88	3	38138661
OXSR1	3	38165543
SLC22A13	3	38265906
CDC42P7	3	38270767
RNU6-235P	3	38303879
SLC22A14	3	38305174
DLEC1P1	3	38329070
XYLB	3	38346796
ACVR2B	3	38454123
ACVR2B-AS1	3	38454820
EXOG	3	38496353
DDTP1	3	38515830
RPL18AP7	3	38527325
SCN5A	3	38645760
SCN10A	3	38816217
RNU6-1227P	3	39025987
SCN11A	3	39051942
WDR48	3	39052020
GORASP1	3	39107614
TTC21A	3	39107741
MIR6822	3	39138206
CSRNP1	3	39153651
XIRP1	3	39192596
DSTNP4	3	39214199
CX3CR1	3	39281353
ADAD1P1	3	39285985
CCR8	3	39329741
HNRNPA1P21	3	39334979
CENPPP1	3	39338879
EEF1A1P24	3	39358545
SLC25A38	3	39383408
RPSA	3	39406986
SNORA6	3	39408389
SNORA62	3	39411054
MOBP	3	39473633
NFU1P1	3	39643638
MYRIP	3	39809832
RNU4-56P	3	39970125
RN7SL411P	3	40209005
ENTPD3-AS1	3	40309540
EIF1B	3	40309774
PGAM1P3	3	40323279
ENTPD3	3	40387217
RPL14	3	40457363
ZNF619	3	40477157
RNU5B-2P	3	40499003
ZNF620	3	40506040
ZNF621	3	40524983
RPL5P10	3	40587428
EEF1GP3	3	40597494
HMGN2P24	3	40699338
RPS27P4	3	40761545
MRPS31P1	3	41189041
CTNNB1	3	41199504
RN7SKP58	3	41766919
ATP6V0E1P2	3	41859594
RPL36P20	3	41955445
ULK4	3	41962066
GEMIN2P2	3	41977008
RPL7AP83	3	42051694
TPMTP2	3	42146371
TRAK1	3	42149235
RNU4-78P	3	42221840
CCK	3	42264763
SALL4P6	3	42321005
EIF4BP4	3	42340588
LYZL4	3	42410558
RPL35AP8	3	42469640
VIPR1	3	42502619
VIPR1-AS1	3	42532056
SEC22C	3	42581967
SS18L2	3	42590857
NKTR	3	42600730
ZBTB47	3	42654304
ZBTB47-AS1	3	42654388
RN7SL567P	3	42676491
KLHL40	3	42685536
HHATL-AS1	3	42702653
HHATL	3	42702670
CCDC13-AS1	3	42732575
CCDC13	3	42757120
CCDC13-AS2	3	42770592
HIGD1A	3	42804435
ACKR2	3	42809472
CYP8B1	3	42875888
HNRNPA1P22	3	42889361
ZNF662	3	42906157
KRBOX1-AS1	3	42936785
KRBOX1	3	42936862
GASK1A	3	42979322
POMGNT2	3	43105858
SNRK	3	43286582
RN7SL517P	3	43314951
SNRK-AS1	3	43352057
RPL18AP9	3	43485880
ANO10	3	43622000
ABHD5	3	43690938
RNU6-367P	3	44071087
MIR138-1	3	44114212
TOPAZ1	3	44241886
TCAIM	3	44338763
C3orf86P	3	44421811
LINC01988	3	44426040
ZNF445	3	44477659
ZNF852	3	44503110
EI24P3	3	44525805
ZKSCAN7	3	44555217
MPRIPP1	3	44581026
ZNF660	3	44584964
ZNF197	3	44625028
ZNF35	3	44648742
ZKSCAN7-AS1	3	44685647
SOCS5P3	3	44710886
ZNF502	3	44712668
ZNF501	3	44729624
KIAA1143	3	44761619
KIF15	3	44761814
MIR564	3	44861888
TMEM42	3	44861900
TGM4	3	44874635
RPL12P44	3	44937673
ZDHHC3	3	44976152
EXOSC7	3	44976252
CLEC3B	3	45026241
RNU5B-3P	3	45034588
CDCP1	3	45146391
RPS24P8	3	45160175
TMEM158	3	45226287
LARS2	3	45388576
LARS2-AS1	3	45509377
LIMD1	3	45594684
LIMD1-AS1	3	45689134
SACM1L	3	45689401
RN7SL145P	3	45742675
SLC6A20	3	45796480
LZTFL1	3	45842131
SDHDP4	3	45884113
CCR9	3	45886543
CXCR6	3	45943552
FYCO1	3	45985683
NRBF2P2	3	46023296
XCR1	3	46027487
FLT1P1	3	46143677
CCR1	3	46208313
CCR3	3	46242381
UQCRC2P1	3	46311922
CCR2	3	46354124
CCR5	3	46371808
CCR5AS	3	46407073
CCRL2	3	46407558
LINC02009	3	46423175
LTF	3	46464887
RTP3	3	46496293
LRRC2-AS1	3	46551747
LRRC2	3	46566524
CRIPTO	3	46577681
FAM240A	3	46612525
ALS2CL	3	46693679
TMIE	3	46701392
PRSS50	3	46717869
PRSS46P	3	46736408
PRSS45P	3	46750891
PRSS43P	3	46756816
PRSS44P	3	46812486
PRSS42P	3	46834095
MYL3	3	46867626
PTH1R	3	46882254
BLVRBP1	3	46918935
CCDC12	3	46976759
NBEAL2	3	47003927
NRADDP	3	47011542
MRPL57P3	3	47028855
SETD2	3	47122799
KIF9-AS1	3	47164346
SNORD13P3	3	47250626
KIF9	3	47282595
KLHL18	3	47282945
PTPN23	3	47381046
PTPN23-DT	3	47381620
SPMIP3P1	3	47469777
SCAP	3	47475820
BOLA2P2	3	47499841
ELP6	3	47513390
RN7SL870P	3	47560524
CSPG5	3	47578869
HIGD2AP2	3	47663626
SMARCC1	3	47781891
DHX30	3	47803154
MIR1226	3	47849555
VPS26BP1	3	47961081
RPS27P30	3	48039267
MAP4	3	48088843
RN7SL664P	3	48095105
RPL17P16	3	48121215
SNRPFP4	3	48161176
RNU7-128P	3	48180328
NDUFB1P1	3	48181547
CDC25A	3	48188356
MIR4443	3	48196564
CAMP	3	48223421
ZNF589	3	48241106
MRPS18AP1	3	48256938
FCF1P2	3	48291375
NME6	3	48301367
MIR2115	3	48316459
SPINK8	3	48331007
FBXW12	3	48372275
RN7SL321P	3	48379834
PLXNB1	3	48429481
CCDC51	3	48440058
TMA7	3	48440256
ATRIP	3	48446741
TREX1	3	48466241
SHISA5	3	48504142
MIR6823	3	48550021
PFKFB4	3	48556842
UCN2	3	48563781
COL7A1	3	48570882
MIR711	3	48578977
UQCRC1	3	48609642
TMEM89	3	48621769
MIR6824	3	48633698
SLC26A6	3	48635423
CELSR3	3	48643930
MIR4793	3	48644280
LINC02585	3	48663865
NCKIPSD	3	48685898
IP6K2	3	48717206
PRKAR2A	3	48847547
PRKAR2A-AS1	3	48847940
SLC25A20	3	48898868
ARIH2	3	48918870
ARIH2OS	3	48919385
P4HTM	3	48990244
WDR6	3	49007399
DALRD3	3	49018577
MIR425	3	49020234
MIR191	3	49020709
NDUFAF3	3	49021651
IMPDH2	3	49029399
RN7SL182P	3	49083233
QRICH1	3	49094017
MIR6890	3	49099914
QARS1	3	49103880
USP19	3	49120812
LAMB2	3	49133010
LAMB2P1	3	49160851
CCDC71	3	49166322
KLHDC8B	3	49171625
CIMIP7	3	49191822
IHO1	3	49199483
GCSHP6	3	49252264
MIR4271	3	49274120
C3orf62	3	49277030
USP4	3	49340047
GPX1	3	49358325
RHOA-IT1	3	49367006
RHOA	3	49411992
TCTA	3	49412395
AMT	3	49422449
NICN1	3	49429297
RNA5SP130	3	49467228
DAG1	3	49470289
BSN-DT	3	49554348
BSN	3	49598753
BSN-AS1	3	49641769
APEH	3	49674375
MST1	3	49686861
RNF123	3	49689560
AMIGO3	3	49719684
GMPPB	3	49723951
COX6CP14	3	49758483
PHF5AP3	3	49775285
IP6K1	3	49786539
CDHR4	3	49793272
INKA1	3	49803250
MIR5193	3	49806245
UBA7	3	49813912
TRAIP	3	49856559
RN7SL217P	3	49863660
CAMKV	3	49869903
ACTL11P	3	49877305
MST1R	3	49903871
MON1A	3	49929822
RBM6	3	49940176
RBM5	3	50089563
RBM5-AS1	3	50100988
SEMA3F	3	50155350
SEMA3F-AS1	3	50156020
GNAT1	3	50192672
SLC38A3	3	50207454
MIR5787	3	50227436
GNAI2	3	50236204
LINC03143	3	50260302
SEMA3B	3	50268973
SEMA3B-AS1	3	50271560
MIR6872	3	50273236
LSMEM2	3	50279057
IFRD2	3	50292056
HYAL3	3	50298859
NAA80	3	50299003
HYAL1	3	50303600
HYAL2	3	50322744
TUSC2	3	50328223
RASSF1-AS1	3	50337505
RASSF1	3	50340838
ZMYND10-AS1	3	50341106
ZMYND10	3	50345683
NPRL2	3	50350775
CYB561D2	3	50350871
TMEM115	3	50359508
RNA5SP131	3	50419781
CACNA2D2	3	50503555
C3orf18	3	50567778
HEMK1	3	50569496
CISH	3	50611766
MAPKAPK3	3	50617116
LINC02019	3	50670340
DOCK3	3	50674937
MIR4787	3	50675080
PPIAP69	3	50685791
ZNF652P1	3	50788285
ST13P14	3	50877657
MANF	3	51385409
RBM15B	3	51391285
DCAF1	3	51500002
RAD54L2	3	51538739
RNU6ATAC29P	3	51611562
TEX264	3	51671254
RNA5SP132	3	51694582
GRM2	3	51707089
IQCF6	3	51779230
IQCF4P	3	51817970
IQCF3	3	51828651
IQCF2	3	51861622
RN7SL504P	3	51872178
IQCF5-AS1	3	51873596
IQCF5	3	51875601
IQCF1	3	51903344
RRP9	3	51941913
PARP3	3	51942971
GPR62	3	51955381
PCBP4	3	51967448
ABHD14B	3	51974043
ABHD14A	3	51975064
ABHD14A-ACY1	3	51975100
ACY1	3	51983530
RPL29	3	51995861
DUSP7	3	52056368
POC1A	3	52154423
ALDOAP1	3	52193170
ALAS1	3	52198133
TLR9	3	52225645
TWF2	3	52239131
TWF2-DT	3	52239250
PPM1M	3	52245898
MIRLET7G	3	52268361
WDR82	3	52278645
GLYCTK	3	52287831
MIR135A1	3	52294308
GLYCTK-AS1	3	52298936
PPP2R5CP	3	52373652
DNAH1	3	52384874
BAP1	3	52408047
PHF7	3	52411040
SEMA3G	3	52445083
TNNC1	3	52452834
NISCH	3	52464624
STAB1	3	52507961
NT5DC2	3	52533767
UQCC5	3	52534525
RNU6-856P	3	52551943
RNU6ATAC16P	3	52560570
PBRM1	3	52685866
GNL3	3	52686031
SNORD19	3	52689248
SNORD19B	3	52690744
SNORD19C	3	52691378
SNORD69	3	52692736
GLT8D1	3	52705773
SPCS1	3	52706103
AK3P7	3	52734735
AKTIPP1	3	52753526
NEK4	3	52770926
ITIH1	3	52779214
ITIH3	3	52798612
ITIH4-AS1	3	52823935
ITIH4	3	52830671
MUSTN1	3	52834967
STIMATE-MUSTN1	3	52842947
MIR8064	3	52846552
STIMATE	3	52897543
SFMBT1	3	53046031
SERBP1P3	3	53065091
RFT1	3	53130453
PRKCD	3	53161514
TKT	3	53255987
SNORD38C	3	53333128
DCP1A	3	53347540
RPS25P4	3	53475089
CACNA1D	3	53731029
CHDH	3	53846399
IL17RB	3	53846567
ACTR8	3	53881840
SELENOK	3	53891862
CABYRP1	3	54048793
CACNA2D3	3	54123479
RPS15P5	3	54626215
ESRG	3	54639884
CACNA2D3-AS1	3	54901256
LRTM1	3	54947573
LINC02017	3	55178172
LINC02030	3	55226908
WNT5A	3	55481393
WNT5A-AS1	3	55487699
ERC2-IT1	3	55659382
MIR3938	3	55852594
RN7SKP45	3	56072104
RNA5SP133	3	56185104
ERC2	3	56304323
CCDC66	3	56557220
TASOR	3	56666410
ARHGEF3	3	56928189
ARHGEF3-AS1	3	56940040
SPATA12	3	57062017
RPL19P2	3	57134142
IL17RD	3	57165351
HESX1	3	57199983
APPL1	3	57227791
ASB14	3	57285818
DNAH12	3	57333215
RNU6-1181P	3	57512450
RNF7P1	3	57520010
RPS8P5	3	57530967
RNU6-108P	3	57536358
RNU6-483P	3	57548838
ARF4	3	57597387
PDE12	3	57597661
RNU6ATAC26P	3	57619447
DENND6A	3	57692844
DENND6A-DT	3	57693179
SLMAP	3	57757236
PDHA1P1	3	57801448
PPIAP16	3	57941818
FLNB	3	58146678
FLNB-AS1	3	58167975
DNASE1L3	3	58211173
ABHD6	3	58238006
RPP14	3	58306286
HTD2	3	58306339
PXK	3	58332903
WDR53P1	3	58379525
PDHB	3	58433828
KCTD6	3	58492297
RPL27P9	3	58511310
ACOX2	3	58537165
FAM107A	3	58587079
FAM3D-AS1	3	58607086
FAM3D	3	58666774
CFAP20DC-AS1	3	58824465
CFAP20DC	3	59049875
CFAP20DC-DT	3	59065512
SNRPB2P1	3	59535863
MTERF1P1	3	60616822
MIR548BB	3	60617870
PPIAP70	3	60690719
TMED2P1	3	60730644
PPIAP71	3	60732636
FHIT	3	61251412
PTPRG	3	61561911
RPL10AP6	3	61743106
RNU2-10P	3	62118510
ID2B	3	62124608
PTPRG-AS1	3	62318947
CEP15	3	62319032
FEZF2	3	62373937
CADPS	3	62550501
RPL14P2	3	62779785
RN7SL863P	3	62796419
RNU6-139P	3	62814382
RPS10P10	3	62926371
LINC00698	3	63028223
KRT8P35	3	63097711
UBL5P3	3	63203448
SYNPR	3	63351429
RNA5SP134	3	63545440
SYNPR-AS1	3	63645591
SNTN	3	63652679
CDHR18P	3	63805093
C3orf49	3	63821310
THOC7-AS1	3	63860645
THOC7	3	63863786
ATXN7	3	63912258
SCAANT1	3	63912383
PSMD6-AS2	3	64004022
PSMD6-AS1	3	64011964
PSMD6	3	64023458
LINC00994	3	64087363
PRICKLE2-AS2	3	64103470
PRDX3P4	3	64174401
PRICKLE2-AS3	3	64187544
PRICKLE2	3	64268166
PRICKLE2-DT	3	64445267
RNU6-739P	3	64511755
ADAMTS9-AS1	3	64561721
ADAMTS9	3	64671327
ADAMTS9-AS2	3	64685106
LINC02040	3	65174941
MAGI1	3	65573617
ILF2P1	3	65687301
RPL17P17	3	65843890
MAGI1-AS1	3	65893816
MAGI1-IT1	3	65954558
SLC25A26	3	66221007
RNU6-787P	3	66293220
RN7SL482P	3	66323855
LRIG1	3	66501009
TCEAL8P1	3	66623102
RPL21P41	3	66637149
KBTBD8	3	66998616
MIR4272	3	67225464
NDUFB4P1	3	67513940
SUCLG2	3	67654610
SUCLG2-DT	3	67654729
TAFA1	3	68006230
COPS8P2	3	68145004
LCORLP1	3	68192398
RPLP0P8	3	68634356
PSMC1P1	3	68635705
RNA5SP135	3	68882967
TAFA4	3	68932557
EOGT	3	69013599
EOGT-DT	3	69014001
MIR3136	3	69049035
TMF1	3	69052265
UBA3	3	69080372
ARL6IP5	3	69085021
LMOD3	3	69122595
FRMD4B	3	69320968
RBM43P1	3	69472532
H1-8P1	3	69536693
MITF	3	69760714
RN7SL418P	3	69769773
SAMMSON	3	69999732
RNPC3P1	3	70126609
UQCRHP4	3	70140217
MDFIC2	3	70312638
COX6CP6	3	70751123
HMGB1P36	3	70753854
RNU6-281P	3	70808350
FOXP1-AS1	3	71289764
FOXP1	3	71306033
MIR1284	3	71542089
FOXP1-IT1	3	71574457
FOXP1-DT	3	71584070
EIF4E3	3	71728720
GPR27	3	71753855
PROK2	3	71785177
RN7SL271P	3	71827177
UBE2Q2P9	3	72006774
CCDC137P2	3	72085109
CCDC137P1	3	72086888
LINC00877	3	72100914
LINC00870	3	72152737
RYBP	3	72380494
RNU1-62P	3	72576691
MTCO3P47	3	72583370
RNA5SP136	3	72691811
U2SURPP1	3	72772539
SHQ1	3	72848430
PSMD12P1	3	72878102
LAPTM4BP2	3	72884234
GXYLT2	3	72908022
FTH1P23	3	72929044
PPP4R2	3	72996839
RNU7-19P	3	73027808
EBLN2	3	73061659
RNU6-557P	3	73092257
RNU2-64P	3	73110992
GPATCH11P1	3	73183291
RNU6-1270P	3	73241896
PDZRN3	3	73454268
RNU7-119P	3	73594002
PDZRN3-AS1	3	73623542
PRDX5P1	3	73648807
LINC02005	3	73813579
LINC02047	3	73999805
HSP90AB5P	3	74101349
AKR1B1P2	3	74135959
CNTN3	3	74614659
NIPA2P2	3	75084155
RN7SL294P	3	75183048
MIR4444-2	3	75214476
HNRNPA3P6	3	75214631
MYLKP1	3	75339071
OR7E66P	3	75348787
OR7E22P	3	75357501
OR7E55P	3	75371342
EVA1CP5	3	75391810
LSP1P2	3	75395188
ALG1L6P	3	75415070
FAM86DP	3	75435070
LINC02018	3	75435345
ENPP7P2	3	75491202
SNRPCP10	3	75521803
RPS3AP15	3	75542929
VPS51P4	3	75590649
OR7E121P	3	75599673
UNC93B3	3	75623849
RPL23AP49	3	75625153
CLUHP10	3	75629993
MIR1324	3	75630763
AGGF1P3	3	75654773
RARRES2P1	3	75658534
FRG2C	3	75664329
DUX4L26	3	75668931
LINC00960	3	75672391
MIR4273	3	75738280
ZNF717	3	75785558
CAP1P1	3	76434018
ROBO2	3	77040104
RNU6-386P	3	77092057
VDAC1P7	3	77317598
RNU6-217P	3	77811844
LINC02077	3	78048637
RN7SL647P	3	78115158
RN7SKP61	3	78161698
MRPS17P3	3	78525101
ROBO1	3	78715257
RPS12P6	3	78758974
RN7SL751P	3	78938292
MIR3923	3	79507887
HMGB1P38	3	79958142
OSBPL9P1	3	80163327
HNRNPA3P8	3	80216261
HYDINP1	3	80442081
LINC02050	3	80770605
LINC02027	3	80993862
RNU2-28P	3	81509476
SETP6	3	81612805
GBE1	3	81761575
LINC02008	3	82031985
RPL7AP23	3	82320279
CYP51A1P1	3	82808021
SRRM1P2	3	83937045
TMEM183AP5	3	84692591
LINC00971	3	84869628
LINC02025	3	84883460
CADM2	3	84959275
MIR5688	3	85385710
CADM2-AS2	3	85828050
THAP12P2	3	86012561
CADM2-AS1	3	86028007
RNU6-1129P	3	86235321
RN7SKP284	3	86362132
LINC02070	3	86481943
VGLL3	3	86991119
PPATP1	3	87052738
LINC00506	3	87089167
MIR4795	3	87226277
CHMP2B	3	87227312
POU1F1	3	87276523
KRT8P25	3	87323268
APOOP2	3	87594838
PSMC1P6	3	87631619
RNU6-873P	3	87742649
HTR1F	3	87792705
RNU6ATAC6P	3	87910220
CGGBP1	3	88059048
ZNF654	3	88059248
CBX5P1	3	88095968
C3orf38	3	88149973
ABCF2P1	3	88317156
CSNK2A2IP	3	88338460
NDUFA5P5	3	88601061
ICE2P2	3	88948142
GAPDHP50	3	89048434
EPHA3	3	89107633
MTCO2P6	3	89588570
MTCO1P6	3	89590097
RNU6-712P	3	90184634
PROS2P	3	90257415
HSPE1P19	3	90261708
RNU6-488P	3	93843764
PROS1	3	93973879
RNU6-511P	3	93977029
ARL13B	3	93980165
HMGN1P7	3	93988946
STX19	3	94028638
DHFR2	3	94062916
NSUN3	3	94063004
RBBP4P2	3	94077175
ARMC10P1	3	94507620
WDR82P1	3	94938024
LINC00879	3	94938255
RPS18P6	3	95171920
MTHFD2P1	3	95655838
HNRNPKP4	3	96349554
MIR8060	3	96359964
RBBP4P7	3	96566357
RNU6-1094P	3	96608917
RPL18AP8	3	96619304
RCC2P5	3	96753185
CDV3P1	3	96776945
EPHA6	3	97439610
TPTE2P7	3	97481506
ARL6	3	97764767
CRYBG3	3	97873111
RIOX2	3	97972412
GABRR3	3	98035309
OR5BM1P	3	98053374
OR5AC1	3	98064472
OR5AC2	3	98087173
OR5AC4P	3	98104754
POU5F1P7	3	98119191
OR5H1	3	98130721
OR5H14	3	98148402
OR5H15	3	98166696
OR5H5P	3	98197211
OR5H3P	3	98207423
OR5H4P	3	98222044
OR5H7P	3	98238352
OR5H6	3	98264244
OR5H2	3	98282505
OR5H8	3	98306752
OR5K4	3	98353854
OR5K3	3	98390666
UBFD1P1	3	98434034
OR5K1	3	98466340
OR5K2	3	98497681
CLDND1-AS1	3	98522570
CLDND1	3	98522896
RPL38P4	3	98525274
GPR15	3	98531978
CPOX	3	98593623
RPL19P7	3	98620065
WWP1P1	3	98657802
ST3GAL6-AS1	3	98732649
ST3GAL6	3	98732702
PDLIM1P4	3	98782188
RNU6-26P	3	98805084
DCBLD2	3	98901080
LINC00973	3	98902224
RNU6-1263P	3	98908459
ACTG1P13	3	99216266
ARHGEF28P1	3	99326552
COL8A1	3	99638595
FILIP1L	3	99876188
MIR3921	3	99964398
CMSS1	3	100114930
TMEM30CP	3	100185687
DUSP12P1	3	100223858
VTI1BP1	3	100225374
TBC1D23	3	100261000
NIT2	3	100334763
TOMM70	3	100401088
LNP1	3	100401593
TMEM45A	3	100492735
ADGRG7	3	100635540
GMFBP1	3	100665476
TFG	3	100709536
ABRAXAS1P1	3	100912175
RNU6-865P	3	100952627
ABI3BP	3	100993435
ACTR3P3	3	101163094
IMPG2	3	101320575
ZNF90P1	3	101357292
FAM136CP	3	101414228
BTF3P16	3	101457732
SENP7	3	101513205
ARB2BP	3	101521891
TRMT10C	3	101561954
PCNP	3	101574198
RPS18P5	3	101576947
RPL32P7	3	101599644
RNU6-1256P	3	101615826
RNY1P12	3	101662164
ZBTB11	3	101666073
ZBTB11-AS1	3	101676421
RPL24	3	101686713
PDCL3P4	3	101712472
CEP97	3	101724640
NXPE3	3	101779249
NFKBIZ	3	101850263
RDUR	3	101940765
ZPLD1	3	102175683
RNU6-461P	3	102755170
RNU1-43P	3	103159960
NDUFA4P2	3	103240987
MIR548AB	3	103524116
SSX2IPP1	3	103540487
TUBBP11	3	103630661
RAP1BP2	3	104063039
EZRP1	3	104502700
ALCAM	3	105439338
CBLB	3	105868972
FCF1P3	3	106848671
MTND4P16	3	106895718
MTND4LP3	3	106896408
MTND3P6	3	106896821
MTCO3P35	3	106897671
MTATP6P22	3	106898268
MTND5P16	3	106898889
MTND6P6	3	106900855
MTND1P16	3	106901068
MTCO1P35	3	106901081
MTND2P14	3	106902173
RNU6-1308P	3	107007568
PTPN11P1	3	107107000
LINC00882	3	107240588
DUBR	3	107240714
CSP2	3	107329197
CCDC54	3	107377439
CCDC54-AS1	3	107400914
LINC01990	3	107430897
BBX	3	107524874
LINC00635	3	107878050
LINC00636	3	107927489
CD47	3	108091027
LINC01215	3	108111353
IFT57	3	108222418
HHLA2	3	108296545
HNRNPA1P17	3	108326814
MYH15	3	108487191
RPL13P8	3	108543875
CIP2A	3	108589445
DZIP3	3	108589694
RETNLB	3	108757212
TRAT1	3	108822773
GUCA1C	3	108953766
MORC1-AS1	3	109101428
MORC1	3	109118118
C3orf85	3	109136731
LINC00488	3	109178081
RNU6-1236P	3	109225129
BRD7P7	3	109241507
DPPA2	3	109315033
DPPA4	3	109337532
RLIG1P2	3	109396616
LINC01205	3	109410039
H3P12	3	109410084
PPIAP15	3	109471812
MIR4445	3	109602828
DIMT1P1	3	109702218
NFYBP1	3	109916940
ZFAND2AP1	3	109977767
RNU6ATAC15P	3	110551965
RPSAP29	3	110683154
NECTIN3-AS1	3	111071193
NECTIN3	3	111072020
ATP6V0CP2	3	111478737
CD96	3	111542164
NECTIN2P1	3	111571054
ZBED2	3	111595322
NT5C3AP2	3	111633672
PLCXD2-AS1	3	111677433
PLCXD2	3	111691348
PHLDB2	3	111859796
ABHD10	3	111979026
TAGLN3	3	111998896
RFKP2	3	112031649
TMPRSS7	3	112039706
C3orf52	3	112086437
MIR567	3	112112801
GCSAM	3	112133251
TBILA	3	112133423
INAVAP1	3	112185998
SLC9C1	3	112294216
CD200LP	3	112321140
CD200	3	112333068
BTLA	3	112499358
OR7E100P	3	112525201
ATG3	3	112561857
SLC35A5	3	112562070
CCDC80	3	112641138
MAT2AP1	3	112697706
LINC02042	3	112749343
CD200R1L-AS1	3	112802586
CD200R1L	3	112845950
CD200R1P1	3	112897462
CD200R1	3	112975090
GTPBP8	3	112990989
NEPRO	3	113019664
DNAJB1P2	3	113041814
LOLI1	3	113104419
NEPRO-AS1	3	113148172
LINC02044	3	113157952
BOC	3	113211761
RABGGTBP1	3	113360267
CFAP44	3	113403878
CFAP44-AS1	3	113403988
MIR8076	3	113432200
SPICE1	3	113515129
SPICE1-CFAP44	3	113515151
SIDT1	3	113532942
SIDT1-AS1	3	113590189
MIR4446	3	113594876
RN7SL767P	3	113632704
USF3	3	113685769
DBTP1	3	113741254
NAA50	3	113746144
ATP6V1A	3	113747053
GRAMD1C	3	113838894
RPS10P4	3	113850731
CTDNEP1P1	3	113885298
VPS26AP1	3	113919222
ZDHHC23	3	113948013
ATP5PBP8	3	113984037
CCDC191	3	114056526
QTRT2	3	114056803
H2BP3	3	114103628
DRD3	3	114179052
ATOSBP1	3	114233021
ZNF80	3	114237578
TIGIT	3	114294014
MIR568	3	114316569
ZBTB20-AS1	3	114351817
ZBTB20-AS5	3	114453593
ZBTB20-AS2	3	114684580
MIR4796	3	114743525
ZBTB20-AS3	3	114873114
ZBTB20	3	114900337
YBX1P3	3	114930541
ZBTB20-AS4	3	115100423
EIF4E2P2	3	115279125
GAP43	3	115623542
RN7SL815P	3	115837870
LSAMP-AS1	3	116354208
LSAMP	3	116444983
LINC00903	3	116552473
RN7SL582P	3	116582830
BZW1P2	3	116646727
TUSC7	3	116709779
MIR4447	3	116850367
LINC00901	3	116921435
RNU5E-8P	3	116965227
PTMAP8	3	117026698
RNU6-1200P	3	117544205
DRG1P2	3	117675144
LINC02024	3	117690960
LINC03051	3	117997585
IGSF11-AS1	3	118943101
IGSF11	3	119034889
TEX55	3	119146300
UPK1B	3	119173582
B4GALT4-AS1	3	119226477
B4GALT4	3	119240677
ARHGAP31	3	119294383
RPS26P21	3	119298665
ARHGAP31-AS1	3	119322645
RNU6-1127P	3	119341940
TMEM39A	3	119463617
POGLUT1	3	119468994
TIMMDC1-DT	3	119498181
TIMMDC1	3	119498575
CD80	3	119558770
ADPRH	3	119579528
PLA1A	3	119597885
RPL10P7	3	119636150
POPDC2	3	119660588
COX17	3	119677386
CFAP91	3	119706741
NR1I2	3	119782101
PHB1P8	3	119791829
GSK3B	3	119956280
PARLP1	3	120028740
RFKP3	3	120041190
GSK3B-DT	3	120095215
RN7SL762P	3	120110786
RN7SL397P	3	120121909
GPR156	3	120285084
PTOV1P1	3	120306726
LRRC58	3	120349385
BTNL12P	3	120357754
PPDPFP1	3	120388029
MIR198	3	120395729
FSTL1	3	120450991
CDK2AP1P1	3	120484527
RPL34P9	3	120512850
NDUFB4	3	120596341
HGD	3	120682239
MTCO1P29	3	120722024
MTCO2P29	3	120722458
RABL3	3	120742516
GTF2E1	3	120742753
NAP1L1P3	3	120805866
LINC02049	3	120907910
STXBP5L	3	120908301
MIR5682	3	121049640
ARPC1AP1	3	121356991
RPL7AP11	3	121494110
POLQ	3	121543733
ARGFX	3	121569331
FBXO40	3	121593329
RN7SL172P	3	121654296
RNU4-62P	3	121655604
HCLS1	3	121660902
GOLGB1	3	121730474
IQCB1	3	121835034
EAF2	3	121835223
SLC15A2	3	121894452
ILDR1	3	122022198
CD86	3	122077846
CASR	3	122184383
HNRNPA1P23	3	122317609
CSTA	3	122325255
MIX23	3	122383227
FAM162A	3	122384214
WDR5B-DT	3	122416204
WDR5B	3	122416263
KPNA1	3	122514911
PARP9	3	122564276
DTX3L	3	122564382
PARP15	3	122577640
EIF4BP8	3	122660613
PARP14	3	122683810
HSPBAP1	3	122793790
SLC49A4	3	122795084
LINC02035	3	122888676
SEMA5B	3	123027725
PDIA5	3	123078227
MIR7110	3	123161794
SEC22A	3	123201969
ADCY5	3	123413168
HACD2	3	123584555
MYLK-AS1	3	123585521
MYLK	3	123695687
CCDC14	3	123961210
ROPN1	3	123992109
MIR5002	3	124132929
RPL7P15	3	124153063
MIR6083	3	124374332
KALRN	3	124384587
RNU6-143P	3	124407691
UMPS	3	124730448
MIR544B	3	124732439
RPS26P22	3	124733754
ITGB5-AS1	3	124781155
ENO1P3	3	124863317
ITGB5	3	124887392
MUC13	3	124934747
HEG1	3	125010549
RNA5SP137	3	125058438
DAGARR	3	125061411
RNU6-230P	3	125119200
MIR5092	3	125151552
SLC12A8	3	125211733
DUTP1	3	125310881
DNAJB6P7	3	125344797
ZNF148	3	125375266
RNU6-232P	3	125388934
SNX4	3	125520183
OSBPL11	3	125595483
YTHDF3P1	3	125679573
MYLKP2	3	125681305
OR7E130P	3	125703349
OR7E29P	3	125712139
OR7E93P	3	125724539
OR7E53P	3	125734295
OR7E97P	3	125747084
VPS51P6	3	125756086
RPS24P9	3	125788146
MIR548I1	3	125790552
RPS3AP14	3	125795106
SNRPCP11	3	125816286
ENPP7P4	3	125848223
LINC02614	3	125915787
FAM86JP	3	125916608
FBRSL1P1	3	125958556
ROPN1B	3	125969205
ALG1L1P	3	125990537
SLC41A3	3	126084096
ALDH1L1-AS1	3	126084273
RNU1-30P	3	126160445
ALDH1L1-AS2	3	126180064
ALDH1L1	3	126180586
KLF15	3	126357408
CFAP100-DT	3	126394828
CFAP100	3	126395972
ZXDC	3	126475891
UROC1	3	126517753
CHST13	3	126524155
C3orf22	3	126558948
RNA5SP138	3	126564678
METTL5P2	3	126624792
TXNRD3	3	126632173
NUP210P1	3	126662081
SF3A2P1	3	126673223
CHCHD6	3	126704241
RCC2P4	3	126767475
PLXNA1	3	127026385
PRR23E	3	127193131
PRR23E2P	3	127221881
RNU6-1047P	3	127241074
PRR20G	3	127288046
LINC02016	3	127371553
LINC01472	3	127489557
LINC01471	3	127536927
LINC02034	3	127537937
MIR6825	3	127575331
MIR7976	3	127587176
TPRA1	3	127591090
MCM2	3	127598982
PODXL2	3	127629185
ABTB1	3	127672988
MGLL	3	127822500
KBTBD12	3	127915500
RNA5SP139	3	127963608
SEC61A1	3	128052438
RNU2-37P	3	128075249
RUVBL1-AS1	3	128075810
RUVBL1	3	128123781
RNU6-823P	3	128141977
EEFSEC	3	128153481
DNAJB8-AS1	3	128463596
DNAJB8	3	128466929
GATA2-AS1	3	128489217
GATA2	3	128490220
TMED10P2	3	128538020
LINC01565	3	128575987
RPN1	3	128650826
POU5F1P6	3	128677005
RAB7A	3	128726192
MARK2P8	3	128749489
FTH1P4	3	128765018
RN7SL698P	3	128785147
RPS15AP16	3	128799201
MARK2P17	3	128844404
MARK3P3	3	128849399
MARK2P6	3	128853008
CIDECP2	3	128869624
ACAD9-DT	3	128879423
ACAD9	3	128879644
CFAP92	3	128985106
EFCC1	3	129001475
JMJD4P1	3	129045763
GP9	3	129060784
RAB43	3	129122148
ISY1-RAB43	3	129161036
ISY1	3	129161059
CNBP	3	129183846
RPS27P12	3	129218350
COPG1	3	129249625
MIR6826	3	129272146
HMCES	3	129278956
H1-10	3	129316286
H1-10-AS1	3	129316786
NUP210P3	3	129325426
MARK2P3	3	129334586
MARK2P19	3	129345411
IFT122P2	3	129381298
RPL32P3	3	129397109
SNORA7B	3	129397348
EFCAB12	3	129425100
MBD4	3	129440009
IFT122	3	129440280
RHO	3	129528639
H1-8	3	129545780
PLXND1	3	129568685
RN7SL752P	3	129591349
CARMIL2P1	3	129632492
RNY3P13	3	129818932
TMCC1	3	129893575
TMCC1-DT	3	129893860
TRH	3	129974704
RPS17P9	3	129998531
VPS51P10	3	130013541
OR7E129P	3	130022520
OR7E21P	3	130035539
EVA1CP6	3	130055920
ALG1L2	3	130081961
LINC02014	3	130094406
FAM86HP	3	130111472
LINC02021	3	130112481
ENPP7P3	3	130168030
SNRPCP8	3	130199708
COL6A4P2	3	130212823
ATP5MC2P5	3	130293337
COL6A5	3	130345672
COL6A6	3	130581682
PIK3R4	3	130724925
RN7SKP212	3	130812095
GSTO3P	3	130827659
ATP2C1	3	130894178
CSRP2P2	3	130919120
ASTE1	3	131026798
NEK11	3	131026923
NEK11-AS1	3	131072341
RNU6-726P	3	131092927
NUDT16-DT	3	131361717
NUDT16L2P	3	131361835
NUDT16	3	131381774
SNORA58	3	131479233
MRPL3	3	131502946
BCL2L12P1	3	131526447
MIR5704	3	131985931
CPNE4	3	132035041
PSMC2P1	3	132175402
RPL7P16	3	132244265
ACP3	3	132317431
G2E3P1	3	132386522
NIP7P2	3	132401253
DNAJC13	3	132474256
ACKR4	3	132597273
HSPA8P19	3	132645831
ACAD11	3	132659800
UBA5	3	132660360
NPHP3-ACAD11	3	132703614
NPHP3	3	132722007
NPHP3-AS1	3	132857626
TMEM108	3	133041786
TMEM108-AS1	3	133257127
AFF4P1	3	133409955
BFSP2	3	133424764
MAF1P1	3	133490824
BFSP2-AS1	3	133491084
FAM76AP1	3	133546272
CDV3	3	133574239
TOPBP1	3	133661597
RNU6-678P	3	133664926
INHCAP	3	133688192
RNA5SP140	3	133710167
TF	3	133747150
ACSL3P1	3	133760300
SRPRB	3	133805818
RAB6B	3	133895559
C3orf36	3	133929812
SLCO2A1	3	134029970
LINC02000	3	134057955
HMGB3P14	3	134170487
RYK	3	134250821
LINC02004	3	134313456
RPL39P5	3	134352089
AMOTL2	3	134374445
HMGN1P9	3	134385197
HMGB3P13	3	134437605
ANAPC13	3	134485730
CEP63	3	134486110
DPPA4P2	3	134511413
KY	3	134651021
RNU6-1174P	3	134780627
RNA5SP141	3	134783555
EPHB1	3	134795632
SDHBP1	3	135925891
NDUFS6P1	3	135959590
PPP2R3A	3	135965989
DONSONP1	3	136055184
CRIPTOP6	3	136155549
MSL2	3	136196584
RPL31P23	3	136205915
PCCB	3	136250364
RNU6-1284P	3	136430183
HMGN1P10	3	136609050
RNU6-789P	3	136721495
DNAJC8P2	3	136737229
STAG1	3	136752375
STAG1-DT	3	136752639
SULT1D1P2	3	136809623
SLC35G2	3	136819110
NCK1-DT	3	136862048
NCK1	3	136862261
RAD51AP1P1	3	136900076
IL20RB	3	136957996
IL20RB-AS1	3	136982196
RNA5SP142	3	137518255
MTCH2P1	3	137536142
NPM1P17	3	137723774
SOX14	3	137764315
LINC01210	3	137771908
HSPA8P9	3	137880295
CLDN18	3	138010165
KRT8P36	3	138102917
DZIP1L	3	138110875
A4GNT	3	138132390
DBR1	3	138174918
ARMC8	3	138187522
NME9	3	138329823
MRAS	3	138348666
ESYT3	3	138434625
CEP70	3	138594240
FAIM	3	138608895
PPIAP72	3	138644694
GAPDHP39	3	138777832
RPL23AP40	3	138796851
EEF1A1P25	3	138825063
PIK3CB	3	138834884
ATP5MC1P3	3	138889957
LINC01391	3	138944012
FOXL2	3	138947137
FOXL2NB	3	138947226
PRR23A	3	139006268
PRR23B	3	139020926
PRR23C	3	139044892
RPL7L1P7	3	139082377
BPESC1	3	139104185
PISRT1	3	139232992
MRPS22	3	139344019
COPB2	3	139389654
COPB2-DT	3	139389827
RBP2	3	139480735
ACTG1P1	3	139493809
RBP1	3	139539735
DTWD1P1	3	139583593
RN7SKP124	3	139584445
RN7SL724P	3	139609939
NMNAT3	3	139677968
TRMT112P5	3	139845411
CLSTN2	3	139935186
CLSTN2-AS1	3	140677953
TRIM42	3	140678064
RPL23AP41	3	140902194
SLC25A36	3	140941875
SPSB4	3	141051378
PXYLP1	3	141231877
RPL31P21	3	141258418
PHF5AP7	3	141307933
ZBTB38	3	141386877
KRT18P35	3	141471902
RASA2	3	141487047
RASA2-IT1	3	141525133
YWHAQP6	3	141600579
LRRC78P	3	141663092
TPT1P3	3	141709832
RNF7	3	141738298
GRK7	3	141770778
HMGN2P25	3	141865279
ATP1B3	3	141876642
RNU6-509P	3	141903030
ATP1B3-AS1	3	141919021
TFDP2	3	142029157
RPL19P6	3	142044198
RNU6-425P	3	142145454
GK5	3	142225515
RNU6-1294P	3	142407737
RNU1-100P	3	142420369
XRN1	3	142447992
EIF2AK1P1	3	142450102
ATR	3	142506897
RPL6P9	3	142580910
RNA5SP143	3	142591791
PLS1	3	142596477
PLS1-AS1	3	142656836
RN7SKP25	3	142673597
TRPC1	3	142724367
RNU7-47P	3	142801207
RPL8P3	3	142827728
PCOLCE2	3	142889041
HLMR1	3	142931459
PAQR9	3	142963674
PAQR9-AS1	3	142964094
U2SURP	3	143001625
CHST2	3	143119771
PBX2P1	3	143176327
SLC9A9-AS1	3	143342246
SLC9A9-AS2	3	143381338
GAPDHP47	3	143504273
ST13P15	3	143518229
UBTD2P1	3	143620528
SLC9A9	3	143848465
RPS17P10	3	143856142
DIPK2A	3	143972877
RNA5SP144	3	144187020
LARP7P4	3	145523538
GM2AP1	3	145684572
RPL21P39	3	145824739
LNCSRLR	3	146069185
PLOD2	3	146160992
PLSCR4	3	146250967
PLSCR4P1	3	146348480
PLSCR2	3	146469458
PLSCR1	3	146544556
RNU6-428P	3	146571477
PLSCR5-AS1	3	146589602
PLSCR5	3	146605292
LINC02010	3	146921879
RNU6-505P	3	146996713
RPL21P71	3	147276768
ZIC4-AS1	3	147386965
ZIC4	3	147403798
ZIC1	3	147409365
NPM1P28	3	147591835
LINC02032	3	148078163
HNRNPA1P20	3	148167298
LINC02045	3	148218232
LINC02046	3	148280887
RPL38P1	3	148696204
AGTR1	3	148698081
HMGB1P30	3	148825387
CPB1	3	148827872
CPA3	3	148865297
UBQLN4P1	3	148987668
GYG1	3	148991563
HLTF-AS1	3	149086332
HLTF	3	149086504
MED28P2	3	149099815
HPS3	3	149129667
CP	3	149199926
CPHL1P	3	149276664
TM4SF18-AS1	3	149284780
TM4SF18	3	149333615
RPS25P5	3	149357545
TM4SF1-AS1	3	149373970
TM4SF1	3	149377649
RPL32P8	3	149433274
FKBP1AP4	3	149464114
WDR70P1	3	149464830
TM4SF4	3	149474699
EEF1A1P45	3	149494660
RNU6-1098P	3	149525631
WWTR1-IT1	3	149650184
WWTR1-AS1	3	149657036
WWTR1	3	149658036
COMMD2	3	149752469
RNU6-507P	3	149779108
ANKUB1	3	149792438
RNF13	3	149813202
RNU6-720P	3	149917449
NPM1P29	3	149939799
PFN2	3	149970922
PFN2-AS1	3	149976755
TMEM183BP	3	149983308
PPIAP73	3	149984395
HNRNPA1P24	3	149999645
EIF3JP2	3	150050729
LINC01998	3	150080120
RPL32P9	3	150150538
LINC01213	3	150231135
LINC01214	3	150323739
TSC22D2	3	150410989
EIF2A	3	150546789
SERP1	3	150583155
SELENOT	3	150603324
SAP30P1	3	150611877
ERICH6-AS1	3	150703541
ERICH6	3	150703932
SNRPCP3	3	150720836
SIAH2	3	150763453
SIAH2-AS1	3	150763573
MINDY4B	3	150904416
CLRN1	3	150972684
MED12L	3	151086641
RNA5SP145	3	151188099
GPR171	3	151203201
SETP11	3	151269440
P2RY14	3	151278400
GPR87	3	151306052
P2RY13	3	151329549
P2RY12	3	151350269
IGSF10	3	151443150
MRPL42P6	3	151476174
MIR5186	3	151565995
LINC02066	3	151568637
AADACL2	3	151733921
AADACP1	3	151770474
AADAC	3	151814013
SUCNR1	3	151877973
AADACL2-AS1	3	151928175
LINC02917	3	152205418
MBNL1	3	152269295
MBNL1-AS1	3	152269554
TMEM14EP	3	152340947
ATP5MGP5	3	152800732
P2RY1	3	152835131
HMGN2P13	3	153067278
KIAA1328P1	3	153129640
RAP2B	3	153162226
RN7SL300P	3	153200017
LINC03109	3	153357145
LINC02877	3	153440859
RNU6-901P	3	153471571
LINC02006	3	153762526
RPL21P42	3	154023835
ARHGEF26-AS1	3	154121133
ARHGEF26	3	154121431
DHX36	3	154315766
DDX50P2	3	154354799
GPR149	3	154430190
SYPL1P1	3	154652423
DYNLL1P5	3	154657294
RPL9P15	3	154677119
MME	3	155080111
MME-AS1	3	155183285
LINC01487	3	155240940
STRIT1	3	155293683
PABPC1P10	3	155309807
DTWD1P2	3	155403399
RN7SL715P	3	155437823
PLCH1-AS1	3	155449184
PLCH1-AS2	3	155485691
RPL6P7	3	155657760
PLCH1	3	155745037
RPL7AP24	3	155760617
C3orf33	3	155806268
SLC33A1	3	155854407
GMPS	3	155870641
SETP14	3	155987304
VN2R1P	3	156019646
ALG1L15P	3	156044948
MRE11P1	3	156114198
SNRNP40P1	3	156176911
KCNAB1-AS2	3	156227883
KCNAB1	3	156291908
KCNAB1-AS1	3	156446905
SSR3	3	156555113
TIPARP	3	156674845
METTL15P1	3	156714928
TIPARP-AS1	3	156751635
PA2G4P4	3	156810732
LEKR1	3	156826329
KLF3P2	3	156977558
CRADDP1	3	156988712
RN7SKP177	3	157017342
LINC02029	3	157082494
LINC00880	3	157123015
CCNL1	3	157159441
KRT18P34	3	157163932
RNA5SP146	3	157174040
LINC00881	3	157174411
PCBP2P4	3	157231208
PTX3	3	157436850
VEPH1	3	157503393
SLC66A1LP	3	157569501
RN7SKP46	3	157930725
SHOX2	3	158106050
RSRC1	3	158110106
RPL15P6	3	158276421
LILRA2P1	3	158336777
RPS12P7	3	158496561
MLF1-DT	3	158571060
MLF1	3	158571195
MTAPP1	3	158610857
RFKP6	3	158626849
GFM1	3	158644574
LXN	3	158671120
RARRES1	3	158732473
RPL35AP9	3	158763431
MFSD1	3	158802114
GPR79	3	158841960
IQCJ	3	159069319
IQCJ-SCHIP1	3	159069469
MIR3919	3	159282646
RPS2P19	3	159387440
C9orf78P1	3	159722401
IQCJ-SCHIP1-AS1	3	159768601
RNU2-31P	3	159808570
SCHIP1	3	159839861
IL12A	3	159988861
LINC01100	3	160016000
IL12A-AS1	3	160039147
BRD7P2	3	160100850
C3orf80	3	160225609
RPL35AP10	3	160342685
IFT80	3	160399221
SMC4	3	160401645
MIR15B	3	160404588
MIR16-2	3	160404745
TRIM59	3	160449764
TRIM59-IFT80	3	160449829
B3GAT3P1	3	160452598
RNU7-136P	3	160472416
SCARNA7	3	160515236
KPNA4	3	160565411
KRT8P12	3	160567852
RPL6P8	3	160584945
ARL14	3	160677160
PPM1L-DT	3	160755143
PPM1L	3	160842213
B3GALNT1	3	161105231
NMD3	3	161221310
SRP14P5	3	161223147
EEF1GP4	3	161326219
PSMC1P7	3	161330238
SPTSSB	3	161371517
LINC02067	3	161426427
RPL23AP42	3	161429597
OTOL1	3	161496808
TOMM22P6	3	162486949
RPS6P4	3	163115429
LINC01192	3	163303337
RNU7-82P	3	163470266
NGRNP1	3	164002465
MIR1263	3	164171556
LINC01324	3	164731072
SI	3	165078495
LINC02023	3	165158104
SLITRK3	3	165196416
LINC01322	3	165206966
BCHE	3	165837423
MTND4P17	3	166160370
MTND4LP10	3	166160704
MTND3P7	3	166161119
MTCO3P38	3	166161968
MCUR1P2	3	166181820
SSBL6P	3	166293756
LINC01326	3	166570763
RN7SKP298	3	166670122
PSAT1P4	3	166691187
CBX1P5	3	166811009
PPIAP74	3	167065831
ZBBX	3	167380290
LINC01327	3	167392796
SERPINI2	3	167472865
WDR49	3	167653925
HMGN1P8	3	167694642
PDCD10	3	167734851
SERPINI1	3	167735300
MEMO1P3	3	167888414
LRRC77P	3	167896074
CYCSP56	3	167956616
HMGN2P26	3	167958744
GOLIM4	3	168095889
EGFEM1P	3	168249941
RNU2-20P	3	168475198
MIR551B	3	168551854
RPSAP33	3	168666559
RPL21P43	3	168859130
LINC02082	3	168902194
LINC01997	3	169003017
MECOM	3	169146553
MECOM-AS1	3	169447867
RPL22P1	3	169484080
SDHDP3	3	169709295
RNU6-637P	3	169720293
TERC	3	169765060
ACTRT3	3	169769613
MYNN	3	169773406
LRRC34	3	169812519
LRRIQ4	3	169812964
LRRC31	3	169869933
KRT18P43	3	169904260
SAMD7	3	169913491
FAM20BP1	3	169931998
FHL1P1	3	169966239
SEC62	3	169966811
SEC62-AS1	3	169985715
GPR160	3	170038176
RNU4-38P	3	170057301
KMT5AP3	3	170062244
RNU6-315P	3	170149845
PHC3	3	170181733
PRKCI	3	170222505
SKIL	3	170357734
CLDN11	3	170421218
MIR6828	3	170423103
SLC7A14-AS1	3	170467287
KRT8P13	3	170495627
SLC7A14	3	170586051
RPL28P1	3	170654259
RPL22L1	3	170870202
EIF5A2	3	170908616
KLF7P1	3	170953897
RNU1-70P	3	170995033
SLC2A2	3	171026721
MIR569	3	171106759
TNIK	3	171225711
RNU6-348P	3	171504351
MTCO1P58	3	171534423
PLD1	3	171803833
TMEM212	3	171843401
TMEM212-IT1	3	171894436
TMEM212-AS1	3	171900510
FNDC3B	3	172040535
RPS27AP8	3	172225872
RN7SL141P	3	172237326
BZW1P1	3	172427089
GHSR	3	172448455
TBPL1P1	3	172522228
TNFSF10	3	172523466
LINC02068	3	172595503
SLC31A1P1	3	172604006
NAP1L5P1	3	172680714
RNU6-547P	3	172703124
NCEH1	3	172711064
ECT2	3	172750790
RNU4-4P	3	172796558
ATP5MC1P4	3	172829176
MMACHCP1	3	172831229
SPATA16	3	173059143
NLGN1	3	173491501
TMEM229BP1	3	173644231
NLGN1-AS1	3	173920727
RN7SKP234	3	174057641
ANAPC15P2	3	174303287
RPL8P4	3	174377244
RN7SKP40	3	174631823
NAALADL2	3	174650154
EEF1B2P8	3	175060031
NAALADL2-AS3	3	175115270
NAALADL2-AS2	3	175271096
MIR4789	3	175369540
RNU6-1233P	3	175397348
RNU4-91P	3	175609479
DDX5P1	3	175676801
UBE2V1P2	3	175718670
RNU6-1317P	3	175767558
NAALADL2-AS1	3	175776329
ACTG1P23	3	175978570
EI24P1	3	176068908
EI24P6	3	176069107
TMEM38BP1	3	176114537
MIR7977	3	176515103
LINC01208	3	176664036
RNA5SP147	3	176763233
LINC01209	3	176816998
MTND5P15	3	177011067
TBL1XR1-AS1	3	177041133
RNU6-681P	3	177126120
TBL1XR1	3	177196504
LINC00501	3	177294418
ASS1P7	3	177298386
RN7SKP52	3	177503552
LINC00578	3	177545241
FGFR3P4	3	177701072
LINC02015	3	177827731
RNU6-1120P	3	178007779
LINC01014	3	178419234
RNA5SP148	3	178429290
PPIAP75	3	178493810
KCNMB2	3	178558765
KCNMB2-AS1	3	178860405
ZMAT3	3	179071813
PIK3CA-DT	3	179148019
PIK3CA	3	179148589
KCNMB3	3	179259208
LRRFIP1P1	3	179261273
ZNF639	3	179323763
MFN1	3	179347742
GNB4	3	179451458
RPL29P34	3	179452419
MTHFD2P7	3	179464346
ACTL6A	3	179562969
MRPL47	3	179604644
NDUFB5	3	179604816
H3P13	3	179650200
USP13	3	179721483
PEX5L-AS1	3	179875376
PEX5L-AS2	3	179898226
PEX5L	3	179974119
RNA5SP149	3	180161977
GAPDHP36	3	180212191
RALBP1P1	3	180323107
LINC02053	3	180414168
RNU6-486P	3	180581057
PSMG3P1	3	180590047
TTC14-DT	3	180602051
TTC14	3	180602209
CCDC39	3	180679465
CCDC39-AS1	3	180679825
RN7SL229P	3	180736703
RNF13P1	3	180773914
ACTBP16	3	180820544
FLYWCH1P1	3	180829850
RPL32P10	3	180888075
FXR1	3	180912670
DNAJC19	3	180989725
MATR3P2	3	181146233
RNU6-4P	3	181231737
FAUP2	3	181242901
RPL7AP25	3	181505879
SOX2-OT	3	181550798
SOX2	3	181711925
RN7SL703P	3	181813401
RNA5SP150	3	181822990
PSMG3P2	3	181847885
ZCCHC10P1	3	181867154
LINC01206	3	181952403
RN7SKP265	3	181968459
EIF4EP3	3	182461072
RPL7L1P8	3	182610674
LINC01994	3	182617810
LINC02031	3	182644446
PLA2G10P1	3	182691928
ATP11B-DT	3	182793380
ATP11B	3	182835395
EIF3EP4	3	182844619
C9orf85P2	3	182956307
DCUN1D1	3	182980723
MCCC1-AS1	3	183016255
MCCC1	3	183099521
LAMP3	3	183162832
B3GNT5	3	183254433
RNA5SP151	3	183258416
MCF2L2	3	183400539
SNHG33	3	183447629
SNORA63D	3	183451857
SNORA63E	3	183453814
TVP23CP3	3	183463201
KLHL6-AS1	3	183548701
KLHL6	3	183555642
PRICKLE1P1	3	183613620
KLHL24	3	183635642
YEATS2	3	183697846
YEATS2-AS1	3	183810031
MAP6D1	3	183825577
PARL	3	183884878
MIR4448	3	183886800
RPSAP31	3	183887555
CYP2AB1P	3	183910936
ABCC5-AS1	3	184006338
ABCC5	3	184017849
EEF1A1P8	3	184027756
HTR3D	3	184032286
HTR3C	3	184053047
HTR3C2P	3	184076779
HTR3E	3	184100179
HTR3E-AS1	3	184105178
HSP90AA5P	3	184115352
EIF2B5-DT	3	184135261
EIF2B5	3	184135384
RPS3P3	3	184149704
DVL3	3	184155460
AP2M1	3	184174875
ABCF3	3	184186197
VWA5B2	3	184229613
MIR1224	3	184241405
ALG3	3	184248946
EEF1AKMT4	3	184249668
EEF1AKMT4-ECE2	3	184249695
CAMK2N2	3	184261553
ECE2	3	184276033
PSMD2	3	184299251
EIF4G1	3	184314636
SNORD66	3	184325696
FAM131A	3	184337205
CLCN2	3	184361455
POLR2H	3	184362595
THPO	3	184378228
CHRD	3	184380319
LINC02054	3	184401552
TEDDM3P	3	184500370
LINC01839	3	184505113
LINC01840	3	184556918
EPHB3	3	184561787
MAGEF1	3	184712064
LINC02069	3	184773167
VPS8	3	184812512
C3orf70	3	185153060
EHHADH-AS1	3	185162886
EIF2S2P2	3	185246441
MIR5588	3	185253272
EHHADH	3	185254049
MAP3K13	3	185328892
RPL4P4	3	185418778
TMEM41A	3	185498986
TMEM41A-DT	3	185499151
LIPH	3	185552577
SENP2	3	185586286
RPL34P10	3	185606575
IGF2BP2-AS1	3	185713292
MIR548AQ	3	185767904
IGF2BP2	3	185825023
TRA2B	3	185937698
NMRAL2P	3	185960039
ETV5-AS1	3	186079170
ETV5	3	186108550
DGKG	3	186320488
LINC02020	3	186440325
LINC02051	3	186476727
LINC02052	3	186492945
CRYGS	3	186544380
TBCCD1	3	186567328
DNAJB11	3	186570720
PET100P1	3	186596976
AHSG	3	186613035
FETUB	3	186640348
HRG	3	186666003
HRGP1	3	186687329
HRGP2	3	186698520
KNG1	3	186717359
HRG-AS1	3	186743813
PSMD10P2	3	186761104
RNU6-1105P	3	186771947
GPS2P2	3	186772589
EIF4A2	3	186783597
SNORD2	3	186784796
SNORA63B	3	186786323
MIR1248	3	186786672
SNORA81	3	186786675
SNORA63	3	186787300
SNORA4	3	186787612
RFC4	3	186806469
LINC02043	3	186825521
MCF2L2P1	3	186826549
ADIPOQ	3	186844101
ADIPOQ-AS1	3	186856123
RPS20P14	3	186900198
RPL29P9	3	186922753
ST6GAL1	3	186986624
RPL39L	3	187180775
RTP1	3	187197486
MASP1	3	187291741
RTP4	3	187368385
LINC02041	3	187448845
SST	3	187670394
RTP2	3	187702606
BCL6	3	187737944
BCL6-AS1	3	187745883
LINC01991	3	188002734
LPP-AS2	3	188154087
LPP	3	188154207
LPP-AS1	3	188568922
MIR28	3	188688781
TPRG1-AS1	3	188947751
ENOPH1P1	3	188990135
TPRG1	3	189121286
TPRG1-AS2	3	189240594
TP63	3	189710587
MIR944	3	189829922
MTAPP2	3	189969861
P3H2	3	190052206
P3H2-AS1	3	190120948
RNU6-1109P	3	190165523
NMNAT1P3	3	190166764
CLDN1	3	190317832
CLDN16	3	190322550
TMEM207	3	190449901
IL1RAP	3	190514097
GCNT1P3	3	190624595
RN7SKP296	3	190642163
LINC02013	3	190698848
CCT6P4	3	190714811
ENAHP1	3	190830965
GMNC	3	190862685
OSTN	3	191199241
OSTN-AS1	3	191235729
UTS2B	3	191316494
CCDC50	3	191329415
PYDC2-AS1	3	191425527
PYDC2	3	191461163
PERPP1	3	191952826
RN7SKP222	3	192093122
FGF12-AS1	3	192238333
FGF12-AS2	3	192515022
FGF12-AS3	3	192516831
FGF12	3	192727559
RNU1-20P	3	192729716
MB21D2	3	192917856
VEZF1P1	3	193157208
PLAAT1	3	193241098
ATP13A5-AS1	3	193307244
ATP13A5	3	193351382
ATP13A4-AS1	3	193529998
ATP13A4	3	193554799
EEF1A1P23	3	193579413
OPA1	3	193593270
OPA1-AS1	3	193627334
RN7SL447P	3	193740715
COX6A1P5	3	193765681
LINC02038	3	193844009
DPPA2P3	3	193993985
LINC02026	3	194003676
LINC02028	3	194058506
LINC02924	3	194135017
HES1	3	194136145
RN7SL215P	3	194145674
LINC02037	3	194247619
LINC02048	3	194276727
LINC00887	3	194292264
CPN2	3	194351330
LRRC15	3	194369737
GP5	3	194398810
ATP13A3	3	194468276
ATP13A3-DT	3	194487171
RNU6-1101P	3	194533583
RPL23AP93	3	194564001
TMEM44-AS1	3	194584017
TMEM44-AS2	3	194632903
TMEM44	3	194633361
LSG1	3	194662632
FAM43A	3	194685883
LINC01968	3	194709040
FAM151AP1	3	194755589
LINC01972	3	194768598
XXYLT1-AS1	3	195094588
MIR3137	3	195134580
RN7SL36P	3	195147003
XXYLT1-AS2	3	195147797
XXYLT1	3	195209740
RNU6-25P	3	195214787
ACAP2-IT1	3	195282741
RPL31P22	3	195349664
ACAP2	3	195442987
RNU6ATAC24P	3	195523221
PPP1R2	3	195543320
RN7SL73P	3	195553792
RPL24P6	3	195554610
RPL31P64	3	195561580
APOD	3	195583958
MUC20P1	3	195614947
PPP4R2P6	3	195651472
SDHAP2	3	195658096
MUC20-OT1	3	195686257
MIR570	3	195699401
SMBD1P	3	195701618
MUC20	3	195720976
MUC4	3	195778810
KIF3AP1	3	195843986
LINC01983	3	195854224
MIR6829	3	195882395
TNK2	3	195892784
TNK2-AS1	3	195912022
RNU2-11P	3	195928775
PPP4R2P2	3	195937243
SDHAP1	3	195990258
PPP4R2P3	3	195996738
ARL8BP1	3	196044695
RNU7-18P	3	196072819
TFRC	3	196077177
LINC00885	3	196142804
ZDHHC19	3	196211389
SLC51A	3	196227732
PCYT1A	3	196287675
DYNLT2B	3	196318232
TM4SF19-AS1	3	196318321
TM4SF19-DYNLT2B	3	196338373
TM4SF19	3	196338388
RNU6-910P	3	196341715
RNU6-1279P	3	196393812
RN7SL434P	3	196397778
RN7SL738P	3	196399911
ZDHHC1P1	3	196423322
UBXN7-AS1	3	196431385
UBXN7	3	196432413
RNF168	3	196503722
SMCO1	3	196515346
NAA50P2	3	196528791
RPS29P3	3	196536532
WDR53	3	196568534
FBXO45	3	196568635
LINC01063	3	196632703
NRROS	3	196639757
RNU6-646P	3	196708964
CEP19	3	196712265
PIGX	3	196712581
PAK2	3	196739878
RNU4-89P	3	196747324
RNU6-42P	3	196785086
SENP5	3	196867934
NCBP2-AS1	3	196939877
NCBP2	3	196942438
NCBP2AS2	3	196942674
PIGZ	3	196968837
RPSAP69	3	196987558
MELTF-AS1	3	197003134
MELTF	3	197029787
MIR4797	3	197293948
DLG1	3	197297853
DLG1-AS1	3	197299034
LINC02012	3	197506986
BDH1	3	197555969
RPL36P7	3	197580629
SDHAP4	3	197627848
PPP4R2P4	3	197634315
MIR922	3	197674576
RUBCN	3	197736906
FYTTD1	3	197749886
LRCH3	3	197791274
RPL17P18	3	197850954
RNU6-858P	3	197894507
IQCG	3	197949896
RPL35A	3	197950213
LMLN	3	197960240
RNU6-621P	3	197994601
RNU6-821P	3	198071417
ANKRD18DP	3	198080512
LMLN-AS1	3	198080725
FRG2FP	3	198110206
TUBB8P8	3	198119721
FAM157A	3	198180755
RNU6-860P	3	198196746
CICP6	3	198226310
SEPTIN14P3	3	198228194
BNIP3P41	4	50124
ZNF595	4	53304
WEE1P1	4	107114
ZNF718	4	124519
ZNF876P	4	212614
ZNF732	4	305474
ZNF141	4	337820
MIR571	4	350157
ZNF519P4	4	393534
ABCA11P	4	427882
ZNF721	4	474154
PIGG	4	521757
TMEM271	4	576295
PDE6B	4	653177
PDE6B-AS1	4	654633
ATP5ME	4	674295
MYL5	4	674503
SLC49A3	4	689177
PCGF3	4	705922
PCGF3-AS2	4	724034
PCGF3-AS1	4	781837
CPLX1	4	824905
GAK	4	932305
TMEM175	4	932462
DGKQ	4	973566
IDUA	4	987066
SLC26A1	4	993404
FGFRL1	4	1011624
RNF212	4	1113528
TMED11P	4	1153726
SPON2-AS1	4	1167778
SPON2	4	1195136
CTBP1-AS	4	1210120
CTBP1	4	1248680
CTBP1-DT	4	1249398
MAEA	4	1289906
UVSSA	4	1347266
NKX1-1	4	1406442
FAM53A	4	1676448
SLBP	4	1712317
TMEM129	4	1721260
TACC3	4	1721520
FGFR3	4	1793732
LETM1	4	1856141
NSD2	4	1892813
SCARNA22	4	1974636
MIR943	4	1986477
NELFA	4	2008895
NICOL1	4	2042020
NAT8L	4	2059327
POLN	4	2124758
COX6B1P5	4	2234251
HAUS3	4	2242128
MIR4800	4	2250156
MXD4	4	2262093
RN7SL589P	4	2316506
SPICP5	4	2324467
ZFYVE28	4	2364877
CFAP99	4	2426521
RNF4	4	2469137
FAM193A	4	2581060
TNIP2	4	2756333
SH3BP2	4	2798801
ADD1	4	2843976
MFSD10	4	2934800
NOP14-AS1	4	2935787
NOP14	4	2963366
GRK4	4	2963735
RNU6-204P	4	3044101
HTT-AS	4	3074504
HTT	4	3134424
MSANTD1	4	3249040
RPL7AP29	4	3324762
RGS12	4	3385690
HGFAC	4	3441978
DOK7	4	3473927
LRPAP1	4	3532419
LINC00955	4	3576870
LINC02171	4	3677887
LINC02600	4	3763390
ADRA2C	4	3766366
OR7E163P	4	3890249
OR7E162P	4	3902594
EVA1CP2	4	3924274
ALG1L7P	4	3935447
FAM86EP	4	3955419
ENPP7P9	4	3967660
RPS3AP16	4	4077491
VPS51P13	4	4118284
OR7E103P	4	4127569
UNC93B4	4	4150421
OR7E99P	4	4157443
OR7E43P	4	4175238
OTOP1	4	4226929
TMEM128	4	4248223
LYAR	4	4290152
ZBTB49	4	4290264
NSG1	4	4386538
STX18-IT1	4	4481700
RPS7P15	4	4507078
STX18	4	4541998
STX18-AS1	4	4542188
LINC01396	4	4844219
MSX1	4	4861046
LDHAP1	4	4895173
RN7SKP113	4	4921064
CYTL1	4	5019449
STK32B	4	5139636
RN7SKP275	4	5458881
LINC01587	4	5525206
EVC2	4	5708581
EVC	4	5711215
CRMP1	4	5888485
MIR378D1	4	5923328
C4orf50	4	6018431
JAKMIP1	4	6194617
JAKMIP1-DT	4	6227614
WFS1	4	6276497
PPP2R2C	4	6471686
MAN2B2	4	6575203
MRFAP1	4	6640685
MRFAP1L2	4	6673763
LINC02482	4	6673900
LINC02481	4	6690546
S100P	4	6693878
MRFAP1L1	4	6709872
BLOC1S4	4	6716174
KIAA0232	4	6782727
TBC1D14	4	6909885
RN7SKP292	4	6997012
CFAP184	4	7043001
TADA2B	4	7043535
GRPEL1	4	7068059
LINC02447	4	7103408
RN7SKP36	4	7112399
MIR4798	4	7310450
SORCS2	4	7381898
PSAPL1	4	7434930
MIR4274	4	7460028
AFAP1-AS1	4	7754082
AFAP1	4	7867194
MIR95	4	8005381
ABLIM2	4	8127665
GMPSP1	4	8174421
SH3TC1	4	8207423
HTRA3	4	8269774
LINC02517	4	8320150
RNA5SP152	4	8393015
ACOX3	4	8428464
TRMT44	4	8440883
GPR78	4	8580237
CPZ	4	8592756
HMX1	4	8871730
OR7E85BP	4	8949630
UNC93B8	4	8959628
OR7E111FP	4	8981436
VPS51P7	4	8990455
SNRPCP16	4	9052051
ENPP7P10	4	9079023
FAM86KP	4	9153296
ALG1L14P	4	9170270
FAM90A26	4	9170409
USP17L10	4	9210657
USP17L11	4	9215405
USP17L12	4	9220152
USP17L13	4	9224896
USP17L14P	4	9229641
USP17L15	4	9234385
USP17L16P	4	9239130
USP17L17	4	9243879
USP17L18	4	9248630
USP17L19	4	9253378
USP17L20	4	9258124
USP17L21	4	9262872
USP17L22	4	9267619
USP17L23	4	9272364
USP17L24	4	9325165
USP17L25	4	9329911
USP17L26	4	9334658
USP17L5	4	9339403
USP17L27	4	9344148
USP17L28	4	9348893
USP17L29	4	9353638
USP17L9P	4	9358383
USP17L30	4	9363129
USP17L6P	4	9367874
DEFB108F	4	9399204
RNA5SP153	4	9411253
DEFB130D	4	9422313
DEFB131A	4	9444414
OR7E86P	4	9459255
OR7E84P	4	9468974
OR7E85P	4	9483718
UNC93B7	4	9493736
OR7E83P	4	9512905
VPS51P18	4	9521910
MIR548I2	4	9556316
RPS3AP19	4	9563171
SNRPCP13	4	9584131
ENPP7P11	4	9677308
FAM86MP	4	9692495
ALG1L3P	4	9710812
EVA1CP1	4	9733370
OR7E35P	4	9754898
DRD5	4	9781411
RNA5SP154	4	9792861
SLC2A9	4	10021512
SLC2A9-AS1	4	10055711
MIR3138	4	10078692
RNA5SP155	4	10115884
WDR1	4	10116504
RAF1P1	4	10256621
ZNF518B	4	10457409
CLNK	4	10656561
LINC02498	4	10737557
MIR572	4	11368827
RNPS1P1	4	11371975
RNA5SP156	4	11414160
HS3ST1	4	11428887
LINC02360	4	11769525
LINC02270	4	12223454
RNU6-578P	4	12312588
ECM1P2	4	12639086
HSP90AB2P	4	13336482
RAB28	4	13484329
LINC01097	4	13531417
NKX3-2	4	13544508
LINC01096	4	13547801
BOD1L1	4	13610610
MIR5091	4	13627865
RPL32P12	4	13648400
C9orf78P2	4	13977166
LINC01182	4	14021871
LINC01085	4	14126339
MTND2P31	4	14506480
LINC00504	4	14888167
CPEB2-DT	4	15002157
CPEB2	4	15005020
RN7SKP170	4	15094094
C1QTNF7	4	15357278
C1QTNF7-AS1	4	15427884
CC2D2A	4	15470013
FBXL5	4	15655382
FAM200B	4	15681791
BST1	4	15703096
PFDN1P2	4	15743196
CD38	4	15778320
HPRT1P1	4	15865940
FGFBP1	4	15938740
FGFBP2	4	15963405
PROM1	4	16083625
TAPT1	4	16216170
TAPT1-AS1	4	16227045
RPS21P4	4	16256555
ZEB2P1	4	16361826
LDB2	4	16898562
MTND5P4	4	17061878
LINC02493	4	17186069
SNORA75B	4	17320882
RPS7P6	4	17428274
QDPR	4	17512082
CLRN2	4	17515165
NACAP5	4	17552752
LAP3	4	17577496
MED28-DT	4	17614585
MED28	4	17614656
FAM184B	4	17781481
DCAF16	4	17810729
NCAPG	4	17810986
KRT18P63	4	17911674
LCORL	4	18021756
RNA5SP157	4	19181856
LINC02438	4	19456994
RPL21P46	4	19813749
SLIT2	4	20254920
SLIT2-IT1	4	20392136
MIR218-1	4	20528275
PACRGL	4	20700462
MIR7978	4	21464758
RPL31P25	4	21656869
KCNIP4	4	21697774
KCNIP4-IT1	4	21853188
RNU6-420P	4	22118983
ADGRA3	4	22473818
RPS27P13	4	22594196
GBA3	4	22714089
CDC42P6	4	22727950
RFPL4AP3	4	23515284
ERVH-1	4	23733579
PPARGC1A-AS1	4	23779590
PPARGC1A	4	23887480
MIR573	4	24520290
RN7SL16P	4	24563461
DHX15	4	24584502
ATP5MGP3	4	24658375
LINC02473	4	24659913
HNRNPA1P65	4	24771467
SOD3	4	24795577
CCDC149	4	24912973
LGI2	4	25030946
SEPSECS	4	25160386
SEPSECS-AS1	4	25160656
PI4K2B	4	25234036
ZCCHC4	4	25312794
ANAPC4	4	25377265
RNU7-126P	4	25598625
SLC34A2	4	25655822
RPS29P11	4	25678850
SLIRPP2	4	25686458
MTND4P9	4	25719745
MTND4LP22	4	25720030
MTND3P5	4	25720431
MTCO3P44	4	25721056
SEL1L3	4	25862924
SMIM20	4	25914234
LINC02357	4	26064389
RBPJ	4	26321228
CCKAR	4	26490484
TBC1D19	4	26584089
STIM2-AS1	4	26860599
STIM2	4	26860794
PIMREGP4	4	26874349
LINC02261	4	27197311
IGBP1P5	4	27585145
RN7SL101P	4	28711198
MIR4275	4	28819582
MESTP3	4	28824211
LINC02364	4	28996516
LINC02472	4	29214265
EEF1A1P21	4	29748757
RPS3AP17	4	29963758
PCDH7	4	30723050
MTCYBP43	4	30885182
LINC02497	4	31171016
LINC02501	4	31506434
LINC02506	4	31997378
LINC02353	4	32350981
MAPRE1P2	4	33011746
RPL31P31	4	33968174
LINC02484	4	34269763
SEC63P2	4	35487812
RNU6-573P	4	35495898
ARAP2	4	36210745
DTHD1	4	36282745
MIR1255B1	4	36426428
LINC02505	4	36641904
LINC02616	4	37073792
MIR4801	4	37241991
NWD2	4	37244743
PGCKA1	4	37453982
RELL1	4	37686354
RPL21P45	4	37821361
PGM2	4	37826710
TBC1D1	4	37902029
PTTG2	4	37960398
PSME2P4	4	37996203
MRPS33P2	4	38007105
LINC02513	4	38309286
LINC01258	4	38506786
LINC01259	4	38509768
LINC02278	4	38564007
KLF3-AS1	4	38664272
KLF3	4	38664306
RNA5SP158	4	38758892
TLR10	4	38782986
TLR1	4	38805044
TLR6	4	38856859
FAM114A1	4	38867806
MIR574	4	38868032
TMEM156	4	39032408
KLHL5	4	39045049
WDR19	4	39199478
RNU6-32P	4	39297711
RFC1	4	39344364
RNU6-887P	4	39399149
KLB	4	39406930
MIR5591	4	39411910
RPL9	4	39458901
LIAS	4	39459102
WDR5CP	4	39480306
UGDH	4	39527551
UGDH-AS1	4	39527985
RNU7-11P	4	39621012
SMIM14	4	39638887
SMIM14-DT	4	39639137
UBE2K	4	39698163
RN7SL558P	4	39761000
ZBTB12BP	4	39771371
ELOCP33	4	39932454
RNA5SP159	4	39936753
PABPC1P1	4	39973444
PDS5A	4	39977653
KRT18P25	4	40020240
N4BP2	4	40056850
RNU6-1112P	4	40077884
RHOH	4	40197031
LINC02265	4	40316506
CHRNA9	4	40337286
RNU7-74P	4	40377513
RBM47-AS1	4	40426119
MIR4802	4	40502119
RBM47	4	40629497
NSUN7	4	40750081
ARL4AP2	4	40786110
RNA5SP160	4	40990154
RNU6-836P	4	41084607
APBB2	4	41090271
RNU6-1195P	4	41113942
UCHL1-DT	4	41256724
UCHL1	4	41256932
LIMCH1	4	41360839
RPL12P20	4	41389115
OR5M14P	4	41723512
PHOX2B	4	41748217
PHOX2B-AS1	4	41749772
RNU1-49P	4	41772103
HMGB1P28	4	41843950
LINC00682	4	41881736
TMEM33	4	41935149
DCAF4L1	4	41981756
SLC30A9	4	41990527
ATP1B1P1	4	42029209
BEND4	4	42152766
SHISA3	4	42397488
RPS7P7	4	42471810
CCNL2P1	4	42562425
ATP8A1	4	42602347
ATP8A1-DT	4	42657174
RN7SKP82	4	42892396
GRXCR1	4	42892713
LINC02383	4	43492543
RN7SL691P	4	43598844
RN7SL193P	4	43863274
NDUFB4P12	4	43898962
LINC02475	4	44016904
KCTD8	4	44448809
YIPF7	4	44651650
GUF1	4	44678447
GNPDA2	4	44726545
PRDX4P1	4	44944961
THAP12P9	4	45326028
RNU6-931P	4	45480030
RN7SKP199	4	45995119
GABRG1	4	46124029
GABRA2	4	46389409
RNU6-412P	4	46531342
RAC1P2	4	46724408
COX7B2	4	46909221
GABRA4	4	46993540
GABRB1	4	47031567
COMMD8	4	47463677
ATP10D	4	47485306
RPL21P52	4	47491471
MIR8053	4	47652669
RPL15P7	4	47706372
CORIN	4	47838072
NFXL1	4	47914558
CNGA1	4	48014801
NIPAL1	4	48016772
TXK	4	48097361
RNU6-838P	4	48106188
TEC	4	48255363
SLAIN2	4	48341613
SLC10A4	4	48483922
ZAR1	4	48490252
RNU5E-3P	4	48574520
FRYL	4	48653900
OCIAD1	4	48831089
OCIAD1-AS1	4	48860203
OCIAD2	4	48906769
RNU6-158P	4	48932854
CWH43	4	48986284
TPI1P4	4	49017154
SNX18P23	4	49233965
MTCO3P39	4	49246021
MTND3P22	4	49246601
ANKRD20A17P	4	49506022
MTCO3P42	4	49549435
SNX18P24	4	49561479
SNX18P25	4	49588772
DCUN1D4	4	51843197
DUTP7	4	51865535
LRRC66	4	52017959
SGCB	4	52038258
LINC02480	4	52044782
SPATA18	4	52051410
RNU6-1252P	4	52494849
USP46-DT	4	52658040
USP46	4	52659275
DANCR	4	52712504
MIR4449	4	52712682
SNORA26	4	52713249
ERVMER34-1	4	52751609
LINC01618	4	52770438
RASL11B	4	52862332
SCFD2-AS1	4	52945664
RNU6-310P	4	53265567
SCFD2	4	53366066
FIP1L1	4	53377652
LNX1-AS1	4	53501829
COMMD5P1	4	53575713
LNX1-AS2	4	53592902
LNX1	4	53604633
RPL21P44	4	53987058
CHIC2	4	54064304
MORF4L2P1	4	54086926
GSX2	4	54100163
RPL22P13	4	54221126
PDGFRA	4	54229833
LINC02283	4	54332889
LINC02260	4	54607131
KIT	4	54657991
LINC02358	4	54845549
RPL38P3	4	54976371
RNU6-410P	4	55032071
RN7SL424P	4	55063738
KDR	4	55125293
RN7SL822P	4	55215919
METTL5P3	4	55219344
RNU6-746P	4	55294490
LRRC34P2	4	55313924
SRD5A3	4	55346412
FCF1P8	4	55352408
LINC02928	4	55376059
SRD5A3-AS1	4	55385608
TMEM165	4	55403243
RN7SKP30	4	55540835
CLOCK	4	55546646
PDCL2	4	55592193
NMU	4	55636341
RNU6-276P	4	55798636
EXOC1L	4	55819896
EXOC1	4	55853679
RNU6-652P	4	55885595
CEP135	4	55948924
RNA5SP161	4	56097390
CRACD	4	56259356
RNU6-197P	4	56288584
MRPL22P1	4	56321334
RPL7AP31	4	56356135
AASDH	4	56387472
PPAT	4	56435508
PAICS	4	56436156
SRP72	4	56475677
ARL9	4	56505712
SPMAP2L	4	56544161
GLDCP1	4	56593004
HOPX	4	56681165
CHAER1	4	56704587
RPL17P20	4	56710060
RN7SL492P	4	56794642
RN7SL357P	4	56805834
SPINK2	4	56821701
REST	4	56908469
NOA1	4	56977605
POLR2B	4	56978896
RNU6-998P	4	57002692
UBE2CP3	4	57072683
IGFBP7	4	57110526
IGFBP7-AS1	4	57157630
RPS26P24	4	57353329
LINC02380	4	57425925
SRIP1	4	58103147
LINC02494	4	58565206
LINC02429	4	58984278
LINC02619	4	58988162
RNU6-1325P	4	59834063
LINC02496	4	60750580
MIR548AG1	4	60922619
LINC02271	4	61143656
RPL17P19	4	61211652
ADGRL3	4	61497165
RPS15AP17	4	62106049
ADGRL3-AS1	4	62151150
RPL21P47	4	62248294
HMGN1P11	4	62510469
EXOC5P1	4	62816826
LARP1BP1	4	63350114
RNU6-191P	4	64397787
TECRL	4	64409450
DPP3P1	4	64430909
MTCO3P27	4	64606418
MTCYBP16	4	64608831
MTND6P16	4	64608905
MTND5P13	4	64610532
MTND4LP31	4	64610909
MTND3P24	4	64611308
MTCO3P28	4	64611888
LINC02232	4	65024333
EFL1P2	4	65145763
LINC02835	4	65241815
RPL6P10	4	65573459
EPHA5	4	65670416
EPHA5-AS1	4	65670473
RNU2-40P	4	65807435
IFITM3P1	4	66094142
MIR1269A	4	66276824
RPS23P3	4	66431092
RNU6-699P	4	66897262
RNU1-63P	4	67429754
RNA5SP527	4	67439992
CENPC	4	67545482
STAP1	4	67558608
UBA6	4	67701147
UBA6-DT	4	67701317
ST3GAL1P1	4	67717388
GNRHR	4	67754361
TMPRSS11CP	4	67773854
TMPRSS11D	4	67883981
TMPRSS11A	4	67963493
RNU6-95P	4	68003895
TMPRSS11GP	4	68015768
POLR2MP1	4	68038544
MTND2P41	4	68050478
SYT14P1	4	68063268
TMPRSS11F	4	68129869
FTLP10	4	68182302
TMPRSS11BNL	4	68217913
TMPRSS11B	4	68245691
APOOP4	4	68304939
YTHDC1	4	68349996
MT2P1	4	68376323
TMPRSS11E	4	68454642
UGT2B29P	4	68517647
UGT2B17	4	68572507
UGT2B15	4	68670668
UGT2B10	4	68815993
SPOPLP3	4	68884440
UGT2A3	4	68951582
SPOPLP2	4	68997709
UGT2B27P	4	69020414
UGT2B26P	4	69027831
UGT2B7	4	69096475
SPOPLP1	4	69125274
UGT2B11	4	69210220
UGT2B28	4	69280487
UGT2B25P	4	69389492
UGT2B24P	4	69408828
UGT2B4	4	69495906
UGT2A3P7	4	69518400
UGT2A2	4	69639642
UGT2A1	4	69647730
SULT1B1	4	69760598
SULT1D1P	4	69813888
SULT1E1	4	69860838
CSN1S1	4	69932556
CSN2	4	69965728
STATH	4	69997159
HTN3	4	70028457
HTN1	4	70051660
CSN1S2AP	4	70069064
PRR27	4	70154237
ODAM	4	70196510
FDCSP	4	70226124
CSN3	4	70240489
CABS1	4	70334981
SMR3A	4	70360760
SMR3B	4	70376612
OPRPN	4	70397940
MUC7	4	70471985
AMTN	4	70518577
AMBN	4	70592275
ENAM	4	70633203
JCHAIN	4	70666884
UTP3	4	70688532
RNU6-520P	4	70701755
RNU6-784P	4	70703123
RUFY3	4	70759650
GRSF1	4	70839680
RNU6-891P	4	70852130
MOB1B	4	70902369
DCK	4	70993638
SLC4A4	4	71209237
LDHAL6EP	4	71437924
RNA5SP163	4	71759616
GC	4	71784089
NPFFR2	4	72039178
ADAMTS3	4	72568045
HNRNPA1P67	4	72807267
RNU4ATAC9P	4	72965178
RNU6ATAC5P	4	73026748
COX18	4	73069721
HMGA1P2	4	73098822
ANKRD17	4	73240718
ANKRD17-DT	4	73259193
ALB	4	73404308
AFP	4	73436247
AFM	4	73481730
LINC02499	4	73508543
RASSF6	4	73620523
UMLILO	4	73710314
CXCL8	4	73740545
CXCL6	4	73836678
PPBPP1	4	73847866
PF4V1	4	73853296
CXCL1	4	73869392
HNRNPA1P55	4	73939558
CXCL1P1	4	73944324
PF4	4	73982027
PPBP	4	73988233
CXCL5	4	73998677
RN7SL218P	4	74011578
CXCL3	4	74038689
PPBPP2	4	74054820
CXCL2	4	74099195
MTHFD2L	4	74158112
EPGN	4	74308487
EREG	4	74365173
AREG	4	74445219
BTC	4	74794523
HSPE1P23	4	74917822
PARM1	4	74933098
PARM1-AS1	4	74970243
LINC02562	4	75127207
LINC02483	4	75354076
RCHY1	4	75514306
THAP6	4	75514473
ODAPH	4	75556065
CDKL2	4	75630528
G3BP2	4	75673412
USO1	4	75724614
RNU2-16P	4	75829589
PPEF2	4	75890042
NAAA	4	75940976
SDAD1-AS1	4	75980790
SDAD1	4	75990937
CXCL9	4	76007509
CXCL10	4	76023497
RPL36P8	4	76037064
CXCL11	4	76038742
ART3	4	76074712
NUP54	4	76148397
SCARB2	4	76213596
FAM47E	4	76251722
FAM47E-STBD1	4	76251732
STBD1	4	76306733
SNX5P1	4	76344550
RNU6-1000P	4	76356715
RPL36AP18	4	76401251
CCDC158	4	76414232
RNU6-145P	4	76532327
MIR4450	4	76573568
MIR548AH	4	76575551
SHROOM3	4	76586224
SHROOM3-AS1	4	76802404
SOWAHB	4	76898144
TXNP6	4	76959169
SEPTIN11	4	76985024
CCNI	4	77075901
RPL7P17	4	77083126
RNU6-1187P	4	77150437
CCNG2	4	77157682
CXCL13	4	77605820
CNOT6L	4	77819367
MRPL1	4	77862835
HMGB1P44	4	77963940
HNRNPA1P56	4	77988813
FRAS1	4	78057604
SERBP1P5	4	78182046
MICOS10P4	4	78379197
ANXA3	4	78551772
LINC01094	4	78646172
HIGD1AP13	4	78649242
BMP2K-DT	4	78775950
BMP2K	4	78776378
RN7SL127P	4	78898855
PAQR3	4	78939225
LINC01088	4	78971746
NAA11	4	79325523
GK2	4	79408228
LINC00989	4	79492597
OR7E94P	4	79588130
LINC02469	4	79663761
PCAT4	4	79827519
ANTXR2	4	80073074
KPNA2P1	4	80079532
RPSAP39	4	80161129
PRDM8	4	80184285
PRDM8-AS1	4	80197188
FGF5	4	80266825
CFAP299	4	80335768
BMP3	4	81030670
PRKG2-AS1	4	81164940
PRKG2	4	81215003
RNU5A-2P	4	81334303
RASGEF1B	4	81471915
MTCYBP44	4	81734207
COX5BP1	4	81920387
NPM1P41	4	82013095
HNRNPA3P13	4	82128535
RNU6-499P	4	82174547
BIN2P1	4	82275071
VAMP9P	4	82285053
HNRNPD	4	82374143
HNRNPD-DT	4	82374250
IGBP1P4	4	82402456
HNRNPDL	4	82430401
ENOPH1	4	82430591
RPL7AP26	4	82491635
TMEM150C	4	82561983
PTPN11P5	4	82581384
LINC00575	4	82621523
MIR575	4	82753430
SCD5	4	82798784
SEC31A	4	82891158
THAP9-AS1	4	82900566
THAP9	4	82900750
RNU6-615P	4	83003412
LIN54	4	83010888
COPS4	4	83035199
PLAC8	4	83114728
COQ2	4	83284780
HPSE	4	83334848
C18orf21P1	4	83378076
HELQ	4	83455823
MRPS18C	4	83456056
SLC25A14P1	4	83477524
ABRAXAS1	4	83485103
RPL30P5	4	83502699
GPAT3	4	83536274
RNU6-774P	4	84233657
LINC02994	4	84288869
NKX6-1	4	84498121
RPL3P13	4	84544519
CDS1	4	84583023
RN7SL552P	4	84688000
WDFY3-AS1	4	84796614
WDFY3	4	84835612
RNU6-469P	4	84886486
WDFY3-AS2	4	84966731
RN7SKP48	4	85100496
ARHGAP24	4	85691429
MIR4451	4	85722468
MAPK10-AS1	4	86119722
RN7SKP96	4	86336614
MAPK10	4	86360038
MIR4452	4	86542552
PTPN13	4	86594323
SLC10A6	4	86849254
RPL6P13	4	86870191
C4orf36	4	86892410
ARPC1AP4	4	86914817
AFF1	4	86935742
TECRP1	4	86950113
GAPDHP60	4	87207092
KLHL8	4	87220575
MIR5705	4	87300583
HSD17B13	4	87322901
RN7SL681P	4	87387174
HSD17B11	4	87391177
NUDT9	4	87422630
SCPPPQ1	4	87466665
SPARCL1	4	87529390
DSPP	4	87608529
DMP1	4	87650798
DMP1-AS1	4	87733174
CHCHD2P7	4	87786371
IBSP	4	87799550
MEPE	4	87832950
HSP90AB3P	4	87891843
SPP1	4	87975818
RNU1-36P	4	88000237
PKD2	4	88022148
ABCG2	4	88159083
RPL31P24	4	88163579
RNU6-818P	4	88201703
RNU6ATAC31P	4	88206552
RNU6-1298P	4	88226729
RNU6-112P	4	88275308
PPM1K	4	88284561
PPM1K-DT	4	88284935
HERC6	4	88378869
HERC5	4	88457506
NCOA4P2	4	88510403
PIGY	4	88523776
PYURF	4	88523776
PIGY-DT	4	88523841
RN7SKP244	4	88583972
HERC3	4	88592496
RNU6-33P	4	88684954
NAP1L5	4	88697829
FAM13A-AS1	4	88714070
FAM13A	4	88823244
TIGD2	4	89111533
RNU6-907P	4	89130852
GPRIN3	4	89307070
SNCA-AS1	4	89836424
SNCA	4	89837015
MMRN1	4	89894891
RN7SKP248	4	90370123
CCSER1	4	90628021
TMSB4XP8	4	90839037
KRT19P6	4	91885254
PMPCAP1	4	92184052
LNCPRESS2	4	92277286
MTND1P19	4	92702345
RACK1P3	4	92822918
GRID2	4	92953967
RNA5SP164	4	93820171
ATOH1	4	93828753
HMGB3P15	4	94196513
SMARCAD1-DT	4	94207556
SMARCAD1	4	94207866
HPGDS	4	94342857
RPL35AP11	4	94369833
PDLIM5	4	94452863
BMPR1B-DT	4	94758299
BMPR1B	4	94995826
UNC5C-AS1	4	95549014
UNC5C	4	95549086
RPL30P6	4	95645293
PDHA2	4	95840093
RNU6-1059P	4	95868764
RNU6-34P	4	96152403
LINC02267	4	96216389
RN7SKP28	4	96349038
COX7A2P2	4	96902801
STPG2-AS1	4	97366683
CRYZP2	4	97917401
STPG2	4	97972354
RPL5P12	4	98025390
DUTP8	4	98048555
RAP1GDS1	4	98261444
RPL21P48	4	98409290
TSPAN5	4	98658354
TSPAN5-DT	4	98658849
BTF3P13	4	98740742
TBCAP3	4	98909848
EIF4E	4	98929120
FAM177A1P1	4	98955982
RNU7-149P	4	98966873
NDUFS5P4	4	98977117
METAP1	4	98995740
MIR3684	4	98997387
ABT1P1	4	99023131
ADH5	4	99088715
ADH4	4	99144253
PCNAP1	4	99161645
ADH6	4	99219239
ADH1A	4	99291035
ADH1B	4	99321398
ADH1C	4	99352746
ADH7	4	99435203
C4orf17	4	99511021
TRMT10A	4	99563683
MTTP	4	99564083
C4orf54	4	99657828
DAPP1	4	99816833
LAMTOR3	4	99894395
DNAJB14	4	99946580
H2AZ1	4	99950280
H2AZ1-DT	4	99950499
RPL7L1P14	4	99991477
DYNLL1P6	4	100042104
DDIT4L	4	100190467
DDIT4L-AS1	4	100193585
EMCN	4	100518003
LINC01216	4	100675113
LINC01217	4	100791330
LINC01218	4	100814280
MIR8066	4	101240872
MIR1255A	4	101330414
PPP3CA	4	101347474
PPP3CA-DT	4	101347759
RNU6-462P	4	101723876
BANK1	4	101790730
MTND5P5	4	101972423
SLC39A8	4	102345484
RN7SL728P	4	102348691
NFKB1-AS1	4	102431290
NFKB1	4	102501705
RPL21P49	4	102662611
KRT8P46	4	102730171
LRRC37A15P	4	102730721
MANBA	4	102760952
UBE2D3	4	102827741
UBE2D3-AS1	4	102827955
RNU7-151P	4	102837099
CISD2	4	102869002
PABPC1P7	4	102896725
ACTR3BP4	4	102961956
SLC9B1	4	103019661
SLC9B2	4	103076515
BDH2	4	103099828
CENPE	4	103198381
LINC02428	4	103415930
TACR3-AS1	4	103548745
DDX3P3	4	103572089
TACR3	4	103719985
RNU6-635P	4	103924540
LINC02503	4	103961616
CXXC4	4	104494894
CXXC4-AS1	4	104552708
RPL6P14	4	104886955
RNU6-351P	4	104974672
TET2	4	105146876
RN7SL89P	4	105293664
TET2-AS1	4	105352956
RNU6-553P	4	105406997
PPA2	4	105474053
EEF1A1P9	4	105484698
PIMREGP2	4	105527397
ATP5F1EP1	4	105532475
ARHGEF38-IT1	4	105561591
ARHGEF38	4	105655425
INTS12	4	105708657
GSTCD	4	105708832
GSTCD-AS1	4	105827199
NPNT	4	105895535
TBCK	4	106313394
AIMP1	4	106316550
GIMD1	4	106368106
LINC02173	4	106433524
ACTR6P1	4	106837601
DKK2	4	107036313
RAC1P5	4	107203924
RNU6-551P	4	107435118
PAPSS1	4	107720225
SGMS2	4	107825148
RNU6-733P	4	107867910
CYP2U1	4	107931567
CYP2U1-AS1	4	107984081
HADH	4	107989899
LEF1	4	108166301
LEF1-AS1	4	108171930
RPSAP34	4	108408578
ZACNP1	4	108415220
EXOC7P1	4	108419763
RPL34-DT	4	108620436
RPL34	4	108620599
OSTC	4	108650630
RNU6-431P	4	108652150
ETNPPL	4	108763020
RCC2P8	4	108789779
COL25A1	4	109302643
COL25A1-DT	4	109303035
RBMXP4	4	109347459
SEC24B-AS1	4	109433806
SEC24B	4	109433826
RN7SL55P	4	109451068
MIR576	4	109488698
SETP20	4	109554094
CDC42P4	4	109555170
MCUB	4	109560236
HIGD1AP14	4	109673843
CASP6	4	109700314
PLA2G12A	4	109729956
CFI	4	109802021
GAR1-DT	4	109815503
GAR1	4	109815600
RRH	4	109831975
LRIT3	4	109848107
KRT19P3	4	109879897
EGF	4	109949955
RNU6-35P	4	109992325
RN7SL275P	4	110117736
ELOVL6	4	110198746
HSBP1P2	4	110252099
RNF14P2	4	110265017
RNU6-205P	4	110278185
ZBED1P1	4	110291644
RPL7L1P13	4	110400511
ZNF969P	4	110415898
ENPEP	4	110476244
PANCR	4	110615771
PITX2	4	110630882
LINC01438	4	110788956
MIR297	4	110860647
LYPLA1P2	4	110945799
RNU6-289P	4	111331412
RPL36AP23	4	111551854
CCDC34P1	4	112068010
LINC02945	4	112072662
TUBB8P3	4	112077598
FAM241A	4	112145454
RPL36AP19	4	112171215
AP1AR-DT	4	112231596
AP1AR	4	112231787
TIFA	4	112285879
ALPK1	4	112297391
RTEL1P1	4	112356135
TOX4P1	4	112455924
NEUROG2-AS1	4	112514925
NEUROG2	4	112516180
RPL23AP94	4	112530672
H3P14	4	112564988
ZGRF1	4	112636903
LARP7	4	112637187
MIR367	4	112647941
MIR302D	4	112648071
MIR302A	4	112648251
MIR302C	4	112648430
MIR302B	4	112648557
MIR302CHG	4	112648787
OSTCP4	4	112685055
GET1P1	4	112693792
RPL32P13	4	112738672
RPL7AP30	4	112788878
ANK2-AS1	4	113044754
MIR1243	4	113106863
MIR8082	4	113152282
ANK2	4	113207312
RN7SL184P	4	113419840
RNU1-138P	4	113420323
CAMK2D	4	113761459
ARSJ	4	113979647
UGT8	4	114599140
MIR577	4	114656759
CIR1P2	4	114714920
RN7SL808P	4	114799331
NDST4	4	115113813
MRPS33P3	4	115142982
RPF2P2	4	115628812
PGAM4P2	4	115764819
KRT18P21	4	115920707
EIF3KP3	4	116044045
TTC39CP1	4	116194751
MIR1973	4	116299725
TRMT112P1	4	116378919
CUL4AP1	4	116430892
ACTN4P1	4	116598161
RNU6-119P	4	116839279
TRAM1L1	4	117085576
LINC02262	4	117360635
LINC01378	4	117371440
RPSAP35	4	117413462
NT5C3AP1	4	117576109
LINC02264	4	117834341
NDST3	4	118033618
FKBP4P1	4	118194751
SNHG8	4	118278714
SNORA24	4	118279190
PRSS12	4	118318555
NDUFS5P5	4	118400834
CEP170P1	4	118467590
RNU6-1054P	4	118606450
CICP16	4	118638782
SEPTIN14P4	4	118640673
METTL14-DT	4	118685313
METTL14	4	118685403
SEC24D	4	118836121
SYNPO2	4	118888855
MYOZ2	4	119135850
MRPL42P1	4	119195691
USP53	4	119212742
ARLN	4	119301052
FABP2	4	119322138
KLHL2P1	4	119334329
RNU4-33P	4	119367562
RNU6-1217P	4	119434108
GTF2IP12	4	119450157
SEPTIN7P14	4	119457968
PDE5A	4	119553134
LINC01365	4	119804521
LINC02502	4	119939515
MAD2L1	4	120066848
MAD2L1-DT	4	120066987
LTV1P1	4	120092282
SAR1AP3	4	120342056
RNU6-550P	4	120810469
SETP12	4	120897083
PRDM5	4	120922754
RN7SKP137	4	121061478
NDNF-AS1	4	121071429
NDNF	4	121071488
TNIP3	4	121190467
RNU6-948P	4	121192903
KIAA1191P1	4	121370345
QRFPR	4	121381011
TUBB4BP5	4	121451541
ANXA5	4	121696977
SMIM43	4	121765145
EXOSC9	4	121801388
CCNA2	4	121823908
BBS7	4	121870462
BBS7-DT	4	121870583
TRPC3	4	121950874
RN7SL335P	4	122087811
BLTP1	4	122281673
ADAD1	4	122379440
IL2	4	122456582
IL21-AS1	4	122619460
IL21	4	122621011
CETN4P	4	122732193
BBS12	4	122732704
FGF2	4	122826756
NUDT6	4	122922574
AFG2A	4	122923088
SPRY1	4	123398474
LINC02435	4	123490259
LINC01091	4	123650267
RPL21P50	4	123746226
PPIAP76	4	124062462
TUBAP10	4	124437120
TECRP2	4	124463790
LINC02516	4	124540278
ANKRD50	4	124712732
FAT4	4	125318806
MIR2054	4	125507259
NUP58P1	4	125683668
TMEM248P1	4	125724217
LINC02379	4	126064145
H3P15	4	126106923
RBM48P1	4	126563509
INTU	4	127632961
SLC25A31	4	127730400
HSPA4L	4	127782322
RPL21P53	4	127813200
PLK4	4	127880929
RNU6-583P	4	127891991
MFSD8	4	127965164
ABHD18	4	127965370
LARP1B	4	128061586
RPL15P8	4	128069612
FOSL1P1	4	128155389
PGRMC2	4	128287600
LINC02615	4	128380496
LINC03140	4	128570507
JADRR	4	128768228
JADE1	4	128811125
SCLT1	4	129093507
C4orf33	4	129096128
CDRT15P11	4	129133106
ZSWIM5P3	4	129139740
LINC02466	4	129771509
LINC02465	4	129771648
EEF1GP8	4	129903010
LINC02479	4	130376229
PGBD4P4	4	130494673
GAPDHP56	4	130504344
RNU6-224P	4	131273242
LINC02377	4	131379758
RN7SL205P	4	131720543
SNHG27	4	131752539
RPL7AP28	4	131857913
ELL2P2	4	132368479
LINC01256	4	132591076
AARS1P1	4	132592084
R3HDM2P1	4	133124104
PCDH10-DT	4	133149112
PCDH10	4	133149315
PABPC4L	4	134201789
PES1P1	4	134327063
LINC02462	4	134403277
EEF1A1P35	4	135045464
LINC02485	4	135123780
KRT18P54	4	135371924
TARS2P1	4	135567157
LINC00613	4	135888090
RNU1-89P	4	135996092
TERF1P3	4	136356336
LINC02510	4	137193772
LINC02511	4	137212783
SERF1AP1	4	137301187
STMN1P2	4	137425864
RPS23P2	4	137448087
PCDH18	4	137532459
LINC02172	4	137545705
SLC7A11-AS1	4	138089043
LINC00616	4	138130702
SLC7A11	4	138232796
LINC00499	4	138309752
LINC00498	4	138312544
NOCT	4	139015788
RNU6-531P	4	139055475
ELF2	4	139084338
RN7SL382P	4	139100377
PPP1R14BP3	4	139115374
RN7SL311P	4	139185441
RNU6-506P	4	139231119
RNU6-1074P	4	139256760
MGARP	4	139280285
NDUFC1	4	139301322
NAA15	4	139301588
RNU6-1214P	4	139318378
RAB33B	4	139453806
RAB33B-AS1	4	139453952
FTH1P24	4	139546266
SETD7	4	139556238
QKILA	4	139628759
MGST2	4	139665935
RN7SKP237	4	139685427
H3P16	4	139698554
RN7SKP253	4	139794433
MAML3	4	140154184
NDUFB4P9	4	140314550
RPL14P3	4	140366861
SCOC-AS1	4	140373392
SCOC	4	140373627
CLGN	4	140427646
MGAT4D	4	140498330
ELMOD2	4	140524219
UCP1	4	140568981
RN7SL152P	4	140577925
TNRC18P1	4	140645489
RNY1P14	4	140700942
TBC1D9	4	140756207
RNF150	4	141133255
ZNF330	4	141220905
LINC02432	4	141332620
LINC02276	4	141576918
IL15	4	141636726
RPL5P13	4	142287625
LSM3P4	4	142317238
INPP4B	4	142514288
USP38-DT	4	143184860
USP38	4	143185440
MIR3139	4	143343460
GAB1	4	143381948
RPSAP36	4	143425052
SMARCA5	4	143513695
SMARCA5-AS1	4	143514635
GUSBP5	4	143559487
FREM3	4	143660863
GYPE	4	143905559
GYPB	4	144019337
GYPA	4	144140673
KRT18P51	4	144572238
HHIP-AS1	4	144647204
HHIP	4	144648180
HSPD1P5	4	144845625
RN7SKP235	4	145035132
ANAPC10	4	145098181
ABCE1	4	145098314
OTUD4	4	145180484
RPS23P4	4	145270558
LINC02266	4	145340486
RTN3P1	4	145375543
NMNAT1P4	4	145456005
SMAD1-AS2	4	145482463
SMAD1	4	145482774
SMAD1-AS1	4	145517118
MMAA	4	145619385
NCOA4P3	4	145626035
C4orf51	4	145732453
ZNF827	4	145902737
LINC01095	4	146121863
LSM6	4	146175732
REELD1	4	146214538
MIR7849	4	146408583
SLC10A7	4	146521903
RNU1-44P	4	146580048
POU4F2	4	146638893
TTC29	4	146945834
MIR548G	4	147344717
RPL31P26	4	147426351
PRMT5P1	4	147459321
EDNRA	4	147481017
GTF2F2P1	4	147506091
LINC02507	4	147569460
TMEM184C-DT	4	147617241
TMEM184C	4	147617418
PRMT9	4	147684133
ARHGAP10	4	147732088
RNA5SP165	4	147745417
MIR4799	4	147782595
RN7SL254P	4	147808926
NR3C2	4	148442371
ASS1P8	4	148527139
RNA5SP166	4	148557947
ATP5MGP4	4	148703832
RNU7-197P	4	148991633
LINC02430	4	149154175
LINC02355	4	149154279
AKIRIN2P1	4	149789952
IQCM	4	149815843
RNA5SP167	4	149907560
RNU6-1230P	4	149934376
DCLK2	4	150078548
RNU7-194P	4	150209706
LRBA-AS1	4	150579089
MAB21L2	4	150582151
ZBTB8OSP1	4	150720981
LRBA	4	150735363
RNA5SP168	4	150970782
AK4P6	4	151027090
RPS3A	4	151099630
SNORD73B	4	151102057
SNORD73A	4	151103827
PRSS48	4	151277166
RNU6-1282P	4	151300518
SH3D19	4	151325449
FHIP1A-DT	4	151408900
FHIP1A	4	151409205
RN7SKP35	4	151576766
GATB	4	151760961
LINC03074	4	151799411
RNA5SP169	4	151971613
LINC02273	4	152100773
RN7SL446P	4	152264445
FBXW7-AS1	4	152337655
FBXW7	4	152473818
MIR3140	4	152489416
MIR4453HG	4	152536260
MIR4453	4	152536428
RPS3AP18	4	152552364
TMEM154	4	152679975
TIGD4	4	152779694
ARFIP1	4	152779979
NSA2P6	4	152796831
FAM192BP	4	152927446
FHDC1	4	152936330
TRIM2	4	153204463
RNU6-1196P	4	153265755
ANXA2P1	4	153308717
MND1	4	153344684
RN7SL419P	4	153382015
TMEM131L	4	153466363
WDR45P1	4	153658572
TLR2	4	153684257
RNF175	4	153760007
SFRP2	4	153789063
DCHS2	4	154373513
WDR77P1	4	154523487
RNU6-1285P	4	154544037
PLRG1	4	154550383
FGB	4	154563013
FGA	4	154590744
FGG	4	154612656
NDUFB2P1	4	154724586
LRAT	4	154742418
RBM46	4	154781388
RNU2-66P	4	154787118
RNU2-44P	4	154790291
NPY2R-AS1	4	155208521
NPY2R	4	155208685
MAP9-AS1	4	155313354
MAP9	4	155376810
YWHAEP4	4	155381239
MTCYBP17	4	155452405
MTND6P17	4	155452526
MTND5P9	4	155454803
MTND4P8	4	155456411
MTND3P3	4	155456981
MTCO3P9	4	155457960
MTATP6P9	4	155458640
MTCO2P9	4	155459563
MTCO1P9	4	155461237
MTND2P33	4	155462663
MTND1P22	4	155463823
GUCY1A1	4	155667129
GUCY1B1	4	155759035
ASIC5	4	155866277
TDO2	4	155903691
CTSO	4	155953879
FTH1P21	4	156006478
LINC02272	4	156642467
PDGFC	4	156922437
RPPH1-3P	4	156986693
GLRB	4	157076183
RNU6-582P	4	157201668
GRIA2	4	157220724
LINC02433	4	157572513
RPL6P11	4	157969615
GASK1B-AS1	4	158172655
GASK1B	4	158172692
NUDT19P5	4	158182825
TMEM144	4	158210485
AIDAP2	4	158277758
RNU4-79P	4	158395394
RXFP1	4	158521886
C4orf46	4	158671902
ETFDH	4	158672332
PPID	4	158723373
FNIP2	4	158782531
RNU6-128P	4	158794696
PSME2P3	4	159007119
FABP5P12	4	159026139
SPMIP2	4	159035229
MIR3688-2	4	159128805
MIR3688-1	4	159128894
RAPGEF2	4	159266881
LINC02233	4	159777841
LINC02477	4	160539254
RPS14P7	4	160818422
FSTL5	4	162163983
MTHFD2P4	4	162322188
TOMM22P4	4	162521682
MIR4454	4	163093628
NAF1	4	163166816
NPY1R	4	163332594
NPY5R	4	163343920
RPL35AP12	4	163382179
TKTL2	4	163473754
TMA16	4	163494689
RN7SKP105	4	163829113
YWHAQP4	4	163932526
MARCHF1	4	164062209
ANP32CP	4	164197711
RNU6-284P	4	164620732
CHORDC1P3	4	164725310
SMIM31	4	164754097
RNU6-668P	4	164787290
APELA	4	164877183
TRIM60P14	4	164915565
FAM218BP	4	164929951
NACA3P	4	164943290
FAM218A	4	164956946
TRIM61	4	164977633
RPL21P51	4	165012845
TRIM60	4	165032000
TRIM75	4	165053866
TMEM192	4	165112873
KLHL2	4	165207823
RNU4-87P	4	165252580
GK3	4	165279704
MSMO1	4	165327720
CPE	4	165379072
MIR578	4	165386242
HADHAP1	4	165406350
SCGB1D5P	4	165517501
NOL8P1	4	165551060
LINC01179	4	165684639
TLL1	4	165873686
RNA5SP170	4	166053287
RNA5SP171	4	166918478
SPOCK3	4	167234552
RN7SL776P	4	167400762
PHB1P14	4	167648430
RN7SKP188	4	167662986
ANXA10	4	168165184
DDX60	4	168318751
DDX60L	4	168480458
BTF3L4P4	4	168598757
PALLD-AS1	4	168648587
RNU6-1336P	4	168686716
PALLD	4	168711581
RPL9P16	4	168755816
RNU6-853P	4	168885355
RNY4P17	4	169005249
CBR4	4	169010258
CBR4-DT	4	169010376
RPL6P12	4	169166272
SH3RF1	4	169270902
NEK1	4	169612590
CLCN3	4	169620577
HPF1	4	169757896
PTGES3P3	4	169791702
LINC02275	4	169943259
MFAP3L	4	170026453
AADAT	4	170090214
APOBEC3AP1	4	170099818
LINC01612	4	170226588
LINC02512	4	170343089
HSP90AA6P	4	170605450
LINC02382	4	170743819
RNU6ATAC13P	4	170891467
LINC02431	4	171040602
MIR6082	4	171186184
LINC02504	4	171298267
LINC02174	4	171638763
GALNTL6	4	171813523
RN7SL253P	4	173141643
GALNT7-DT	4	173168947
MIR548T	4	173268160
GALNT7	4	173290235
HMGB2	4	173334358
SAP30-DT	4	173369883
SAP30	4	173370925
SCRG1	4	173406380
RPL5P11	4	173420137
RNU6-1096P	4	173446704
HAND2	4	173530206
HAND2-AS1	4	173530485
MORF4	4	173616906
RANP6	4	173634371
LINC02269	4	173897227
LINC02268	4	174120622
FBXO8	4	174283646
CEP44	4	174283922
MIR4276	4	174423795
HPGD	4	174522487
GLRA3	4	174778962
ADAM29	4	174918369
TSEN2P1	4	175494614
ADAM20P2	4	175574868
GPM6A-DT	4	175790307
GPM6A	4	175966301
MARK2P4	4	176014417
WDR17	4	176065980
SPATA4	4	176195541
ASB5	4	176269220
SPCS3	4	176319996
SPCS3-AS1	4	176320458
HAFML	4	176654174
VEGFC	4	176761257
LINC02509	4	176875702
RN7SKP136	4	177181442
NEIL3	4	177309872
AGA	4	177442409
AGA-DT	4	177445007
RNA5SP172	4	177457228
LINC01099	4	177907870
LINC01098	4	177951810
RNU1-45P	4	178116861
RNA5SP173	4	178406695
NDUFB5P1	4	180574027
LINC00290	4	181159197
LINC02500	4	181265145
RN7SKP13	4	181835108
CCNHP1	4	181906467
TENM3-AS1	4	182144187
TENM3	4	182144696
MIR1305	4	182169293
RNU2-34P	4	182548659
RN7SKP67	4	182631688
DCTD	4	182917364
CIBAR1P2	4	183037767
WWC2-AS2	4	183098178
WWC2	4	183099272
WWC2-AS1	4	183240634
CLDN22	4	183320276
CLDN24	4	183322426
FBLP1	4	183419805
CDKN2AIP	4	183444693
VTI1BP2	4	183483490
ING2-DT	4	183504249
ING2	4	183505570
RNU6-479P	4	183653676
RWDD4	4	183659178
TRAPPC11	4	183659376
RNU6-335P	4	183675715
RNU6-1053P	4	183705931
STOX2	4	183905307
ENPP6	4	184217873
RPL6P16	4	184254509
RN7SL28P	4	184278936
MYL12BP2	4	184299640
LINC02363	4	184347857
LINC02362	4	184382296
IRF2	4	184474169
IRF2-DT	4	184475196
LINC02427	4	184537556
LINC02365	4	184625761
CASP3	4	184649424
PRIMPOL	4	184649742
CENPU	4	184733414
ACSL1	4	184815091
MIR3945	4	184851110
MIR3945HG	4	184853577
LINC01093	4	184899407
TRPC6P7	4	184911352
MIR4455	4	184938440
LINC02437	4	184988997
HELT	4	185018841
LINC02436	4	185051896
SLC25A4	4	185143266
CFAP97	4	185207082
SNX25	4	185209600
LRP2BP	4	185396251
ANKRD37	4	185396428
UFSP2	4	185425964
CFAP96	4	185426247
CCDC110	4	185471699
PDLIM3	4	185535422
SORBS2-AS1	4	185587909
SORBS2	4	185811012
RNU4-64P	4	186026586
TLR3	4	186074271
FAM149A	4	186144548
RPSAP70	4	186157896
LTO1P1	4	186171257
CYP4V2	4	186191799
KLKB1	4	186227495
F11	4	186266080
SLC25A5P6	4	186329601
F11-AS1	4	186500997
RNU6-1055P	4	186501109
MTNR1A	4	186555567
FAT1	4	186598821
MRPS36P2	4	186900540
LINC02374	4	187202009
LINC02514	4	187370648
LINC02515	4	187408728
COPS3P1	4	187444298
LINC02492	4	187646366
ADAM20P3	4	187748199
ZFP42	4	187995704
TRIML2	4	188107706
RNU6-173P	4	188121634
TRIML1	4	188143643
LINC02434	4	188159858
RPL7AP27	4	188350024
ICE2P1	4	188389666
LINC01060	4	188455524
RNU7-192P	4	188716725
LINC02508	4	188776551
HSP90AA4P	4	189472965
LINC01262	4	189658723
RNU1-51P	4	189709714
LINC01596	4	189882127
FRG1-DT	4	189940361
FRG1	4	189940899
MLLT10P2	4	189973847
TUBB7P	4	189984871
RNA5SP174	4	190015138
RNA5SP175	4	190017696
DUX4L9	4	190022665
FRG2	4	190027256
RARRES2P4	4	190038399
AGGF1P1	4	190041342
CLUHP4	4	190063005
DBET	4	190064502
DUX4L8	4	190067935
DUX4L7	4	190071232
DUX4L6	4	190074525
DUX4L5	4	190077818
DUX4L4	4	190081118
DUX4L1	4	190084412
DUX4L3	4	190087705
DUX4L2	4	190091005
DUX4	4	190174483
RPL23AP84	4	190195727
SPICP4	5	58198
PLEKHG4B	5	92225
LRRC14B	5	191495
CCDC127	5	218148
SDHA	5	218329
PDCD6	5	271652
PDCD6-AHRR	5	287927
PPP4R2P1	5	290321
PDCD6-DT	5	290814
AHRR	5	322640
EXOC3-AS1	5	443160
EXOC3	5	443231
SLC9A3-OT1	5	472918
SLC9A3-AS1	5	477014
SLC9A3	5	524326
MIR4456	5	535882
CEP72-DT	5	612210
CEP72	5	612346
TPPP	5	693329
BRD9P2	5	768930
ZDHHC11B	5	775819
SPCS2P3	5	816346
ZDHHC11	5	847623
BRD9	5	891673
TRIP13	5	893642
LINC02982	5	1003973
NKD2	5	1008962
MIR4635	5	1062974
SLC12A7	5	1102783
TERLR1	5	1182814
SLC6A19	5	1201595
SLC6A18	5	1225395
TERT	5	1295018
MIR4457	5	1309377
CLPTM1L	5	1336736
MTCO2P32	5	1370945
LINC01511	5	1380048
SLC6A3	5	1445422
MIR6075	5	1510856
LPCAT1	5	1523959
SDHAP3	5	1593289
LINC03067	5	1594609
PPP4R2P5	5	1614836
PDCD6P1	5	1633984
MIR4277	5	1708868
MRPL36	5	1799895
NDUFS6	5	1801400
LINC02116	5	1857250
IRX4-AS1	5	1883372
IRX4	5	1886804
LSINCT5	5	2712591
IRX2	5	2751665
IRX2-DT	5	2752228
LINC01377	5	3177863
LINC02162	5	3452826
LINC01019	5	3517915
IRX1	5	3595832
LINC02063	5	4135660
LINC02114	5	4773456
LINC01020	5	5034359
LINC02121	5	5078457
RN7SKP73	5	5126046
ADAMTS16-DT	5	5140116
ADAMTS16	5	5140399
ADAMTS16-AS1	5	5176214
ALG3P1	5	5376836
MTCO1P30	5	5395957
MTCO2P30	5	5396335
MTCO1P31	5	5396968
ICE1	5	5422677
HMGB3P3	5	6289857
LINC02145	5	6338588
MED10	5	6378547
UBE2QL1	5	6448859
LINC01018	5	6582766
NSUN2	5	6633043
SRD5A1	5	6633440
LINC02102	5	6705208
TENT4A	5	6714632
LINC02236	5	6773336
MIR4278	5	6827921
RN7SKP79	5	6848462
LINC02196	5	6868541
RNA5SP176	5	7047227
LINC02142	5	7306825
LINC02123	5	7348353
ADCY2	5	7396075
CFAP90	5	7851151
FASTKD3	5	7869026
MTRR	5	7869209
RNU1-76P	5	7980146
MIR4458HG	5	8457527
LINC02226	5	8457557
MIR4458	5	8460925
MTND6P2	5	8619104
MTCYBP37	5	8619178
LINC02199	5	8839757
MIR4636	5	9053895
SEMA5A-AS1	5	9511333
SEMA5A	5	9546073
SNHG18	5	9546480
SNORD123	5	9548836
TAS2R1	5	9712200
RNA5SP177	5	9760907
LINC02221	5	9854387
LINC02112	5	9903826
ATPSCKMT	5	10249892
CCT5	5	10250302
CCT5-AS1	5	10267146
CMBL	5	10307681
MARCHF6	5	10353813
MARCHF6-DT	5	10353906
ROPN1L-AS1	5	10441867
ROPN1L	5	10441886
MIR6131	5	10478037
RPL30P7	5	10488820
LINC02212	5	10502718
LINC02213	5	10509194
ANKRD33B	5	10564200
ANKRD33B-AS1	5	10628225
DAP-DT	5	10761036
DAP	5	10761225
RNU6-429P	5	11027200
CTNND2	5	11746129
RNU6-679P	5	12297504
LINC01194	5	12574860
LINC02220	5	13032910
RPS23P5	5	13250662
NENFP3	5	13553966
RPL29P13	5	13638381
DNAH5-AS1	5	13860303
DNAH5	5	13932144
TRIO	5	14418783
OTULINL	5	14581818
CCT6P2	5	14641018
EEF1A1P13	5	14653329
OTULIN-DT	5	14664573
OTULIN	5	14664779
RBBP4P1	5	14798400
MIR4637	5	14826012
ANKH	5	14871472
ANKH-DT	5	14872332
UQCRBP3	5	14874711
HNRNPKP5	5	14877919
SEPHS2P1	5	14960232
LINC02149	5	15195260
MARK2P5	5	15384220
FBXL7	5	15501438
MIR887	5	15935182
RNA5SP178	5	16033356
MARCHF11-AS1	5	16129131
MARCHF11	5	16179791
MARCHF11-DT	5	16179908
NACAP6	5	16192709
LINC02150	5	16440081
ZNF622	5	16465801
RETREG1	5	16519114
RETREG1-AS1	5	16617118
MYO10	5	16750227
RNA5SP179	5	16853994
RPS26P28	5	16902641
RNU6-660P	5	16941951
RNA5SP180	5	17157071
DCAF13P2	5	17202274
BASP1-AS1	5	17216243
BASP1	5	17216823
RNU6-1003P	5	17240611
RN7SKP133	5	17345616
FTH1P10	5	17354424
LINC02111	5	17381498
LINC02217	5	17404030
LINC02218	5	17444010
H3Y2	5	17492076
TAF11L2	5	17498231
H3P17	5	17502363
H3P18	5	17512238
TAF11L3	5	17518367
TAF11L4	5	17521801
TAF11L5	5	17525235
TAF11L6	5	17528669
TAF11L7	5	17585758
TAF11L8	5	17590960
TAF11L9	5	17594394
TAF11L10	5	17597828
TAF11L11	5	17604180
TAF11L12	5	17610444
H3P19	5	17615111
H3P20	5	17620939
H3P21	5	17625959
TAF11L13	5	17632088
TAF11L14	5	17634460
H3Y1	5	17655849
H3P22	5	17670571
LINC02223	5	17802474
RPL36AP21	5	18049550
RN7SL58P	5	18547312
LINC02100	5	18746173
UBE2V1P12	5	18887095
RPL32P14	5	19041009
HSPD1P15	5	19233366
CDH18	5	19988197
CDH18-AS1	5	20305561
LINC02241	5	20616267
LINC02146	5	20616322
GUSBP1	5	21459560
HSPD1P1	5	21882585
PMCHL1	5	22142373
CDH12	5	22213684
GCNT1P2	5	22580819
PTPN11P4	5	23305143
PRDM9	5	23507155
TRPC6P9	5	23688927
LINC02899	5	23951378
ADH5P5	5	23980587
AKTIPP2	5	24170370
CDH10	5	24644780
TRPC6P6	5	24749772
BTG4P1	5	24787024
LINC02239	5	24840553
LINC02211	5	25190529
LINC02228	5	25190674
RNU6-374P	5	25701324
MSNP1	5	25909503
RNU4-43P	5	26012889
CCNB3P1	5	26741183
CDH9	5	27038584
RNU6-738P	5	27111569
PURPL	5	27472285
LINC02103	5	28287777
RNU6-909P	5	28624657
DPPA3P12	5	28898274
LSP1P3	5	28926816
SUCLG2P4	5	29001760
LINC02109	5	29143518
LINC02064	5	29395984
UBL5P1	5	29600676
ZCCHC10P2	5	29849218
RN7SKP207	5	29948828
HPRT1P2	5	30248350
RPL19P11	5	31053565
CDH6	5	31193820
DUX4L51	5	31249879
DROSHA	5	31532072
C5orf22	5	31532299
RNU6-363P	5	31595669
RNU6-358P	5	31820638
RNU6-760P	5	31832439
RPL21P56	5	31840971
RPL5P14	5	31847271
TPT1P5	5	31908361
MIR4279	5	31936159
PDZD2	5	32052494
GOLPH3-DT	5	32173678
GOLPH3	5	32174302
RNU6-1079P	5	32234875
RNU6-378P	5	32309662
MTMR12	5	32312950
MIR579	5	32394475
ZFR	5	32444699
TMEM183AP2	5	32522758
SUB1	5	32585571
LINC02061	5	32651976
NPR3	5	32710987
LINC02120	5	32948218
LINC02160	5	33229496
TARS1-DT	5	33440731
TARS1	5	33440993
TOMM40P3	5	33502072
RNU6-923P	5	33888162
ADAMTS12	5	33891774
RXFP3	5	33936386
SLC45A2	5	33984641
FHP2	5	33997724
AMACR	5	34008050
C1QTNF3	5	34038262
C1QTNF3-AMACR	5	34124528
GUSBP18	5	34218343
RAI14-DT	5	34656168
RAI14	5	34684543
TTC23L	5	34839190
TTC23L-AS1	5	34839335
RPL21P54	5	34883057
RAD1	5	34915539
BRIX1	5	34915710
DNAJC21	5	34929984
AGXT2	5	35047942
PRLR	5	35195242
RNU7-130P	5	35633024
SPEF2	5	35646531
IL7R	5	35856890
CAPSL	5	35938628
CAPSL-DT	5	35938791
UGT3A1	5	35991417
UGT3A2	5	36067084
MIR580	5	36147988
LMBRD2	5	36151887
SKP2	5	36152116
RNU6-1305P	5	36155119
NADK2-AS1	5	36221055
NADK2	5	36241798
RANBP3L	5	36301901
RNA5SP181	5	36485343
SLC1A3	5	36607331
SLC1A3-AS1	5	36725191
NIPBL-DT	5	36876657
KRT18P31	5	36885206
NIPBL	5	36961506
RPS4XP6	5	37085056
RBISP2	5	37130430
CPLANE1	5	37176099
OFD1P17	5	37209364
RN7SL37P	5	37246479
CPLANE1-AS1	5	37248990
RNU7-75P	5	37327135
NUP155	5	37371091
WDR70	5	37379320
KCTD9P5	5	37506857
RNU6-1190P	5	37620088
RNU6-484P	5	37700437
GDNF	5	37835491
LINC02117	5	37920888
GDNF-AS1	5	37952527
EGFLAM-AS4	5	38290986
EGFLAM-AS3	5	38346551
EGFLAM-AS2	5	38403440
EGFLAM-AS1	5	38427383
EGFLAM	5	38445520
EGFLAM-AS5	5	38468412
LIFR	5	38556653
LIFR-AS1	5	38556859
MIR3650	5	38557561
OSMR-DT	5	38845794
OSMR	5	38846034
AIG1P1	5	39022411
RICTOR	5	39074389
GOLGA5P1	5	39170335
FYB1	5	39219569
C9	5	39364553
DAB2	5	39424980
LINC02104	5	39520404
CFAP53P1	5	39572639
INTS6P1	5	39721513
GCSHP1	5	39889059
LINC00603	5	39951525
KRT18P56	5	40066651
LINC00604	5	40240378
RNU1-150P	5	40269558
PTGER4	5	40680712
TTC33	5	40755948
PRKAA1	5	40798164
SNORD72	5	40832735
RPL37	5	40835215
CARD6	5	40841367
C7	5	40909498
RNU7-161P	5	40911128
MROH2B	5	41058206
C6	5	41213110
PLCXD3	5	41510601
OXCT1-AS1	5	41869769
OXCT1	5	41870385
RIMOC1	5	41904344
FBXO4	5	41925286
RPSAP38	5	41952193
MTHFD2P6	5	41968366
LINC02996	5	42175357
GHR	5	42424993
SERBP1P6	5	42468868
CCDC152	5	42756835
SELENOP	5	42811890
PPIAP77	5	42892817
PRELID3BP4	5	42897832
PRELID3BP5	5	42908667
PRELID3BP6	5	42917414
PRELID3BP7	5	42972624
ANXA2R-OT1	5	43000797
ANXA2R-AS1	5	43041739
ANXA2R	5	43041744
ZNF131	5	43121536
NIM1K	5	43192783
TUBAP14	5	43233173
HMGCS1	5	43313412
CCL28	5	43412374
TMEM267	5	43483869
C5orf34-AS1	5	43483959
EEF1A1P19	5	43496454
C5orf34	5	43515051
PAIP1	5	43557088
AMD1P3	5	43588223
NNT-AS1	5	43603120
NNT	5	43603191
RPL29P12	5	43667232
RNU6-381P	5	44066731
FGF10-AS1	5	44388732
FGF10	5	44389706
RN7SL383P	5	44716193
MRPS30-DT	5	44808754
MRPS30	5	44809843
HCN1	5	45696018
EMB	5	50441288
PARP8	5	50666790
LINC02106	5	50970176
RNU6-480P	5	51055459
RNU6-1296P	5	51167647
ISL1-DT	5	51381469
ISL1	5	51383560
HMGB1P47	5	51410205
RNA5SP182	5	51886688
KATNBL1P4	5	51930808
LINC02118	5	52008923
RPS17P11	5	52282567
MFSD4BP1	5	52581106
PELO	5	52788189
PELO-AS1	5	52799956
ITGA1	5	52863973
B3GNTL1P1	5	52889666
RPL17P21	5	52903908
ITGA2	5	52989346
ITGA2-AS1	5	52990164
MOCS2	5	53109767
MOCS2-DT	5	53109844
RPL13AP13	5	53206561
FST	5	53480653
NDUFS4	5	53560643
LINC02105	5	53819702
ASS1P9	5	53859166
RNU6-272P	5	53912123
MIR581	5	53951599
RN7SL801P	5	54048308
ARL15	5	54310574
RPL37P25	5	54399439
HSPB3	5	54455699
SNX18	5	54517746
CSPG4BP	5	54872551
ESM1	5	55004132
GZMK	5	55027314
GZMAP1	5	55073015
GZMA	5	55102646
GPX8	5	55160170
MIR449A	5	55170622
MIR449B	5	55170742
MIR449C	5	55172353
CDC20B	5	55173168
MCIDAS	5	55227288
CCNO	5	55233602
CCNO-DT	5	55233895
DHX29	5	55307682
MTREX	5	55307989
MIR5687	5	55508926
RNF138P1	5	55530701
PLPP1	5	55534957
AK4P2	5	55552554
SLC38A9	5	55712298
DDX4	5	55738115
RNA5SP183	5	55777469
HNRNPH1P3	5	55840025
IL31RA	5	55853314
IL6ST	5	55994952
IL6ST-DT	5	55995162
RNU6-299P	5	56125671
RPL17P22	5	56136979
RNA5SP184	5	56146846
C1GALT1P2	5	56192530
ANKRD55	5	56233110
RNA5SP185	5	56260446
PSMC1P4	5	56276630
RNU6ATAC2P	5	56297689
HMGN1P17	5	56381781
LINC01948	5	56481771
RPL26P19	5	56505072
C5orf67	5	56606232
MAP3K1	5	56815549
SETD9	5	56909618
MIER3	5	56952122
RLIG1P1	5	57120796
GPBP1	5	57174054
SALL4P1	5	57422464
ACTBL2	5	57482811
RMEL3	5	57482963
LNCBRM	5	57576091
LINC02225	5	57899162
LINC02101	5	58122371
PGAM1P1	5	58161197
PLK2	5	58458155
GAPT	5	58491486
MIR548AE2	5	58530109
LINC02108	5	58558243
RAB3C	5	58613719
RPL5P15	5	58822503
PDE4D-AS1	5	59037394
NDUFB4P2	5	59528861
MIR582	5	59703703
PDE4D	5	59768848
RNU6-806P	5	60304151
RPL31P8	5	60430276
SETP21	5	60460739
PART1	5	60488151
CAB39P1	5	60630514
DEPDC1B	5	60700166
KRT8P31	5	60744970
ELOVL7	5	60844210
GNL3LP1	5	60893577
ERCC8-AS1	5	60917426
ERCC8	5	60945049
NDUFAF2	5	60945207
SMIM15	5	61162446
SMIM15-AS1	5	61162478
LINC02057	5	61304733
ZSWIM6	5	61332258
RPL3P6	5	61391871
LINC03122	5	61631384
RNU6-913P	5	61664239
LINC03123	5	61735719
RN7SKP157	5	62146665
KIF2A	5	62306450
DIMT1	5	62403895
IPO11	5	62432232
RNU6-661P	5	62443176
CKS1BP3	5	62512482
RPL35AP14	5	62576271
LRRC70	5	62578837
ISCA1P1	5	62777263
HTR1A	5	63962476
RNF180	5	64165844
NT5ELP	5	64486615
RGS7BP	5	64506257
RN7SL169P	5	64539504
RNU6-294P	5	64573569
MRPL49P1	5	64674853
SHISAL2B	5	64690532
SREK1IP1	5	64768649
CWC27	5	64768953
RPEP1	5	65251784
ADAMTS6	5	65473682
CENPK	5	65563099
PPWD1	5	65563303
RNU6-540P	5	65604761
TRIM23	5	65624320
SHLD3	5	65625027
TRAPPC13	5	65625057
SGTB	5	65722121
NLN	5	65777417
ERBIN-DT	5	65925535
ERBIN	5	65926630
SREK1	5	66144330
LINC02065	5	66209893
LINC02229	5	66511636
PPIAP78	5	66572057
MAST4-IT1	5	66662331
MAST4	5	66828775
MAST4-AS1	5	67004232
CD180	5	67191548
TILRLS	5	67268022
RPL21P55	5	67608654
BCL9P1	5	67636382
LINC02242	5	67646800
LINC02997	5	67792945
RNU6-1232P	5	68159146
EEF1B2P2	5	68159893
LINC02219	5	68188925
PIK3R1	5	68280265
VWA8P1	5	68855085
RN7SKP251	5	68970752
LINC02198	5	69007231
SUMO2P4	5	69069200
SLC30A5	5	69094044
SNORA50D	5	69160808
CCNB1	5	69167149
CENPH	5	69189591
KGD4	5	69217786
CDK7	5	69234887
CFL1P5	5	69313872
CCDC125	5	69332778
CHCHD2P2	5	69333929
NDUFB9P1	5	69349936
TAF9	5	69369390
AK6	5	69369511
RAD17	5	69369826
MARVELD2	5	69415183
RPS27P14	5	69469883
RN7SL616P	5	69479265
OCLN	5	69492846
RNU6-724P	5	69530717
GTF2H2C	5	69560226
NAIPP3	5	69618313
GUSBP3	5	69710480
GUSBP13	5	69875271
CDH12P2	5	69985501
SERF1B	5	70025534
SMN2	5	70049686
SMN2-AS1	5	70057416
NAIPP2	5	70128434
CDH12P3	5	70132679
GUSBP14	5	70258930
GTF2H2B	5	70415352
NAIPP1	5	70473448
GUSBP15	5	70555266
GUSBP16	5	70751184
CDH12P1	5	70860579
SERF1A	5	70900774
SMN1	5	70925086
SMN1-AS1	5	70932840
NAIP	5	71020752
GTF2H2	5	71067663
OCLNP1	5	71093193
NAIPP4	5	71128753
CDH12P4	5	71132993
GUSBP9	5	71208130
GUSBP17	5	71259238
PMCHL2	5	71375830
LINC02197	5	71446017
BDP1	5	71494465
HMGN1P12	5	71537846
MCCC2	5	71587348
CARTPT	5	71719427
MAP1B	5	72107477
MIR4803	5	72169467
RN7SL153P	5	72314688
MRPS27	5	72320215
PTCD2	5	72320374
YBX1P5	5	72417489
ZNF366	5	72507393
RPL7P22	5	72725419
H2BL1P	5	72733833
TNPO1-DT	5	72771744
TNPO1	5	72816793
MIR4804	5	72878591
RPL35AP13	5	72879185
FCHO2-DT	5	72955905
FCHO2	5	72956067
CTDNEP1P2	5	72996920
CHP1P1	5	73021279
TMEM171	5	73120596
TMEM174	5	73173242
LINC02230	5	73337861
FOXD1-AS1	5	73446357
FOXD1	5	73447882
LINC01385	5	73451638
LINC01386	5	73472896
BTF3-DT	5	73498369
BTF3	5	73498469
FUNDC2P1	5	73508685
ANKRA2	5	73565517
UTP15	5	73565749
ARHGEF28	5	73739597
ATP5PFP4	5	73803599
RNU7-196P	5	73828073
LINC02122	5	74053441
RN7SL814P	5	74317986
LINC01333	5	74322439
LINC01331	5	74476576
ENC1	5	74640549
HEXB	5	74715586
RNU6-658P	5	74725204
GFM2	5	74767114
NSA2	5	74767249
RNU6-1330P	5	74779309
ARPC1AP3	5	74798994
FAM169A-AS1	5	74865893
FAM169A	5	74866400
RPL27AP5	5	74990637
GCNT4	5	75052648
SUMO2P5	5	75225424
ANKRD31	5	75236878
HMGCR	5	75337241
CERT1	5	75511402
POLK	5	75511910
RNU7-175P	5	75538658
ANKDD1B	5	75611517
RNU6-680P	5	75709599
POC5	5	75717416
SLC25A5P9	5	75753479
BIN2P2	5	75910565
SAP18P1	5	76075531
SV2C-AS1	5	76083284
SV2C	5	76083414
RNA5SP186	5	76091801
RAP1BL	5	76174183
HMGN2P4	5	76242404
PDCD5P2	5	76280956
SV2C-AS2	5	76336839
SNRPCP2	5	76376675
IQGAP2	5	76609131
F2RL2	5	76623408
F2R	5	76716162
F2RL1	5	76818981
RN7SL208P	5	76837195
S100Z	5	76850058
RNU6ATAC36P	5	76948791
CRHBP	5	76953233
AGGF1	5	77030404
SNORA47	5	77080571
ZBED3	5	77087203
ZBED3-AS1	5	77087450
HMGB1P35	5	77146568
PDE8B	5	77210926
ALDH7A1P1	5	77290268
WDR41	5	77492223
RPS2P24	5	77545397
RPL7P23	5	77582376
OTP	5	77637853
TBCA	5	77776293
ACTBP2	5	77784881
ATP6V1G1P6	5	78222184
AP3B1	5	78294692
RNU6-183P	5	78315025
SCAMP1-AS1	5	78360472
SCAMP1	5	78360614
HMGB1P21	5	78644845
LHFPL2	5	78648617
ARSB	5	78985310
DMGDH	5	79069674
BHMT2	5	79069763
BHMT	5	79116080
RNY3P1	5	79170335
JMY	5	79236132
RPS3AP20	5	79284918
RPL29P15	5	79510434
HOMER1	5	79514089
RPL7AP32	5	79529302
TENT2	5	79612574
CMYA5	5	79689849
LINC01455	5	79936579
MTX3	5	79991259
RBX1P2	5	80019609
TRMT112P2	5	80033302
THBS4	5	80035414
THBS4-AS1	5	80083044
SERINC5	5	80256032
KRT18P45	5	80288449
SPZ1	5	80319813
RBMX2P5	5	80332541
HNRNPA1P12	5	80360040
RNU6-211P	5	80365832
ZFYVE16	5	80408079
FAM151B-DT	5	80487946
FAM151B	5	80488046
RPS27AP9	5	80498971
RPL7P24	5	80500332
ANKRD34B	5	80570275
DBIP2	5	80603644
LINC01337	5	80622524
DHFR	5	80654552
MSH3	5	80654685
RASGRF2	5	80960739
RASGRF2-AS1	5	80960868
CKMT2	5	81233333
CKMT2-AS1	5	81301534
ZCCHC9	5	81301620
ACOT12	5	81394134
SSBP2	5	81751057
SEM1P1	5	81892490
ATG10	5	81972257
ATG10-IT1	5	81991995
PPIAP11	5	82010094
ATG10-AS1	5	82073702
RN7SL378P	5	82078427
RPS23	5	82278354
ATP6AP1L	5	82295449
RPL5P16	5	82777797
MIR3977	5	82840155
LINC01338	5	82859944
ST13P12	5	82968888
SCARNA18	5	83064337
TMEM167A	5	83077409
XRCC4	5	83077613
COQ10BP2	5	83280644
FTH1P9	5	83426676
VCAN	5	83471791
VCAN-AS1	5	83571817
RN7SKP295	5	83685866
HAPLN1	5	83698701
RNU6-620P	5	83703448
RPL13AP14	5	83746989
RNU4-11P	5	83803554
ZP3P1	5	83875821
RNU6-448P	5	84196883
EDIL3-DT	5	84384643
EDIL3	5	84384665
PPIAP79	5	85000315
RBBP4P6	5	85190830
RPL5P17	5	85464434
RPS2P25	5	85762559
PTP4A1P4	5	86087526
NBPF22P	5	86282766
COX7C	5	86617959
SNORD138	5	86620497
RNU6-804P	5	86663250
LINC02059	5	86746824
RN7SKP34	5	87102846
MIR4280	5	87114954
MIR4280HG	5	87122171
LINC01949	5	87251653
RASA1	5	87267888
RN7SL629P	5	87294473
RNU6-606P	5	87299797
CCNH	5	87412871
RNU6-727P	5	87420447
LINC02488	5	87662025
LINC02144	5	87733097
TMEM161B	5	88268830
TMEM161B-DT	5	88269023
RNA5SP187	5	88274376
RPS3AP22	5	88381957
H3P23	5	88602780
MIR9-2	5	88666939
MIR9-2HG	5	88677746
MEF2C-AS2	5	88684350
GSCAR	5	88694139
MEF2C	5	88883207
MEF2C-AS1	5	88889370
LINC02161	5	89581209
MIR3660	5	90016720
LINC01339	5	90267915
CETN3	5	90409757
MBLAC2	5	90474574
POLR3G	5	90474876
LYSMD3	5	90529587
ADGRV1	5	90732936
LYSETP1	5	91031307
RNU4-90P	5	91270727
LUCAT1	5	91314398
ARRDC3	5	91380151
ARRDC3-AS1	5	91380392
RAB5CP2	5	91476382
PCBP2P3	5	91844529
LDHBP3	5	92841628
CCT7P2	5	92890840
LINC02058	5	92939567
POLD2P1	5	93267429
NR2F1-AS1	5	93581192
NR2F1	5	93586418
MIR2277	5	93620788
NPM1P27	5	93683667
POU5F2	5	93741600
ARB2A	5	94111534
MTND5P12	5	94567461
MTND6P3	5	94569470
MTCYBP35	5	94569540
KIAA0825	5	94618584
SLF1	5	94618687
RPL7P18	5	94826694
MCTP1-AS1	5	94979151
MCTP1	5	95081572
FAM81B	5	95392832
RTRAFP2	5	95440044
RNU6-308P	5	95521369
SKIC3	5	95543331
ARSK	5	95555155
GPR150	5	95620087
RFESD	5	95646889
SPATA9	5	95683003
RHOBTB3	5	95731840
HSPD1P11	5	95768999
GLRX	5	95822718
GGCTP1	5	95835046
LINC01554	5	95844237
ELL2	5	95961756
FABP5P5	5	95973446
MIR583	5	96079138
CAST	5	96148921
RNU6-524P	5	96210227
PCSK1	5	96433261
ERAP1	5	96807922
ERAP2	5	96879564
LNPEP	5	96936132
SETP22	5	97057358
LIX1	5	97142753
RNU1-73P	5	97176113
LIX1-AS1	5	97182833
RIOK2	5	97183222
YTHDF1P1	5	97368776
LINC01340	5	97578344
MTCYBP40	5	97678681
LINC01846	5	98158727
PSME2P1	5	98213402
KRT8P32	5	98393530
MRPS35P2	5	98402732
MTCO2P24	5	98410100
MTCO1P24	5	98411792
CTBP2P4	5	98576341
DDX18P4	5	98679402
RGMB	5	98769323
RGMB-AS1	5	98773123
CSNK1A1P3	5	98833382
CHD1	5	98872557
RNU6-402P	5	98889731
CHD1-DT	5	98929150
LINC02113	5	99410752
GUSBP8	5	99532628
CRLF3P2	5	99949583
EEF1A1P20	5	99996547
MTCYBP22	5	100046374
MTND6P22	5	100046450
MTND5P10	5	100048785
MTND4P35	5	100050362
MTND4LP5	5	100050650
MTND3P19	5	100051063
MTCO3P22	5	100051916
MTATP6P2	5	100052597
MTCO2P22	5	100053539
MTCO1P22	5	100055045
GUSBP7	5	100067954
RNU6-1119P	5	100153672
GUSBP19	5	100381398
FAM174A-DT	5	100535200
FAM174A	5	100535378
RN7SKP62	5	100733058
MIR548P	5	100816565
ST8SIA4	5	100903241
RN7SL802P	5	101581830
OR7H2P	5	101816780
RNA5SP188	5	102131135
SLCO4C1	5	102296284
RN7SKP68	5	102302504
SLCO6A1	5	102498810
LINC00492	5	102581368
LINC00491	5	102671559
PAM	5	102755327
EIF3KP1	5	103032376
GIN1	5	103120113
PPIP5K2	5	103120335
MACIR	5	103259042
PDZPH1P	5	103526618
LINC02115	5	103543202
NUDT12	5	103562771
NIHCOLE	5	104079906
RNU1-140P	5	104098874
RN7SL255P	5	104260826
RNU6-334P	5	104780389
RAB9BP1	5	105099473
RNA5SP189	5	105923108
LINC01950	5	107011014
PSMC1P5	5	107195156
EFNA5	5	107670627
RN7SL782P	5	107735066
RN7SKP122	5	107810629
FBXL17	5	108374458
LINC01023	5	108728744
FER	5	108748953
RACK1P1	5	108784098
LSM2P2	5	108894628
RNU6-47P	5	109014940
GJA1P1	5	109052457
PJA2	5	109409911
KRT18P42	5	109588338
MAN2A1-DT	5	109688329
MAN2A1	5	109689926
RN7SKP230	5	109699834
LINC01848	5	109883190
PGAM5P1	5	109885423
MIR548F3	5	110513915
TMEM232	5	110726688
SLC25A46	5	110739041
BCLAF1P1	5	110950780
TSLP	5	111071713
WDR36	5	111092346
RPS3AP21	5	111193042
CAMK4	5	111224409
STARD4	5	111512523
HMGN1P13	5	111572239
STARD4-AS1	5	111703887
RN7SKP57	5	111720061
NREP	5	111757722
HMGN1P14	5	111846566
NREP-AS1	5	111940053
EPB41L4A-AS1	5	112160858
SNORA13	5	112161485
EPB41L4A	5	112257088
EPB41L4A-DT	5	112419583
HMGB3P16	5	112452989
TMEM183AP6	5	112546973
LINC02200	5	112628561
APC	5	112722732
CBX3P3	5	112778161
RNU6-482P	5	112778363
SRP19	5	112861317
XBP1P1	5	112885094
ZRSR2P1	5	112891610
REEP5	5	112922227
DCP2	5	112976798
MCC	5	113204576
TSSK1B	5	113434989
RNU4ATAC13P	5	113493835
YTHDC2	5	113513707
RN7SKP89	5	114253513
KCNN2	5	114363107
LINC01957	5	114576041
TRIM36-IT1	5	115149644
TRIM36	5	115169908
PGGT1B	5	115262851
HMGN1P15	5	115289330
CCDC112	5	115296620
CTNNA1P1	5	115392370
AK3P4	5	115402380
CCT5P1	5	115512077
FEM1C	5	115544543
TICAM2-AS1	5	115602120
TICAM2	5	115602444
TMED7-TICAM2	5	115626014
TMED7	5	115634787
H3P24	5	115770586
RNU2-49P	5	115774502
CDO1	5	115816658
ATG12	5	115839494
AP3S1	5	115841938
LINCADL	5	115956595
DDX43P1	5	115976275
LVRN	5	116004907
ARL14EPL	5	116032398
COMMD10	5	116085250
RNU6-644P	5	116188552
HMGN2P27	5	116218295
SEMA6A-AS1	5	116449679
SEMA6A	5	116545677
RPS14P8	5	116562562
SEMA6A-AS2	5	116574921
RPS17P2	5	116716243
LINC02214	5	116762209
RPL35AP15	5	117301442
LINC00992	5	117454960
LINC02147	5	117760374
RPL7L1P4	5	117779532
LINC02148	5	118282571
LINC02208	5	118562085
LINC02216	5	118576272
LINC02215	5	118596188
RNU7-34P	5	118758211
PTMAP2	5	118973796
MIR1244-2	5	118974586
DTWD2	5	118988542
RNU6-373P	5	119007571
CATSPER2P2	5	119011471
DMXL1-DT	5	119070882
DMXL1	5	119117216
SEPTIN7P10	5	119128444
LAMTOR3P2	5	119132882
RNU6-701P	5	119138859
MIR5706	5	119154637
RN7SL174P	5	119306631
TNFAIP8	5	119354773
RNA5SP190	5	119445716
HSD17B4	5	119452759
RPL21P58	5	119547606
FABP5P6	5	119555658
FAM170A	5	119629567
TUBAP15	5	119653000
RNU6-718P	5	120337653
PRR16	5	120465631
PRELID3BP8	5	120658371
RNU4-69P	5	120710840
RPL23AP44	5	121576320
FTMT	5	121851882
SRFBP1	5	121961990
LOX	5	122077472
ZNF474	5	122129560
ZNF474-AS1	5	122156015
ZNF475	5	122160176
SNCAIP	5	122312188
SNCAIP-AS2	5	122324048
SNCAIP-AS1	5	122383568
ARGFXP1	5	122675795
LINC02201	5	122712330
SNX2	5	122775093
SNX24	5	122845619
RN7SL689P	5	123022783
PPIC-AS1	5	123036166
PPIC	5	123036724
RN7SL711P	5	123070782
PRDM6-AS1	5	123089860
PRDM6	5	123099745
KRT8P33	5	123402344
CEP120	5	123423324
HMGB3P17	5	123469429
CSNK1G3	5	123512260
KRT18P16	5	123636110
HMGB1P29	5	124221077
LINC01170	5	124395636
ZNF608	5	124745081
LINC02240	5	124996861
HMGB1P22	5	125265528
RN7SKP117	5	125351131
RPSAP37	5	125968085
LINC02039	5	126179573
GRAMD2B	5	126423458
RNU6-290P	5	126553402
ALDH7A1	5	126595197
PHAX	5	126602255
SPMIP10	5	126632119
BOLA3P3	5	126663568
HSPE1P10	5	126737995
RNU6-752P	5	126755417
LMNB1-DT	5	126776495
LMNB1	5	126777151
MARCHF3	5	127030557
C5orf63	5	127073473
MRPS5P3	5	127143247
SELENOTP2	5	127177050
MEGF10	5	127416142
HNRNPKP1	5	127512842
PRRC1	5	127517653
CTXN3	5	127653032
CCDC192	5	127721464
CUL1P1	5	127787042
SLC12A2-DT	5	128083074
POGLUT2P1	5	128109486
SLC12A2	5	128120918
FBN2	5	128377821
SLC27A6	5	128965351
ISOC1	5	129094751
MIR4633	5	129097688
MIR4460	5	129397147
ADAMTS19	5	129460298
ADAMTS19-AS1	5	129461385
MINAR2	5	129748094
CHSY3-AS1	5	129905725
CHSY3	5	129906276
RNU6ATAC10P	5	129974891
RNA5SP191	5	130114409
HSPA8P4	5	130140031
RNU7-53P	5	130386680
ARL2BPP4	5	130529419
HINT1	5	131165278
LYRM7	5	131170966
CDC42SE2	5	131264053
RAPGEF6	5	131635030
ACTBP4	5	131660115
FNIP1	5	131796997
MEIKIN	5	131944792
ACSL6-AS1	5	132003592
ACSL6	5	132011563
IL3	5	132060655
CSF2	5	132073789
P4HA2-AS1	5	132184886
MIR6830	5	132217918
P4HA2	5	132227818
PDLIM4	5	132257694
SLC22A4	5	132294394
MIR3936	5	132365599
MIR3936HG	5	132369648
SLC22A5	5	132369829
CARINH	5	132410985
LINC02863	5	132426710
IRF1	5	132489953
IL5	5	132550365
RAD50	5	132557142
TH2LCRR	5	132656180
IL13	5	132656530
IL4	5	132674020
KIF3A	5	132737540
CCNI2	5	132747459
SEPTIN8	5	132777261
SOWAHA	5	132813302
SHROOM1	5	132830614
RNA5SP192	5	132848577
GDF9	5	132866469
UQCRQ	5	132866644
LEAP2	5	132873666
EEF1A1P50	5	132942932
ATP6V0E1P1	5	132948493
AFF4	5	132963513
AFF4-DT	5	132963870
ZCCHC10	5	133026561
HSPA4	5	133052015
RPL6P15	5	133173053
MIR1289-2	5	133427706
FSTL4	5	133458849
WSPAR	5	133913677
C5orf15	5	133968625
VDAC1	5	134004539
TCF7	5	134115911
SKP1	5	134176948
PPP2CA	5	134225718
MIR3661	5	134225757
PPP2CA-DT	5	134226136
CDKL3	5	134369087
UBE2B	5	134371506
CDKN2AIPNL	5	134411881
LINC02999	5	134433172
RNU6-456P	5	134500284
LINC01843	5	134506494
RN7SL541P	5	134517810
JADE2	5	134525708
SAR1B	5	134632809
RNU6-1311P	5	134634945
SEC24A	5	134648795
RNU6-1164P	5	134701278
RNU6-757P	5	134715483
CAMLG	5	134738516
DDX46	5	134780736
C5orf24	5	134846031
TXNDC15	5	134874415
PCBD2	5	134905128
MTCYBP18	5	134924049
MTND6P4	5	134924123
MTND5P11	5	134926459
MTND4P12	5	134928036
MTND4LP30	5	134928326
MTND3P25	5	134928527
CATSPER3	5	134967907
PITX1	5	135034431
EPIST	5	135039803
PITX1-AS1	5	135127099
LINC02900	5	135248171
MACROH2A1	5	135399218
DCANP1	5	135447348
TIFAB	5	135452351
NEUROG1	5	135535964
CXCL14	5	135578999
SLC25A48-AS1	5	135653935
MIR5692C1	5	135803075
SLC25A48	5	135834685
IL9	5	135895841
FBXL21P	5	135934368
LECT2	5	135954962
TGFBI	5	136048467
VTRNA2-1	5	136080597
SMAD5	5	136132923
SMAD5-AS1	5	136133337
SMIM32	5	136193162
TRPC7-AS1	5	136193308
TRPC7-AS2	5	136303757
TRPC7	5	136365476
HSPD1P18	5	136381511
HNRNPA1P13	5	136428892
ANKRD49P3	5	136857628
RNA5SP193	5	136969306
SPOCK1	5	137339519
MIR874	5	137647649
KLHL3	5	137706431
HNRNPA0	5	137754363
NPY6R	5	137808211
MYOT	5	137870507
PKD2L2-DT	5	137889323
PKD2L2	5	137889458
FAM13B-AS1	5	138032771
FAM13B	5	138033078
RNU6-1148P	5	138069458
WNT8A	5	138084024
RNU6-460P	5	138116573
RNU6-888P	5	138123111
NME5	5	138139390
BRD8	5	138171060
KIF20A	5	138179114
CDC23	5	138213309
RPS27AP18	5	138267757
GFRA3	5	138274571
CDC25C	5	138331801
FAM53C	5	138338015
KDM3B	5	138352735
REEP2	5	138439087
EGR1	5	138465479
RPL7P19	5	138473744
ETF1	5	138543136
SNORD63B	5	138559039
SNORD63	5	138561110
HSPA9	5	138575403
CTNNA1-AS1	5	138753339
CTNNA1	5	138753659
LRRTM2	5	138875338
RNA5SP194	5	139012329
RPL12P21	5	139035987
SIL1	5	139198308
RNU6-572P	5	139221758
SNHG4	5	139274104
SNORA74D	5	139276180
SNORA74A	5	139278781
MATR3	5	139293739
RNA5SP195	5	139299852
RN7SKP64	5	139333365
PAIP2	5	139341859
SLC23A1	5	139383299
MZB1	5	139389895
PROB1	5	139395104
SPATA24	5	139404067
DNAJC18	5	139439504
RNU5B-4P	5	139447907
ECSCR	5	139462732
SMIM33	5	139471004
STING1	5	139482327
NCOA4P4	5	139494256
UBE2D2	5	139561612
H3P25	5	139612363
CXXC5	5	139648932
CXXC5-AS1	5	139649355
RNU6-236P	5	139718090
PSD2-AS1	5	139746260
PSD2	5	139795920
NRG2	5	140043069
PURA	5	140108020
MALINC1	5	140108630
IGIP	5	140125937
CYSTM1	5	140175157
PFDN1	5	140303084
HBEGF	5	140346587
SLC4A9	5	140360210
RNU4-14P	5	140397444
ANKHD1-DT	5	140401456
ANKHD1	5	140482580
ANKHD1-EIF4EBP3	5	140528826
EIF4EBP3	5	140547662
SRA1	5	140557461
MIR6831	5	140563751
APBB3	5	140564372
SLC35A4	5	140564828
HAUS1P1	5	140581504
RPL36P11	5	140609085
CD14	5	140633651
TMCO6	5	140639470
NDUFA2	5	140647637
MIR3655	5	140647844
IK	5	140647928
WDR55	5	140666575
DND1	5	140673576
HARS1	5	140691349
HARS2	5	140691469
ZMAT2	5	140700428
VTRNA1-1	5	140711275
VTRNA1-2	5	140718925
VTRNA1-3	5	140726158
PCDHA1	5	140786140
PCDHA2	5	140794855
PCDHA3	5	140801042
PCDHA4	5	140807071
PCDHA5	5	140821613
PCDHA6	5	140827960
PCDHA7	5	140834258
PCDHA8	5	140841187
PCDHA9	5	140848077
PCDHA10	5	140855953
PCDHA14	5	140861224
PCDHA11	5	140868957
PCDHA12	5	140875308
PCDHA13	5	140882208
PCDHAC1	5	140926334
PCDHAC2	5	140982345
PEARL1	5	141040905
PCDHB1	5	141051374
PCDHB1-AS1	5	141078036
PCDHB2	5	141094622
PCDHB3	5	141101580
PCDHB4	5	141121818
PCDHB5	5	141135217
PCDHB6	5	141150079
PCDHB17P	5	141155996
PCDHB7	5	141172644
PCDHB8	5	141177819
PCDHB16	5	141182395
PCDHB9	5	141187161
PCDHB10	5	141192353
PCDHB11	5	141199618
PCDHB12	5	141208708
PCDHB13	5	141213919
PCDHB14	5	141223351
PCDHB18P	5	141234551
PCDHB19P	5	141239923
PCDHB15	5	141245395
SLC25A2	5	141304049
TAF7	5	141320713
PCDHGA1	5	141330542
PCDHGA2	5	141338760
PCDHGA3	5	141343931
PCDHGB1	5	141350100
PCDHGA4	5	141355030
PCDHGB2	5	141360018
PCDHGA5	5	141364197
PCDHGB3	5	141370318
PCDHGA6	5	141373942
PCDHGA7	5	141382740
PCDHGB4	5	141387698
PCDHGA8	5	141391395
PCDHGB5	5	141397967
PCDHGA9	5	141402855
PCDHGB6	5	141408021
PCDHGA10	5	141412987
PCDHGB7	5	141417661
PCDHGA11	5	141421051
PCDHGB8P	5	141426286
PCDHGA12	5	141430548
PCDHGB9P	5	141439853
PCDHGC3	5	141475997
RN7SL68P	5	141479316
PCDHGC4	5	141485046
PCDHGC5	5	141489124
DIAPH1-AS1	5	141558311
DIAPH1	5	141560701
RPS27AP10	5	141588935
HDAC3	5	141636829
RELL2	5	141637005
FCHSD1	5	141651376
ARAP3	5	141682207
PCDH1	5	141869589
DELE1	5	141923871
PCDH12	5	141958812
RNF14	5	141969109
GNPDA1	5	142013009
NDFIP1	5	142108795
SPRY4	5	142324562
SPRY4-AS1	5	142403832
RPS12P10	5	142566700
FGF1	5	142686410
ARHGAP26-AS1	5	142868925
ARHGAP26	5	143012408
ARHGAP26-IT1	5	143191956
RPL7P21	5	143332605
NR3C1	5	143404470
RNU7-156P	5	143542587
MIR5197	5	143679860
HMHB1	5	143812154
RN7SL87P	5	144140879
YIPF5	5	144170648
KCTD16	5	144188075
CKS1BP5	5	144439206
RN7SKP246	5	144535670
NAMPTP2	5	145005789
ASS1P10	5	145228811
TRPC6P2	5	145729349
PRELID2	5	145835305
GRXCR2	5	145905070
SH3RF2	5	145936705
PLAC8L1	5	146104973
RPL35AP16	5	146137755
RPL35AP17	5	146138771
LARS1	5	146182625
RBM27	5	146203591
RNU7-180P	5	146245253
POU4F3	5	146338743
TCERG1	5	146462057
GPR151	5	146516190
RNA5SP196	5	146586200
RN7SL791P	5	146656695
KRT8P48	5	146707600
PPP2R2B-IT1	5	146919506
PPP2R2B	5	147055960
STK32A-AS1	5	147211660
STK32A	5	147235115
DPYSL3	5	147454112
JAKMIP2-AS1	5	147559995
JAKMIP2	5	147782720
SPINK1	5	147831635
SCGB3A2	5	147871124
C5orf46	5	147906520
EEF1GP2	5	147922179
SPINK5	5	148063984
SPINK14	5	148169139
SPINK6	5	148202918
HMGN1P16	5	148221642
MARCOL	5	148221717
SPINK13	5	148268794
PGBD4P3	5	148307298
SPINK7	5	148312426
SPINK9	5	148328381
FBXO38-DT	5	148383871
FBXO38	5	148384009
HTR4	5	148654153
ADRB2	5	148826611
SH3TC2	5	149057642
RNU6-732P	5	149057656
MIR584	5	149062409
SH3TC2-DT	5	149063383
RN7SKP145	5	149116480
ABLIM3	5	149142047
AFAP1L1	5	149271862
GRPEL2	5	149345502
PCYOX1L	5	149358046
GRPEL2-AS1	5	149358198
IL17B	5	149379292
CARMN	5	149406877
LNPPS	5	149428289
MIR143	5	149428918
MIR145	5	149430646
RPL29P14	5	149545810
CSNK1A1	5	149551342
ARHGEF37	5	149581414
RNU6-588P	5	149606741
RN7SL868P	5	149722070
PPARGC1B	5	149730302
MIR378A	5	149732825
MFFP2	5	149932668
PDE6A	5	149944793
SLC26A2	5	149960908
TIGD6	5	150000628
HMGXB3	5	150000731
RPS20P4	5	150021921
CSF1R	5	150086532
RPL7P1	5	150094302
PDGFRB	5	150155659
CDX1	5	150166778
SLC6A7	5	150190085
CAMK2A	5	150289753
ARSI	5	150339293
TCOF1	5	150357716
CD74	5	150412756
RPS14	5	150449691
NDST1	5	150486112
NDST1-AS1	5	150486187
SYNPO	5	150631323
MYOZ3	5	150666017
MYOZ3-AS1	5	150672355
RBM22	5	150701038
DCTN4	5	150758663
SMIM3	5	150778757
IRGM	5	150846803
ZNF300	5	150904980
ZNF300P1	5	150946289
GPX3	5	151021021
TNIP1	5	151081037
ANXA6	5	151157747
PDGFRL2P	5	151173981
CCDC69	5	151224055
GM2A	5	151253174
SLC36A3	5	151303496
ATP6V1G1P5	5	151319422
SLC36A2	5	151347556
SLC36A1	5	151447627
RNA5SP197	5	151477577
MIR6499	5	151522148
FAT2	5	151561651
SPARC	5	151686929
RN7SKP232	5	151704578
CLMAT3	5	151709482
ATOX1-AS1	5	151753066
ATOX1	5	151758608
RPLP1P6	5	151766239
G3BP1	5	151772007
RNA5SP198	5	151875692
GLRA1	5	151924836
LINC01933	5	152195441
NMUR2	5	152405284
RPL36AP20	5	152496017
LINC01470	5	152973203
GRIA1	5	153490670
RN7SL177P	5	153755382
LINC01861	5	153898987
FAM114A2	5	154038892
MFAP3	5	154038993
GALNT10	5	154190748
HNRNPA3P7	5	154338452
MIR1294	5	154347106
RN7SL655P	5	154349428
SAP30L-AS1	5	154445824
SAP30L	5	154446588
HAND1	5	154478291
CIR1P1	5	154560440
MIR3141	5	154596072
MIR1303	5	154685776
RN7SL803P	5	154718689
RPL21P57	5	154729231
LARP1	5	154756792
MIR378H	5	154829458
FAXDC2	5	154850597
CNOT8	5	154858546
GEMIN5	5	154931716
MRPL22	5	154941102
KIF4B	5	155013755
RPL6P32	5	155112324
RNA5SP199	5	155845437
SGCD	5	156327100
RNU6-556P	5	156814130
PPP1R2B	5	156850295
APOOP1	5	156924119
TIMD4	5	156963222
HAVCR1	5	157058796
HAVCR2	5	157109107
MED7	5	157142846
GARIN3	5	157166264
ITK	5	157180872
CYFIP2	5	157266223
FNDC9	5	157345620
NIPAL4-DT	5	157365501
NIPAL4	5	157460235
ADAM19	5	157575757
RNU6-390P	5	157579497
SOX30	5	157652364
C5orf52	5	157671533
THG1L	5	157731420
LSM11	5	157743712
RNU6-260P	5	157809098
CLINT1	5	157859133
RNU2-48P	5	157976956
MARK2P11	5	157989990
LINC02227	5	158493204
EBF1	5	159098658
LINC02202	5	159100570
RNF145	5	159207826
LINC01932	5	159227684
UBLCP1	5	159263302
RNU4ATAC2P	5	159318042
IL12B	5	159330862
IL12B-AS1	5	159414535
LINC01845	5	159466283
ADRA1B	5	159865103
LINC01847	5	159868255
GAPDHP40	5	159951498
TTC1	5	160009164
PWWP2A	5	160119422
FABP6-AS1	5	160199095
FABP6	5	160212626
CCNJL	5	160312570
C1QTNF2	5	160370633
FAM200C	5	160400054
SLU7	5	160419064
PTTG1	5	160421866
MIR3142HG	5	160468191
MIR3142	5	160474402
MIR146A	5	160485352
ATP10B	5	160852003
LINC02159	5	160938626
GABRB2	5	161546796
GABRA6	5	161686062
GABRA6-AS1	5	161689408
GLRXP3	5	161751768
GABRA1	5	161848444
LINC01202	5	162001524
GABRG2	5	162067774
RNU6-164P	5	162477891
ARL2BPP5	5	162761833
MRPL57P6	5	163039291
CCNG1	5	163437610
NUDCD2	5	163460094
HMMR	5	163460638
HMMR-AS1	5	163494046
MAT2B	5	163505620
RNU6-168P	5	163796165
LSM1P2	5	163887827
LINC03000	5	164355867
LINC02143	5	164469009
RNU6-209P	5	164935268
LINC01938	5	165241741
RN7SKP60	5	165609441
RPL21P59	5	165905126
RPL7P20	5	166029311
RPLP0P9	5	166382305
LINC01947	5	166926370
TENM2-AS2	5	167303372
TENM2	5	167819113
TENM2-AS3	5	167953469
TENM2-AS1	5	168269456
WWC1	5	168316620
RARS1	5	168486476
FBLL1	5	168529305
SLC2A3P1	5	168553727
MIR103B1	5	168560904
MIR103A1	5	168560973
PANK3	5	168579359
RPL10P9	5	168616352
SLIT3-AS2	5	168706927
MIR218-2	5	168768255
SLIT3-AS1	5	169013261
MIR585	5	169263694
SLIT3	5	169300746
RNU6-477P	5	169552449
SPDL1	5	169583771
DOCK2	5	169699899
INSYN2B	5	169980471
MIR378E	5	170028488
FOXI1	5	170105905
KRT18P41	5	170141940
LINC01187	5	170199120
C5orf58	5	170232940
LCP2	5	170297728
LINC01366	5	170331371
KCNIP1-OT1	5	170389490
KCNMB1	5	170389634
KCNIP1	5	170504190
KCNIP1-AS1	5	170681420
GABRP	5	170782687
RN7SL623P	5	170866835
RANBP17	5	170914599
USP12P1	5	171251866
TLX3	5	171309248
RN7SL339P	5	171359117
RPSAP71	5	171365595
SNORA70J	5	171366118
RPL10P8	5	171366299
MIR3912	5	171386760
NPM1	5	171387829
FGF18	5	171419646
SMIM23	5	171785817
FBXW11	5	172006638
STK10	5	172111544
EFCAB9	5	172194172
KLF3P1	5	172255439
UBTD2	5	172283785
SH3PXD2B	5	172454434
LINC01944	5	172559128
NEURL1B	5	172641263
MIR5003	5	172662165
DUSP1	5	172771196
ERGIC1	5	172834390
RPL26L1-AS1	5	172959377
RPL26L1	5	172959421
ATP6V0E1	5	172983799
SNORA74B	5	173020728
CREBRF	5	173057316
CDC42P5	5	173086210
BNIP1	5	173144537
RPL7AP33	5	173226423
NKX2-5	5	173235264
RNA5SP200	5	173292619
STC2	5	173328053
MIR8056	5	173347455
RNU6-500P	5	173362240
LINC02995	5	173579643
BOD1	5	173616618
LINC01863	5	173642352
LINC01942	5	173689453
LINC01484	5	173746163
LINC01485	5	173790984
CPEB4	5	173891864
C5orf47	5	173981474
RPL12P22	5	174040240
NSG2	5	174045929
LINC01411	5	174503678
GAPDHP71	5	174513305
SUMO2P6	5	174561776
HIGD1AP3	5	174632932
MSX2	5	174724592
MIR4634	5	174751734
NIFKP2	5	174923090
LINC01951	5	175050932
ARL2BPP6	5	175290731
DRD1	5	175444774
SFXN1	5	175478572
RN7SKP148	5	175628188
HRH2	5	175658034
RNU6-226P	5	175703898
CPLX2	5	175871578
THOC3	5	175968272
THOC3-AS1	5	175972604
OR1X1P	5	176006145
CEP192P1	5	176156989
SIMC1	5	176238448
BRCC3P1	5	176308063
KIAA1191-AS1	5	176347941
KIAA1191	5	176361764
ARL10	5	176367694
MIR1271	5	176367946
NOP16	5	176388604
HIGD2A	5	176388751
CLTB	5	176416399
FAF2	5	176448375
RNF44	5	176537402
RN7SL684P	5	176547726
CDHR2	5	176549330
GPRIN1	5	176610156
MIR4281	5	176629500
SNCB	5	176630505
EIF4E1B	5	176630682
TSPAN17	5	176647484
LINC01574	5	176743306
UNC5A	5	176810559
HK3	5	176895436
UIMC1	5	177006581
ZNF346	5	177022714
ZNF346-IT1	5	177051714
FGFR4	5	177086934
NSD1	5	177135086
RPL21P60	5	177264766
PRMT1P1	5	177266588
RAB24	5	177303706
PRELID1	5	177303813
MXD3	5	177311897
LMAN2	5	177351660
RGS14	5	177367303
SLC34A1	5	177384434
PFN3	5	177400661
F12	5	177409560
GRK6	5	177426685
PRR7	5	177447129
PRR7-AS1	5	177447806
DBN1	5	177473634
PDLIM7-AS1	5	177495661
PDLIM7	5	177497258
DOK3	5	177510372
DDX41	5	177516758
FAM193B	5	177539351
FAM193B-DT	5	177554767
TMED9	5	177592272
B4GALT7	5	177600146
SIMC1P1	5	177672149
FAM153A	5	177781684
OR1X5P	5	177837646
SUDS3P1	5	177971316
PROP1	5	177996242
FAM153CP	5	178009042
N4BP3	5	178113544
RMND5B	5	178131030
NHP2	5	178153884
GMCL2	5	178187371
HNRNPAB	5	178204536
PHYKPL	5	178232781
RN7SL646P	5	178377924
COL23A1	5	178562726
RN7SKP70	5	178619998
CLK4	5	178627051
MSANTD5	5	178697761
ZNF354A	5	178730560
AACSP1	5	178808023
ZNF354B	5	178872276
RNU1-39P	5	178884715
ZFP2	5	178895913
PIGFP1	5	178922064
ZNF454-DT	5	178940457
ZNF454	5	178941193
GRM6	5	178992047
ZNF879	5	179024089
ZNF354C	5	179060377
ADAMTS2	5	179345430
RUFY1	5	179559692
PRDX2P3	5	179572156
RUFY1-AS1	5	179603741
HNRNPH1	5	179623673
SPATA31J1	5	179645046
CBY3	5	179681034
HMGB3P22	5	179694197
CANX	5	179698979
MAML1	5	179750842
LTC4S	5	179794014
MIR1229	5	179798346
MGAT4B	5	179805845
SQSTM1	5	179820893
RN7SKP150	5	179845832
MRNIP	5	179858813
MRNIP-DT	5	179858945
TBC1D9B	5	179888314
RPS15AP18	5	179934196
MIR340	5	180015397
RNF130	5	180071751
RASGEF1C	5	180149967
MAPK9	5	180292045
GFPT2	5	180352900
RNU6-525P	5	180444509
CNOT6	5	180494440
SCGB3A1	5	180591331
FLT4	5	180649545
LINC02222	5	180684048
OR2AI1P	5	180693763
RNU1-17P	5	180729586
OR2Y1	5	180740058
MGAT1	5	180810002
LINC00847	5	180831368
HEIH	5	180831628
ZFP62	5	180860697
BTNL8	5	180899231
RPS29P12	5	180945756
TMEM69P2	5	180967848
ARPP19P1	5	180982273
BTNL3	5	180988859
RNU6-1036P	5	181007281
BTNL9	5	181040272
MIR8089	5	181043484
FOXO1B	5	181100666
OR2V1	5	181130873
OR2V2	5	181147612
LINC01962	5	181190468
TRIM7-AS2	5	181191894
TRIM7-AS1	5	181198202
TRIM7	5	181204340
MIR4638	5	181222633
TRIM41	5	181224112
SNORD96A	5	181241892
SNORD95	5	181243379
RACK1	5	181243892
TRIM52	5	181261131
TRIM52-AS1	5	181261192
RNU6-705P	5	181301967
CICP15	5	181331839
SEPTIN14P5	5	181333743
OR4F3	5	181367268
WBP1LP4	5	181379038
RPL23AP45	5	181471963
WBP1LP12	6	95124
OR4F1P	6	106856
SEPTIN14P6	6	145083
ANKRD18FP	6	170631
LIRIL2R	6	180395
LINC03066	6	184365
DUSP22	6	292483
IRF4	6	391765
HUS1B	6	657100
MARK2P18	6	670307
EXOC2	6	693115
LINC01622	6	1101373
FOXQ1	6	1312098
FOXF2-DT	6	1385066
LINC01394	6	1389125
FOXF2	6	1389576
MIR6720	6	1390411
RN7SL352P	6	1507322
ELF2P2	6	1515289
FOXCUT	6	1601656
FOXC1	6	1609915
GMDS	6	2002171
GMDS-DT	6	2245791
HMGN2P28	6	2341450
LINC02521	6	2634465
LINC01600	6	2634623
MYLK4	6	2764749
WRNIP1	6	2765446
SERPINB1	6	2841861
MIR4645	6	2854107
SERPINB9P1	6	2876535
SERPINB9	6	2903308
SERPINB6	6	2971303
LINC01011	6	2988648
NQO2-AS1	6	2998973
NQO2	6	2999887
HTATSF1P2	6	3023772
FAM136BP	6	3045384
SERPINB8P1	6	3048835
RIPK1	6	3068508
RNA5SP201	6	3088809
BPHL	6	3118718
TUBB2A	6	3157534
TUBB2BP1	6	3179764
LINC02525	6	3195780
TUBB2B	6	3227653
PSMG4	6	3258949
SLC22A23	6	3444976
TOMM5P1	6	3694075
PXDC1	6	3751530
FAM50B	6	3849395
TGILR	6	3912031
RPS25P7	6	3914292
CRIPTOP4	6	3941282
GLRX3P2	6	3978062
PRP4K	6	4037419
FAM217A	6	4079179
TEX56P	6	4087534
ECI2	6	4135573
ECI2-DT	6	4136091
NAA40P1	6	4189116
RNA5SP202	6	4427963
LINC02533	6	4489308
PSMC1P11	6	4702463
CDYL-AS1	6	4775444
CDYL	6	4776442
RPS18P8	6	4979072
RPP40	6	5004036
LYRM4-AS1	6	5029962
TFB2MP1	6	5066982
PPP1R3G	6	5085341
MIR3691	6	5148322
LYRM4	6	5260733
FARS2	6	5261519
FARS2-AS1	6	5458059
HNRNPA1P37	6	5610195
RPL34P16	6	5788699
RN7SL221P	6	5918844
PKMP5	6	5972412
NRN1	6	6007527
MIR5683	6	6169334
MIR7853	6	6169435
F13A1	6	6320650
SNAPC5P1	6	6347381
CNN3P1	6	6534697
LY86	6	6588694
LY86-AS1	6	6622733
BTF3P7	6	6795402
RN7SL554P	6	6938897
RREB1	6	7107891
SSR1	6	7313198
RPS3P4	6	7339568
ACCSLP1	6	7342056
CAGE1	6	7389404
RIOK1	6	7389807
HNRNPLP1	6	7482594
RPS26P29	6	7506203
IDH1P1	6	7517840
DSP	6	7541671
DSP-AS1	6	7542206
SNRNP48	6	7590212
RPL29P1	6	7620422
BMP6	6	7726074
TXNDC5	6	7910432
PIP5K1P1	6	7986537
BLOC1S5-TXNDC5	6	8064364
BLOC1S5	6	8064387
EEF1E1-BLOC1S5	6	8102530
EEF1E1	6	8102544
SLC35B3	6	8435538
HULC	6	8652266
OFCC1	6	9939349
RPL7AP36	6	10118452
RPL21P62	6	10214362
RNU6ATAC21P	6	10222036
RPL7L1P20	6	10366582
TFAP2A-AS2	6	10404456
TFAP2A	6	10414992
TFAP2A-AS1	6	10426250
LINC00518	6	10434826
MIR5689	6	10439717
MRPL48P1	6	10460541
LINC02522	6	10481970
GCNT2	6	10521466
RPL21P63	6	10575227
GCNT2P1	6	10633762
C6orf52	6	10694612
PAK1IP1	6	10694950
TMEM14C	6	10723074
TMEM14B-DT	6	10747657
TMEM14B	6	10747801
RNA5SP203	6	10752926
MAK	6	10838531
GCM2	6	10882041
SYCP2L	6	10913984
ELOVL2	6	11044324
ELOVL2-AS1	6	11044557
SMIM13	6	11094032
ERVFRD-1	6	11111785
PAGE4P1	6	11155150
NEDD9	6	11382303
RNU1-64P	6	11503671
THAP12P5	6	11514192
TMEM170B	6	11537748
ADTRP	6	11773281
AMD1P4	6	11862970
HIVEP1	6	12012338
EDN1	6	12288017
SUMO2P12	6	12319453
RN7SKP293	6	12406781
RPL15P3	6	12514110
LINC02530	6	12585404
PHACTR1	6	12862867
RNU1-11P	6	13214056
TBC1D7	6	13328525
GFOD1	6	13486183
GFOD1-AS1	6	13486294
RPS4XP7	6	13521266
RN7SKP204	6	13547704
SIRT5	6	13574584
NOL7	6	13615443
RANBP9	6	13711835
MCUR1	6	13814539
RNF182	6	13924924
MRPL35P1	6	13949095
CD83	6	14117654
RNU7-133P	6	14156462
LINC01108	6	14285299
RNU6-793P	6	14646535
RPL6P17	6	15104130
RN7SL332P	6	15112968
JARID2-DT	6	15245000
JARID2	6	15246030
JARID2-AS1	6	15248634
RNU6-522P	6	15314920
RNU6-645P	6	15324472
DTNBP1-AS1	6	15539005
DTNBP1	6	15663001
ARPC3P5	6	15934782
LINC02543	6	15994944
MDH1P2	6	16107622
MYLIP	6	16129128
MIR4639	6	16141556
PERPP3	6	16160926
MRPL42P2	6	16171606
RNU6-1114P	6	16205014
GMPR	6	16238602
ATXN1	6	16761413
ATXN1-AS1	6	16761585
STMND1	6	17106329
RBM24	6	17282519
ESDP1	6	17381367
CAP2	6	17393678
RPL7P26	6	17531652
SUMO2P13	6	17582034
FAM8A1	6	17600408
RNU6-190P	6	17619533
NUP153-AS1	6	17706561
NUP153	6	17706891
RNA5SP204	6	17721903
KIF13A	6	17987270
NHLRC1	6	18122677
TPMT	6	18155083
KDM1B	6	18155444
DEK	6	18264497
RNU6-263P	6	18307079
DDX18P3	6	18365423
IMPDH1P9	6	18368644
RNF144B	6	18387422
MIR548A1HG	6	18522739
MIR548A1	6	18571784
RPL21P61	6	19143695
RPL5P20	6	19348181
RNA5SP205	6	19438283
KRT18P38	6	19612755
UQCRFS1P3	6	19638808
RNU6-801P	6	19642529
LNC-LBCS	6	19804711
ID4	6	19837368
RPL29P17	6	20042940
MBOAT1	6	20212456
E2F3	6	20401879
RN7SL128P	6	20421887
E2F3-IT1	6	20437821
RNU6-141P	6	20452473
CDKAL1	6	20534523
RPL36AP25	6	20723655
RNU6-150P	6	20993568
LINC00581	6	21521780
SOX4	6	21593751
BOLA2P3	6	21602128
CASC15	6	21912264
RN7SKP240	6	22085544
NBAT1	6	22148438
NGRNP4	6	22214237
PRL	6	22300155
HDGFL1	6	22569566
LINC03005	6	22717997
RPL6P18	6	23102680
RNU6-1060P	6	23125087
SPTLC1P2	6	23856818
ISG20L2P1	6	23971879
HNRNPA1P58	6	24001824
NRSN1	6	24126231
KAAG1	6	24356903
DCDC2	6	24357856
RNU6-391P	6	24365651
MRS2	6	24402940
GPLD1	6	24489605
ALDH5A1	6	24495155
KRT8P43	6	24598012
KIAA0319	6	24646100
TDP2	6	24666876
ACOT13	6	24667054
C6orf62	6	24719998
LINC02828	6	24742011
AP3S1P1	6	24751625
GMNN	6	24774956
ARMH2	6	24798917
RIPOR2	6	24911063
MTCO2P33	6	24947880
PPIAP29	6	24976419
ASS1P1	6	25024483
RN7SL334P	6	25031287
NUP50P2	6	25140003
CANT1P1	6	25152547
UBE2D3P5	6	25181359
CMAHP	6	25218584
KATNBL1P5	6	25248263
RPL21P68	6	25261239
HNRNPA3P17	6	25273751
CARMIL1	6	25279470
RNU6-987P	6	25383599
SCGN	6	25652215
PRELID1P2	6	25679164
H2AC1	6	25726561
H2BC1	6	25726777
H2BC2P	6	25732162
H2AC2P	6	25732497
SLC17A4	6	25754729
SLC17A1	6	25832013
SLC17A3	6	25874257
H2AC3P	6	25882395
H2BP5	6	25885419
SLC17A2	6	25930639
TRIM38	6	25962831
LINC02980	6	25992705
H3P26	6	26016379
H1-1	6	26017787
H3C1	6	26020452
H4C1	6	26021649
H4C2	6	26027283
H3C2	6	26032099
H2AC4	6	26033618
H2BC3	6	26043713
H2AC5P	6	26043989
H3C3	6	26045384
H1-2	6	26056470
HFE	6	26087405
H4C3	6	26103933
H1-6	6	26108135
H2BC4	6	26123926
H2AC6	6	26124172
H1-4	6	26156329
H2BC5	6	26158124
LARP1P1	6	26164072
H2BC6-AS1	6	26172802
H2BC6	6	26177910
H4C4	6	26189112
H1-12P	6	26195554
H3C4	6	26197286
H2AC7	6	26199293
H2BC7	6	26199516
H4C5	6	26204610
H2BC8	6	26216688
H2AC8	6	26216921
H3C5P	6	26219045
H3C6	6	26224236
H2AC9P	6	26233122
H1-3	6	26234987
H4C6	6	26240393
H4C7	6	26246996
H3C7	6	26250635
H2BC9	6	26251614
H3C8	6	26271413
H2AC10P	6	26272540
H2BC10	6	26272931
H4C8	6	26285586
H3C9P	6	26322292
BTN3A2	6	26365229
BTN2A2	6	26383127
BTN3A1	6	26402295
BTN2A3P	6	26421424
BTN3A3	6	26440524
BTN2A1	6	26457955
BTN1A1P1	6	26477872
BTN1A1	6	26500762
RNU6-502P	6	26519458
HCG11	6	26523047
HMGN4	6	26538406
ABT1	6	26596957
ZNF322	6	26659745
GUSBP2	6	26889198
POM121L6P	6	26896952
LINC00240	6	26994447
VN1R12P	6	27034310
LARRPM	6	27039456
VN1R13P	6	27061249
VN1R11P	6	27083280
RNU2-62P	6	27109980
H2BC11	6	27132750
H2AC11	6	27133043
H4C9	6	27139282
H2BC12	6	27146856
H2AC12	6	27147106
MIR3143	6	27147626
RPL10P2	6	27211244
PRSS16	6	27251213
CDCA7P1	6	27268113
POM121L2	6	27311792
VN1R10P	6	27324894
ZNF204P	6	27359854
ZNF391	6	27388904
MCFD2P1	6	27407697
ZNF184	6	27473111
HNRNPA1P1	6	27523076
CD83P1	6	27561744
RNU6-471P	6	27596412
RPL8P1	6	27652825
LINC01012	6	27694059
GPR89P	6	27738494
RSL24D1P1	6	27781111
H4C10P	6	27807075
H2BC13	6	27807929
H2AC13	6	27808173
H3C10	6	27810051
H2AC14	6	27814777
H2BC14	6	27815022
H4C11	6	27824092
H4C12	6	27831560
H2AC15	6	27838375
H2BC15	6	27838558
H2BC16P	6	27864401
H2AC16	6	27865317
H1-5	6	27867588
H3C11	6	27872346
H4C13	6	27873534
H3C12	6	27891966
H2AC17	6	27893185
H2BC17	6	27893425
RNU7-26P	6	27897566
OR2B2	6	27912396
OR2W6P	6	27937465
OR2B6	6	27957241
RPLP2P1	6	27965175
OR2W4P	6	27977150
IQCB2P	6	28010723
OR2W2P	6	28033947
OR2B7P	6	28046434
OR2B8	6	28054165
OR1F12P	6	28073316
ZNF165	6	28081199
ZSCAN12P1	6	28092427
ZNF602P	6	28115628
ZSCAN16	6	28124598
ZSCAN16-AS1	6	28136826
ZKSCAN8	6	28141923
ZKSCAN8P1	6	28161786
ZNF603P	6	28176188
ZKSCAN8P2	6	28188050
TOB2P1	6	28218634
ZSCAN9	6	28225299
ZKSCAN4	6	28252298
NKAPL	6	28259297
ZSCAN26	6	28267167
PGBD1	6	28281532
SMIM15P2	6	28319852
ZKSCAN3	6	28349948
ZSCAN31	6	28354028
ZSCAN12	6	28399732
RNU2-45P	6	28410270
ZSCAN23	6	28443474
COX11P1	6	28446973
OR2E1P	6	28456141
GPX6	6	28515793
GPX5	6	28527169
ZBED9-AS1	6	28587378
SCAND3	6	28592665
COX8CP1	6	28633594
LINC00533	6	28710032
RPSAP2	6	28732017
NOP56P1	6	28784004
RPL13P	6	28861416
LINC01623	6	28864100
ZNF90P2	6	28889906
HCG14	6	28896428
RNU6-930P	6	28915645
LINC01556	6	28923433
TRIM27	6	28923898
KRT18P1	6	28970460
RN7SL471P	6	28977475
HCG15	6	28985669
ZNF311	6	29005604
OR2AD1P	6	29027607
OR2W1-AS1	6	29036032
OR2W1	6	29045175
OR2P1P	6	29072599
SAR1AP1	6	29077168
OR2B3	6	29087313
OR2J1	6	29100049
OR2J3	6	29108216
OR2N1P	6	29138816
OR2J2	6	29172105
OR2J4P	6	29181510
OR2H4P	6	29215236
LINC03003	6	29223857
OR2G1P	6	29230157
OR2U1P	6	29264079
OR2U2P	6	29269421
OR2B4P	6	29290711
OR14J1	6	29304163
DDX6P1	6	29331061
OR12D3	6	29375291
OR12D2	6	29396093
OR5V1	6	29400416
OR12D1	6	29414928
OR11A1	6	29432072
OR10C1	6	29439622
OR2H1	6	29458487
UBDP1	6	29469806
MAS1LP1	6	29476071
MAS1L	6	29487956
RPS17P1	6	29489676
LINC02829	6	29497474
LINC01015	6	29529420
GPR53P	6	29538787
OR2I1	6	29550407
UBD	6	29559732
OR2H5P	6	29573909
TMEM183AP1	6	29577459
SNORD32B	6	29582249
RPL13AP	6	29582508
OR2H2	6	29586288
GABBR1	6	29632459
SUMO2P1	6	29636343
MOG	6	29657114
ZFP57	6	29680896
ZDHHC20P1	6	29708547
HLA-F	6	29723484
RPL23AP1	6	29727139
HCG9P5	6	29748289
MICE	6	29748969
IFITM4P	6	29751148
HLA-F-AS1	6	29752597
HLA-V	6	29792223
HCG4	6	29792750
HLA-P	6	29800415
RPL7AP7	6	29803991
MICG	6	29812696
HLA-G	6	29827402
HCG4P8	6	29828364
HCP5B	6	29873783
HLA-H	6	29888120
HLA-T	6	29896654
DDX39BP1	6	29906543
MCCD1P1	6	29908645
HLA-K	6	29926459
HCG4B	6	29926973
HLA-U	6	29934101
HLA-A	6	29942531
HLA-W	6	29956596
MICD	6	29972464
HCG9	6	29976662
DDX39BP2	6	29993209
MCCD1P2	6	29995314
HLA-J	6	30006606
ETF1P1	6	30031713
POLR1HASP	6	30058764
POLR1H	6	30061263
PPP1R11	6	30067374
RNF39	6	30075809
TRIM31-AS1	6	30101005
TRIM31	6	30111946
TRIM40	6	30136140
TRIM10	6	30161072
TRIM15	6	30163546
PAIP1P1	6	30188614
TRIM26	6	30213385
TRIM26BP	6	30238301
HLA-L	6	30259754
HCG18	6	30326488
TRIM39	6	30326699
TRIM39-RPP21	6	30328907
RPP21	6	30345148
HLA-N	6	30351416
HCG19P	6	30359911
UBQLN1P1	6	30364280
MICC	6	30414715
TMPOP1	6	30466452
SUCLA2P1	6	30468882
RANP1	6	30485940
HLA-E	6	30489509
LINC02569	6	30516266
GNL1	6	30556284
PRR3	6	30557314
ABCF1	6	30571455
MIR877	6	30584332
PPP1R10	6	30616211
MRPS18B	6	30617852
ATAT1	6	30626881
PTMAP1	6	30633632
C6orf136	6	30647163
DHX16	6	30672998
PPP1R18	6	30687158
NRM	6	30690983
RPL7P4	6	30697535
MDC1-AS1	6	30703067
MDC1	6	30717277
TUBB	6	30720963
FLOT1	6	30742681
IER3-AS1	6	30742757
IER3	6	30744548
RN7SL353P	6	30751038
HCG20	6	30781867
LINC00243	6	30818864
LINC02570	6	30848242
RN7SKP186	6	30864250
DDR1-DT	6	30875918
DDR1	6	30883878
MIR4640	6	30890883
GTF2H4	6	30908223
VARS2	6	30914331
SFTA2	6	30932170
MUCL3	6	30940973
HCG21	6	30954862
NAPGP2	6	30962396
MUC21	6	30983718
MUC22	6	31010474
HCG22	6	31054100
RNU6-1133P	6	31083010
C6orf15	6	31112575
PSORS1C1	6	31114831
CDSN	6	31120446
PSORS1C2	6	31139066
POLR2LP1	6	31140727
CCHCR1	6	31158160
TCF19	6	31158534
POU5F1	6	31170658
PSORS1C3	6	31186118
HCG27	6	31198118
HLA-C	6	31272088
USP8P1	6	31275572
RPL3P2	6	31280317
WASF5P	6	31288964
LINC02571	6	31301642
MIR6891	6	31355316
HLA-B	6	31357242
DHFRP2	6	31366898
RNU6-283P	6	31370134
FGFR3P1	6	31377419
ZDHHC20P2	6	31380411
HLA-S	6	31382288
MICA-AS1	6	31400618
MICA	6	31400727
LINC01149	6	31441655
HCP5	6	31463177
MICB-DT	6	31494614
MICB	6	31498115
PPIAP9	6	31520291
RPL15P4	6	31528114
MCCD1	6	31528962
SNORD117	6	31536449
SNORD84	6	31541178
DDX39B	6	31541970
DDX39B-AS1	6	31542312
ATP6V1G2-DDX39B	6	31546593
ATP6V1G2	6	31546696
NFKBIL1	6	31547613
LTA	6	31572289
TNF	6	31575653
LTB	6	31582425
LST1	6	31586887
NCR3	6	31592985
UQCRHP1	6	31611356
AIF1	6	31615234
SNORA38	6	31623079
MIR6832	6	31633787
PRRC2A	6	31634180
BAG6	6	31652383
APOM	6	31652417
C6orf47-AS1	6	31658329
C6orf47	6	31660778
GPANK1	6	31665827
CSNK2B	6	31666084
LY6G5B	6	31670379
LY6G5C	6	31681476
MIR4646	6	31701091
ABHD16A	6	31703300
LY6G6F	6	31706866
LY6G6F-LY6G6D	6	31706904
LY6G6E	6	31713812
LY6G6D	6	31715352
LY6G6C	6	31721712
MPIG6B	6	31723371
DDAH2	6	31729838
CLIC1	6	31736595
MSH5	6	31744104
RNU6-850P	6	31757053
MSH5-SAPCD1	6	31760082
SAPCD1	6	31763049
SAPCD1-AS1	6	31765588
VWA7	6	31776919
VARS1	6	31795493
LSM2	6	31806943
HSPA1L	6	31815362
HSPA1A	6	31815543
HSPA1B	6	31827738
SNHG32	6	31834627
SNORD48	6	31835263
SNORD52	6	31837076
NEU1	6	31862822
SLC44A4	6	31878967
EHMT2-AS1	6	31880784
EHMT2	6	31897686
ZBTB12	6	31902086
C2	6	31927717
C2-AS1	6	31938872
CFB	6	31946093
MIR1236	6	31956940
NELFE	6	31958957
SKIC2	6	31959174
DXO	6	31972136
WHR1	6	31972363
C4A	6	31992177
C4A-AS1	6	32003521
CYP21A1P	6	32005689
TNXA	6	32012472
WHR1B	6	32013270
C4B	6	32024827
C4B-AS1	6	32036258
CYP21A2	6	32038370
RNA5SP206	6	32078628
TNXB	6	32109313
ATF6B	6	32128222
FKBPL	6	32130339
PRRT1	6	32151938
PPT2	6	32154067
PPT2-EGFL8	6	32154464
EGFL8	6	32164604
MIR6721	6	32170116
AGPAT1	6	32177101
RNF5	6	32178454
MIR6833	6	32179816
AGER	6	32184257
PBX2	6	32189077
GPSM3	6	32192890
NOTCH4	6	32224057
TSBP1-AS1	6	32255045
HNRNPA1P2	6	32325219
RNU6-603P	6	32352877
TSBP1	6	32371889
BTNL2	6	32407181
HLA-DRA	6	32439886
HLA-DRB9	6	32473500
HLA-DRB5	6	32530294
RNU1-61P	6	32550090
HLA-DRB6	6	32559424
HLA-DRB1	6	32589804
HLA-DQA1	6	32637405
HLA-DQB1-AS1	6	32659880
HLA-DQB1	6	32666658
MTCO3P1	6	32706955
HLA-DQB3	6	32731695
HLA-DQA2	6	32741391
MIR3135B	6	32749979
HLA-DQB2	6	32763522
HLA-DOB	6	32817002
TAP2	6	32838743
PSMB8	6	32844044
PSMB8-AS1	6	32844108
TAP1	6	32853701
PSMB9	6	32854166
PPP1R2P1	6	32879833
HLA-Z	6	32896416
HLA-DMB	6	32940959
HLA-DMA	6	32953094
BRD2	6	32970941
HLA-DOA	6	33009579
HLA-DPB1	6	33075988
HLA-DPA1	6	33077183
RPL32P1	6	33079451
HLA-DPA2	6	33097295
COL11A2P1	6	33107330
HLA-DPB2	6	33112516
HLA-DPA3	6	33143325
HCG24	6	33144783
COL11A2	6	33192454
RNY4P10	6	33199601
RXRB	6	33200656
SLC39A7	6	33200867
HSD17B8	6	33204655
MIR219A1	6	33207835
RING1	6	33208503
ZNF70P1	6	33215705
HTATSF1P1	6	33237799
HCG25	6	33249538
VPS52	6	33271805
RPS18	6	33272096
B3GALT4	6	33277905
MIR6873	6	33287289
WDR46	6	33288887
PFDN6	6	33289596
MIR6834	6	33290245
RGL2	6	33298942
TAPBP	6	33314071
ZBTB22	6	33317746
DAXX	6	33322949
SMIM40	6	33329279
MYL12BP3	6	33338978
LYPLA2P1	6	33366243
RPL35AP4	6	33389475
KIFC1	6	33391818
RPL12P1	6	33400556
PHF1	6	33410997
CUTA	6	33418078
SYNGAP1	6	33425457
MIR5004	6	33438331
SYNGAP1-AS1	6	33454454
ZBTB9	6	33454576
RN7SL26P	6	33540694
BAK1	6	33580239
GGNBP1	6	33583699
LINC00336	6	33593328
ITPR3	6	33621322
ITPR3-AS1	6	33633560
MIR3934	6	33698128
UQCC2	6	33711700
IP6K3	6	33748739
LEMD2	6	33785835
MLN	6	33803991
ANKRD36P2	6	33883170
LINC01016	6	33896932
MIR7159	6	33899135
MIR1275	6	34000051
GRM4	6	34142802
KRT18P9	6	34189780
CYCSP55	6	34219439
HMGA1	6	34236920
MIR6835	6	34240673
SMIM29-AS1	6	34248551
SMIM29	6	34249022
RPL35P2	6	34263673
NUDT3	6	34392656
RPS10-NUDT3	6	34426046
RPS10	6	34426067
PACSIN1	6	34485070
SPDEF	6	34556299
IFITM3P3	6	34576656
RPL7P25	6	34616538
RN7SL200P	6	34685642
ILRUN	6	34696859
ILRUN-AS1	6	34696893
ATP6V1FP1	6	34715613
RPS10P13	6	34744176
SNRPC	6	34757515
BLTP3A	6	34792083
RNY3P15	6	34873831
TAF11	6	34888038
ANKS1A	6	34889280
HSPE1P11	6	35023522
TCP11	6	35141319
SCUBE3	6	35214029
SCUBE3-AS1	6	35224630
ZNF76	6	35259604
DEF6	6	35297836
PPARD	6	35342646
MKRN6P	6	35443044
FANCE	6	35452344
RPL10A	6	35468404
MIR7111	6	35470508
TEAD3	6	35497064
TULP1	6	35512570
LINC03135	6	35518719
RPS15AP19	6	35555873
RPL36P9	6	35607628
MIR5690	6	35664789
FKBP5	6	35688932
ARMC12	6	35737082
CMPK1P1	6	35765908
CLPSL2	6	35776598
CLPSL1	6	35784029
CLPS	6	35797333
LHFPL5	6	35805425
SRPK1	6	35921097
DPRXP2	6	35990436
SLC26A8	6	36024641
MAPK14	6	36027809
NUDT5P1	6	36092646
MAPK13	6	36130496
BRPF3-AS1	6	36196457
BRPF3	6	36197395
PNPLA1	6	36270060
BNIP5	6	36336887
ETV7-AS1	6	36386970
ETV7	6	36387669
PXT1	6	36442854
KCTD20	6	36443022
RN7SL502P	6	36451201
RN7SL748P	6	36522191
STK38	6	36547436
SRSF3	6	36594364
MIR3925	6	36622512
RNU1-88P	6	36639672
LAP3P2	6	36673817
PANDAR	6	36675126
DINOL	6	36678524
CDKN1A	6	36678711
RAB44	6	36697838
GPR166P	6	36737050
CPNE5	6	36757404
PPIL1	6	36874894
C6orf89	6	36885856
PI16	6	36954735
MTCH1	6	36985119
FGD2	6	37005758
COX6A1P2	6	37044860
RPL12P2	6	37091314
PIM1	6	37170238
TMEM217B	6	37257637
TMEM217	6	37257652
TBC1D22B	6	37257773
RNF8	6	37354032
RN7SL273P	6	37361185
CMTR1	6	37433238
CCDC167	6	37499893
LINC02520	6	37516763
MIR4462	6	37555422
MDGA1	6	37664316
ZFAND3-DT	6	37819047
ZFAND3	6	37819870
RN7SL285P	6	37833185
RNVU1-33	6	37915573
ITGAEP1	6	38003313
BTBD9-AS1	6	38481557
TFGP1	6	38587323
BTBD9	6	38639884
GLO1	6	38703118
DNAH8-DT	6	38715386
DNAH8	6	38722810
RN7SL465P	6	38744086
DNAJC2P1	6	38762905
DNAH8-AS1	6	38943008
GLP1R	6	39048781
ANKRD18EP	6	39110321
SAYSD1	6	39115186
KCNK5	6	39229547
KCNK17	6	39314424
KCNK16	6	39322628
ANKRD39P1	6	39353747
E2F4P1	6	39553811
RNU1-54P	6	39620464
KIF6	6	39639683
DAAM2	6	39792934
DAAM2-AS1	6	39893091
MOCS1	6	39934459
RPL23P6	6	39958833
TUBBP9	6	39992815
TDRG1	6	40377730
LINC00951	6	40378158
RNU6-250P	6	40407853
LRFN2	6	40587358
UNC5CL	6	41035135
TSPO2	6	41042571
APOBEC2	6	41053201
OARD1	6	41072529
NFYA	6	41073180
ADCY10P1	6	41137822
TREML1	6	41154337
TREM2	6	41163116
TREML2	6	41201149
TREML3P	6	41217947
TREML4	6	41228349
RNA5SP207	6	41239626
TREML5P	6	41247369
TREM1	6	41286632
RNU6-643P	6	41302572
RPL32P15	6	41308565
NCR2	6	41335655
LINC01276	6	41502430
FOXP4-AS1	6	41546287
FOXP4	6	41546596
MIR4641	6	41598723
MDFI	6	41638441
NPM1P51	6	41666906
TFEB	6	41733853
PGC	6	41747399
FRS3	6	41779905
PRICKLE4	6	41782738
TOMM6	6	41787683
USP49	6	41894455
MED20	6	41921104
BYSL	6	41921514
RNU6-761P	6	42018514
CCND3	6	42048681
TAF8	6	42050536
C6orf132	6	42142619
CIMIP3	6	42155406
GUCA1ANB-GUCA1A	6	42155436
GUCA1A	6	42175732
GUCA1B	6	42194956
MRPS10	6	42217873
TRERF1	6	42451846
RPL36AP5	6	42499710
UBR2	6	42564029
RNU6-890P	6	42664162
PRPH2	6	42722597
ATP6V0CP3	6	42727234
TBCC	6	42746103
BICRAL	6	42782052
RPL7L1	6	42879920
PEX39	6	42890821
PTCRA	6	42916021
CNPY3	6	42929480
LINC02976	6	42942052
RPL24P4	6	42956765
GNMT	6	42960729
PEX6	6	42979184
PPP2R5D	6	42984576
MEA1	6	43014131
KLHDC3	6	43014249
RRP36	6	43021623
RN7SL403P	6	43036500
CUL7	6	43053833
MRPL2	6	43059406
KLC4	6	43059892
PTK7	6	43076340
KLC4-AS1	6	43077233
SRF	6	43171317
CUL9	6	43205172
CUL9-AS1	6	43223860
DNPH1	6	43229465
TTBK1	6	43246623
SLC22A7	6	43298272
CRIP3	6	43308816
RPL12P47	6	43310231
RPL34P14	6	43328134
RPS2P28	6	43363479
ZNF318	6	43369462
ABCC10	6	43427856
MIR6780B	6	43434542
DLK2	6	43455560
RNU6-1113P	6	43474186
TJAP1	6	43477595
LRRC73	6	43510367
YIPF3	6	43516923
POLR1C	6	43517088
RPS2P29	6	43539703
XPO5	6	43562333
POLH	6	43576185
POLH-AS1	6	43591362
GTPBP2	6	43627353
MAD2L1BP	6	43632690
RSPH9	6	43645040
MRPS18A	6	43687790
EXOSC8P1	6	43706751
VEGFA	6	43771153
LINC02537	6	43852315
LINC01512	6	43891299
LINC03040	6	44000601
SCIRT	6	44061414
RPL29P16	6	44089696
MRPL14	6	44127435
TMEM63B	6	44127631
CAPN11	6	44167685
RN7SL811P	6	44209766
MYMX	6	44216962
SLC29A1	6	44223576
HSP90AB1	6	44247099
MIR4647	6	44254285
SLC35B2	6	44257562
NFKBIE	6	44265551
TMEM151B	6	44270596
TCTE1	6	44297688
AARS2	6	44313332
SPATS1	6	44342660
CDC5L	6	44387699
MIR4642	6	44435641
NUDT19P4	6	44898711
RBM22P4	6	45098021
MIR586	6	45197770
RUNX2	6	45328516
SUPT3H	6	45377891
RUNX2-AS1	6	45576770
CLIC5	6	46015576
RNU6-754P	6	46018745
ENPP4	6	46129992
ENPP5	6	46170984
ACTG1P9	6	46204729
RPL36P10	6	46438310
RCAN2	6	46491449
RCAN2-DT	6	46492054
CYP39A1	6	46652720
SLC25A27	6	46658753
TDRD6-AS1	6	46687871
TDRD6	6	46687885
PLA2G7	6	46735390
ANKRD66	6	46750339
MEP1A	6	46793388
ADGRF5-AS1	6	46903471
ADGRF5	6	46922079
ADGRF1	6	47029240
TNFRSF21	6	47309904
B3GNTL1P2	6	47368943
CD2AP-DT	6	47478112
CD2AP	6	47478193
RPS12P14	6	47562622
ADGRF2P	6	47673420
ADGRF4	6	47698580
RN7SKP116	6	47715283
RPL27AP7	6	47753240
OPN5	6	47782067
RNU1-105P	6	47823390
PTCHD4	6	48111164
HNRNPA3P4	6	48150005
RBMXP1	6	48214794
PRR11P1	6	48952781
MTMR9P1	6	49078051
RNU7-65P	6	49344861
EEF1A1P42	6	49360420
MMUT	6	49463219
CENPQ	6	49463368
GLYATL3	6	49499951
C6orf141	6	49551026
CYP2AC1P	6	49580166
RHAG	6	49626053
CRISP2	6	49713587
CRISP3	6	49744388
PGK2	6	49787285
CRISP1	6	49866517
DEFB133	6	49949444
DEFB114	6	49964164
DEFB113	6	49969625
DEFB110	6	50021964
DEFB112	6	50049929
TFAP2D	6	50715784
TFAP2B	6	50818871
RPS17P5	6	50857662
TNPO3P2	6	50898225
FTH1P5	6	50913256
TIAL1P1	6	51385849
WTAPP2	6	51410537
RPS15AP20	6	51537543
RN7SL580P	6	51975673
PKHD1	6	52087611
MIR206	6	52144349
MIR133B	6	52148923
LINCMD1	6	52151119
IL17A	6	52186375
IL17F	6	52244500
SLC25A20P1	6	52246460
MCM3	6	52284759
PAQR8	6	52362157
EFHC1	6	52420355
TRAM2	6	52577044
TRAM2-AS1	6	52577423
TMEM14A	6	52671109
SREK1IP1P2	6	52688661
GSTA8P	6	52703825
GSTA7P	6	52744656
GSTA2	6	52763480
GSTA12P	6	52778347
GSTA1	6	52803819
GSTA6P	6	52813460
GSTA5	6	52840828
GSTA11P	6	52870329
GSTA10P	6	52885254
GSTA3	6	52909682
GSTA9P	6	52957521
GSTA4	6	52995170
RN7SK	6	52995621
CILK1	6	53061802
FBXO9	6	53070852
RN7SL244P	6	53090961
GCM1	6	53148841
RNU6-464P	6	53153898
SOD1P1	6	53197159
RNU1-136P	6	53219261
HMGB1P20	6	53236297
MIR5685	6	53276993
RPS16P5	6	53337346
ELOVL5	6	53348926
RPL31P28	6	53354715
RPL31P33	6	53368670
RPA3P2	6	53378503
RN7SKP256	6	53415607
NANOGP3	6	53418737
GCLC-AS1	6	53503109
GCLC	6	53534280
LINC01564	6	53616720
KILH	6	53617000
KLHL31	6	53660514
LRRC1	6	53795005
ERHP2	6	54016777
MLIP-AS1	6	54047581
MLIP	6	54091542
TINAG	6	54308203
TINAG-AS1	6	54369971
CLNS1AP1	6	54485850
RPL10P10	6	54603150
RPSAP44	6	54624605
KRASP1	6	54770583
RNU6-1023P	6	54786387
FAM83B	6	54846771
HCRTR2	6	55140487
GFRAL	6	55327469
HMGCLL1	6	55579166
BMP5	6	55875592
NPM1P36	6	55940624
COL21A1	6	56125608
DHFRP6	6	56276796
RCC2P7	6	56433213
DST	6	56628018
DST-AS1	6	56843932
RPL17P26	6	56871191
RNU6-626P	6	56945730
BEND6	6	56955116
OSTCP6	6	56976062
FTH1P15	6	57004520
MRPL30P1	6	57029521
KIAA1586	6	57046695
ZNF451	6	57090188
BAG2	6	57172322
ZNF451-AS1	6	57172450
RAB23	6	57221966
PRIM2	6	57317629
MIR548U	6	57390132
GUSBP4	6	57930291
POM121L14P	6	57937458
LINC00680	6	57961387
GAPDHP15	6	57968661
RBBP4P4	6	58121029
PRIM2BP	6	60281444
GAPDHP41	6	60720196
RBBP4P3	6	60874642
KHDRBS2	6	62286183
DHFRP5	6	62461503
FKBP1C	6	63211469
SPTLC1P3	6	63227485
LGSN	6	63319977
EEF1B2P5	6	63480134
RPL7AP34	6	63549508
PTP4A1	6	63563466
RPL9P18	6	63616361
PHF3	6	63636111
SCAT8	6	63806282
GCNT1P4	6	63857441
HNRNPDP2	6	64631682
ZC3H11C	6	65301476
EYS	6	65399502
SLC25A51P1	6	65788417
ADH5P4	6	65838039
NUFIP1P1	6	66094909
RNU7-66P	6	66728904
RNA5SP208	6	67467308
RNU6-280P	6	67546651
ERVH-3	6	67889169
LINC02549	6	68329899
ADGRB3-DT	6	68635057
ADGRB3	6	68638676
NPM1P37	6	69706160
GAPDHP42	6	69745871
LMBRD1	6	69796891
COL19A1	6	69867549
RPL37P15	6	70098676
COL9A1	6	70277827
LINC01610	6	70394720
FAM135A	6	70413514
FAM135A-AS1	6	70414071
RNU7-48P	6	70513294
SDHAF4	6	70566923
SLC25A6P6	6	70664279
SMAP1	6	70667883
NDUFAB1P1	6	70734503
B3GAT2	6	70956744
BECN1P2	6	71075564
LYPLA1P3	6	71165076
RNU6-411P	6	71182612
OGFRL1	6	71291318
LINC00472	6	71328230
MIR30C2	6	71377031
MIR30A	6	71403621
LINC01626	6	71451898
NGRNP2	6	71551643
KRT19P1	6	71584721
RNU4-66P	6	71652611
RIMS1	6	72216492
KCNQ5-DT	6	72621937
KCNQ5	6	72622190
MIR4282	6	72967753
KNOP1P4	6	72986313
PGAM1P10	6	73055097
KCNQ5-AS1	6	73142815
RBPMS2P1	6	73158139
KHDC1P1	6	73210080
KHDC1L	6	73225633
KHDC1-AS1	6	73263239
RPSAP41	6	73290403
EIF3EP1	6	73291962
KHDC1	6	73310151
SDCBP2P1	6	73322837
PAICSP3	6	73327524
DPPA5	6	73354276
KHDC3L	6	73362658
OOEP-AS1	6	73369704
RPL39P3	6	73373263
RPS6P8	6	73391767
DDX43	6	73394857
OOEP	6	73395093
CGAS	6	73452293
MTO1	6	73461748
RNU6-975P	6	73464073
RN7SL827P	6	73487877
EEF1A1	6	73521024
EEF1A1-AS1	6	73523857
RPS27P15	6	73618346
SLC17A5	6	73653981
CD109-AS1	6	73696030
CD109	6	73709572
TXNP7	6	74004812
FAM136FP	6	74282266
NUP50P4	6	74850484
COL12A1	6	75170326
COX7A2	6	75243795
TMEM30A	6	75284775
TMEM30A-DT	6	75285000
HMGB1P39	6	75319980
FILIP1-AS1	6	75357364
MIR4463	6	75428407
UBE2V1P15	6	75465123
RNU1-34P	6	75473894
FILIP1	6	75493704
RPL26P20	6	75499705
H3P27	6	75586122
RNU6-1338P	6	75593055
SENP6	6	75601902
RNU6-1016P	6	75644084
RN7SKP163	6	75655299
MYO6	6	75749246
RNU6-155P	6	75768158
RNA5SP209	6	75865335
IMPG1	6	76072662
RNU6-248P	6	76092834
RNU6-261P	6	76447089
RNU6-84P	6	76557754
LINC02540	6	76593796
HTR1B	6	77463491
RPS6P7	6	77496119
MEI4	6	77653039
IRAK1BP1	6	78869449
PHIP	6	79078203
HMGN3-AS1	6	79233698
HMGN3	6	79234689
LCAL1	6	79313343
DBIP1	6	79437167
LCA5	6	79537458
SH3BGRL2	6	79537633
LINC01621	6	79833373
ELOVL4	6	79947553
GAPDHP63	6	79954011
RPL35AP18	6	79964215
TTK	6	80004667
AK4P5	6	80078362
BCKDHB	6	80106686
RPL17P25	6	80374569
RPSAP72	6	80470428
RNA5SP210	6	81622200
TENT5A	6	81752694
LINC01526	6	81809522
LINC02542	6	81938464
RNU6-130P	6	82210440
IBTK	6	82247733
TPBG	6	82363850
LAP3P1	6	82925122
UBE3D	6	83065751
DOP1A	6	83122863
PGM3	6	83193262
RWDD2A	6	83193357
ME1	6	83431080
PRSS35	6	83512534
SNAP91	6	83709107
RIPPLY2	6	83853590
CYB5R4	6	83859679
LINC02857	6	84019204
MRAP2	6	84033811
CEP162	6	84227612
SMARCE1P2	6	84430802
LINC01611	6	84583844
TBX18-AS1	6	84689450
TBX18	6	84763401
RPL31P32	6	85257328
KRT18P64	6	85287789
LINC02535	6	85397006
DUTP5	6	85427125
TPT1P6	6	85427966
NT5E	6	85450087
SNX14	6	85593859
SYNCRIP	6	85642970
PKMP3	6	85660606
SNORD50B	6	85677658
SNHG5	6	85678737
SMIM11P1	6	85735921
RNU4-72P	6	85751581
RNU4-12P	6	85993159
RPL7P27	6	86087134
RAB1AP2	6	86171018
NDUFA5P9	6	86214576
RN7SL643P	6	86435848
HTR1E	6	86937437
RPL7P29	6	86970466
MTHFD2P2	6	87000291
RN7SKP209	6	87083233
CGA	6	87095104
RCN1P1	6	87122688
ZNF292	6	87155584
HSPD1P10	6	87298772
SMIM8	6	87322612
GJB7	6	87329256
C6orf163	6	87351823
CFAP206	6	87408005
ST13P16	6	87445175
SLC35A1	6	87472970
RNU6-444P	6	87488445
RARS2	6	87589976
ORC3	6	87590130
AKIRIN2	6	87702233
RN7SL183P	6	87845650
SPACA1	6	88053647
CNR1	6	88166028
ACTBP8	6	88276989
RNGTT	6	88963597
RNU2-61P	6	89063690
PNRC1-DT	6	89080667
PNRC1	6	89081293
RN7SL336P	6	89090946
SRSF12	6	89117975
PM20D2	6	89146087
GABRR1	6	89217685
GABRR2	6	89292326
TUBB3P1	6	89301783
UBE2J1	6	89352842
RRAGD	6	89412266
NACAP7	6	89423048
ANKRD6	6	89433366
RN7SL11P	6	89478141
LYRM2	6	89638497
MDN1-AS1	6	89638684
MDN1	6	89664268
DNAJC19P6	6	89797598
PIMREGP3	6	89814709
CASP8AP2	6	89829931
RPL22P14	6	89876544
GJA10	6	89907332
RN7SKP110	6	90001506
BACH2	6	90278276
MIR4464	6	90312742
MAP3K7	6	90587045
MIR4643	6	91521660
CASC6	6	91669669
MTATP6P25	6	91726810
MTND4LP19	6	91727159
MTCO1P56	6	91727505
RN7SL415P	6	91739609
RPL5P19	6	92013842
LINC02531	6	92723469
ATF1P1	6	92888581
COPS5P1	6	93092760
EPHA7	6	93419549
MTCYBP36	6	94447179
CYCSP17	6	95504182
MANEA-DT	6	95577447
MANEA	6	95577662
KRT18P50	6	95991107
FUT9	6	96015974
RN7SL797P	6	96282567
UFL1-AS1	6	96392223
UFL1	6	96521812
FHL5	6	96563128
RPS7P8	6	96649069
RNU4-70P	6	96649591
TYMSP1	6	96653274
EEF1GP6	6	96750824
GPR63	6	96837561
NDUFAF4	6	96897874
RN7SL509P	6	96914995
KLHL32	6	96924850
MMS22L	6	97282553
MIR2113	6	98024531
EIF4EBP2P3	6	98179832
POU3F2	6	98834574
FBXL4	6	98947966
MIR548AI	6	99124609
BDH2P1	6	99174744
FAXC	6	99346304
COQ3	6	99394194
PNISR	6	99425300
PNISR-AS1	6	99425421
USP45	6	99515380
TSTD3	6	99521025
CCNC	6	99568649
PRDM13	6	99606803
MCHR2-AS1	6	99994025
MCHR2	6	99994223
NPM1P38	6	100051236
PRDX2P4	6	100136064
SIM1-AS1	6	100427118
SIM1	6	100464889
ASCC3	6	100881329
ACTG1P18	6	101431553
GRIK2	6	101676769
R3HDM2P2	6	104019748
NPM1P10	6	104026763
RNU6-897P	6	104766822
HACE1	6	104859843
LIN28B	6	104940866
LIN28B-AS1	6	104941044
RNU6-1106P	6	105045668
POPDC1	6	105136921
POPDC1-AS1	6	105137251
POPDC3	6	105180006
PREP-AS1	6	105279016
RPL7AP35	6	105298149
RPL35P3	6	105302823
PREP	6	105403091
LINC02836	6	105632246
RN7SKP211	6	105904373
PRDM1	6	106087580
RN7SL47P	6	106283711
RNU6-344P	6	106304176
ATG5	6	106325598
RNA5SP211	6	106449381
CRYBG1	6	106501299
RNU6-527P	6	106607716
RTN4IP1	6	106629450
QRSL1	6	106629589
RPL21P65	6	106642463
LINC02526	6	106694640
RNU6-117P	6	106739054
MIR587	6	106784125
LINC02532	6	106787424
CD24	6	106975244
MTRES1	6	107028233
BEND3	6	107115245
RNU6-1299P	6	107133071
RPS24P12	6	107229759
PDSS2	6	107459564
SOBP	6	107490117
SCML4	6	107824195
RNU6-437P	6	107930088
RPL23AP50	6	107931800
SEC63	6	107958111
MTHFD2P3	6	107986031
RPL3P7	6	108005568
OSTM1	6	108074769
OSTM1-AS1	6	108123515
NR2E1	6	108168023
RNA5SP212	6	108252401
SNX3	6	108261040
RNU6-1144P	6	108292766
AFG1L	6	108295071
RPL36AP24	6	108318079
RNU6-770P	6	108392073
FOXO3	6	108559830
SUMO2P8	6	108618285
LINC00222	6	108759163
ZPR1P1	6	108787053
ARMC2	6	108848565
ATP5MFP2	6	108907873
ARMC2-AS1	6	108924127
SESN1	6	109009271
RNU6-653P	6	109059614
CEP57L1	6	109095510
CCDC162P	6	109183955
PTCHD3P3	6	109290503
RNY3P11	6	109305494
RPL7P28	6	109327914
CD164	6	109382411
PPIL6	6	109440610
SMPD2	6	109440745
MICAL1	6	109455734
ZBTB24	6	109483200
ZBTB24-DT	6	109483272
AK9	6	109659325
FIG4	6	109691317
GPR6	6	109978283
WASF1	6	110179682
CDC40	6	110180429
METTL24	6	110358349
DDO	6	110415563
RN7SL617P	6	110440303
SLC22A16	6	110476419
RNU6-957P	6	110722348
CDK19	6	110815209
SNORA40C	6	110848546
RNU6-1115P	6	110856417
CNN2P9	6	110858239
RBISP4	6	110863860
AMD1	6	110875575
GTF3C6	6	110958704
RPF2	6	110982048
GSTM2P1	6	111047521
RNU6-960P	6	111091332
SLC16A10	6	111172695
MFSD4B-DT	6	111259206
MFSD4B	6	111269155
FCF1P5	6	111353702
REV3L-IT1	6	111361607
REV3L	6	111397872
BRD7P4	6	111430260
TRAF3IP2-AS1	6	111483535
TRAF3IP2	6	111605869
FYN	6	111798423
LINC02527	6	111909394
CCN6	6	112054184
TUBE1	6	112087488
FAM229B	6	112087596
RNU6-1226P	6	112196546
LAMA4-AS1	6	112236806
LAMA4	6	112254511
RFPL4B	6	112348246
RPSAP45	6	112356714
KRT18P65	6	112362722
FEM1AP3	6	112367444
PA2G4P5	6	112617880
RNU6-1163P	6	112971493
FCF1P10	6	113010937
SOCS5P5	6	113222166
LINC02518	6	113433460
RPS27AP11	6	113581501
LINC02541	6	113649804
MARCKS	6	113857345
MROCKI	6	113873380
LINC02880	6	113904126
HDAC2	6	113971139
NUDT19P3	6	114020483
RPSAP43	6	114084792
RNA5SP213	6	114220786
HDAC2-AS2	6	114256580
HS3ST5	6	114342666
DNAJA1P4	6	114350648
LNCPOIR	6	114545324
RNU6-475P	6	114866976
LINC02534	6	115643912
TPI1P3	6	116038756
FRK	6	116060847
NT5DC1	6	116100852
COL10A1	6	116126132
NIP7P3	6	116137572
TSPYL4	6	116254075
TSPYL1	6	116279908
DSE	6	116280154
CBX3P9	6	116453565
KRT18P22	6	116458669
CALHM6	6	116461476
CALHM6-AS1	6	116463692
CALHM5	6	116511639
CALHM4	6	116529039
TRAPPC3L	6	116543400
RWDD1	6	116571506
RSPH4A	6	116616551
ZUP1	6	116668794
KPNA5	6	116681212
FAM162B	6	116765705
GPRC6A	6	116829060
RFX6	6	116877242
RPS29P13	6	117048838
RNA5SP214	6	117060682
VGLL2	6	117265558
RN7SKP18	6	117299364
RN7SKP51	6	117301455
ROS1	6	117425741
RAP1BP3	6	117431591
RNU6-253P	6	117457838
DCBLD1	6	117482695
GOPC	6	117602514
NEPNP	6	117633706
NUS1	6	117675504
RPL29P4	6	117998975
SLC35F1	6	118030853
BRD7P3	6	118501430
PLN	6	118548296
SSXP10	6	118589070
CEP85L	6	118651857
SELENOKP3	6	118782848
ASF1A	6	118894195
MCM9	6	118935069
FAM184A	6	119049219
MIR548B	6	119069143
RPL13AP15	6	119269714
RNU6-194P	6	119327281
MAN1A1	6	119349763
MIR3144	6	120015179
RNU6-214P	6	120526400
RNA5SP215	6	120686621
COX6A1P3	6	120781220
TBC1D32	6	121334478
RNU6-1286P	6	121354354
GJA1	6	121435646
RNU4-35P	6	121454121
RNU4-76P	6	121542626
RNU2-8P	6	121580521
SLC25A5P7	6	121653795
RPL23AP48	6	121680459
HMGB3P18	6	121858768
RNU1-18P	6	122211648
HSF2	6	122399652
SERINC1	6	122471833
PKIB	6	122610406
RN7SL564P	6	122745280
FABP7	6	122779737
SMPDL3A	6	122789258
ATP5MGP2	6	122859988
CLVS2	6	122996235
TRDN-AS1	6	123439615
TRDN	6	123636971
NKAIN2	6	123804141
RNF217-AS1	6	124963116
RNF217	6	124977309
TPD52L1	6	125154044
HDDC2	6	125301958
LINC02523	6	125704724
HEY2-AS1	6	125707425
HEY2	6	125748648
NCOA7	6	125790960
NCOA7-AS1	6	125818858
RN7SKP56	6	125875168
HINT3	6	125956751
RNA5SP216	6	125979934
TRMT11	6	125986536
PPP1R14BP5	6	126258355
CENPW	6	126340161
MIR588	6	126484631
RNU6-200P	6	126590393
YAP1P3	6	126628570
PRELID1P1	6	126643640
RPS4XP9	6	126683036
RSPO3	6	127118854
RNF146	6	127266864
RNA5SP217	6	127317973
ECHDC1	6	127343079
YWHAZP4	6	127355756
RPL5P18	6	127362513
RPL17P23	6	127435636
KIAA0408	6	127459358
MTCL3	6	127518905
C6orf58	6	127548314
LINC02536	6	127664554
THEMIS	6	127909806
MRPS17P5	6	127909833
PTPRK-AS1	6	128027886
PTPRK	6	128520515
EEF1DP5	6	128580884
RPL21P64	6	128639653
MESTP1	6	128929988
BMPR1AP1	6	129159120
LAMA2	6	129357209
RNU6-861P	6	129436980
ARHGAP18	6	129710177
RPL5P21	6	129757112
B3GALNT2P1	6	129800908
TMEM244	6	129861514
L3MBTL3	6	130019510
SAMD3	6	130215887
TMEM200A	6	130365982
SMLR1	6	130827406
EPB41L2	6	131015842
AKAP7	6	131164336
RPL21P67	6	131469059
ARG1	6	131573225
MED23	6	131628199
ENPP3	6	131637271
RNU4-18P	6	131642966
OR2A4	6	131701401
CTAGE9	6	131711017
RPL15P9	6	131781312
MIR548H5	6	131792172
SELENOKP2	6	131820091
RN7SKP245	6	131820334
ENPP1	6	131847231
CCN2	6	131951373
LINC01013	6	132073263
MIR548AJ1	6	132115263
EEF1A1P36	6	132271982
MOXD1	6	132401482
STX7	6	132513093
RPL21P66	6	132519295
TAAR9	6	132538277
TAAR8	6	132552672
TAAR7P	6	132559024
TAAR6	6	132570322
TAAR5	6	132589741
TAAR4P	6	132595436
TAAR3P	6	132609276
TAAR2	6	132621226
TAAR1	6	132659182
HLFP1	6	132674885
CCNG1P1	6	132698783
VNN1	6	132718393
VNN3P	6	132734692
VNN2	6	132763430
RBM11P1	6	132764660
SLC18B1	6	132798636
RPS12	6	132814567
SNORD101	6	132815307
SNORD100	6	132816802
SNORA33	6	132817219
HMGB1P13	6	132868859
LINC00326	6	132954425
RPL23AP46	6	132998040
MTCYBP4	6	133150568
EYA4	6	133241351
EYA4-AS2	6	133456605
HSPE1P21	6	133510693
FTH1P26	6	133677429
LINC01312	6	133815051
TARID	6	133838199
TCF21	6	133889224
TBPL1	6	133953209
SLC2A12	6	134052643
HMGA1P7	6	134115736
RN7SL408P	6	134133573
SGK1	6	134174868
RPS29P32	6	134211450
RNA5SP218	6	134257035
KRT8P42	6	134298695
CHCHD2P4	6	134393900
LINC01010	6	134437419
CT69	6	134478864
LINC03002	6	134540484
FAM8A6P	6	134604698
MEMO1P2	6	134897874
ALDH8A1	6	134950095
MIR3662	6	134979432
HBS1L	6	135054803
MYB	6	135181421
MYB-AS1	6	135195995
MIR548A2	6	135239160
AHI1	6	135492378
AHI1-DT	6	135497872
GAPDHP73	6	135620171
LINC02524	6	135630560
HMGB1P17	6	135636713
COX5BP2	6	136034886
PDE7B	6	136038291
PDE7B-AS1	6	136114937
MTFR2	6	136250299
BCLAF1	6	136289795
NDUFS5P1	6	136476150
RN7SKP299	6	136545192
MAP7	6	136550427
MAP7-AS1	6	136550661
RNA5SP219	6	136630243
MAP3K5-AS1	6	136644277
MAP3K5-AS2	6	136784007
MAP3K5	6	136792352
PEX7	6	136822612
RPL7AP37	6	136901157
SLC35D3	6	136922301
RPL35AP3	6	136974217
NHEG1	6	136993234
IL20RA	6	137044932
IL22RA2	6	137173646
IFNGR1	6	137219308
OLIG3	6	137494394
BTF3L4P3	6	137544372
LINC03004	6	137673391
PTPN11P3	6	137707201
LINC02539	6	137764130
WAKMAR2	6	137862955
TNFAIP3	6	137867383
LINC02865	6	137923523
SIMALR	6	137957664
RPSAP42	6	137995270
PERP	6	138107419
ARFGEF3	6	138161948
PBOV1	6	138218491
SMIM28	6	138377905
MARCKSL1P2	6	138403560
HEBP2	6	138404243
MIR3145	6	138435294
NHSL1	6	138559086
MTCH1P1	6	138650973
NHSL1-AS1	6	138693433
CCDC28A-AS1	6	138773554
CCDC28A	6	138773739
ECT2L	6	138796099
ACKR4P1	6	138822747
REPS1	6	138987953
ABRACL	6	139028466
HECA	6	139135103
TXLNB	6	139273704
CITED2	6	139374505
LINC01625	6	139474595
ATP5PBP6	6	139615204
FILNC1	6	139839662
LINC02941	6	140073127
RNA5SP220	6	140158694
MIR3668	6	140205252
MIR4465	6	140683814
RPS3AP24	6	140761529
RN7SKP106	6	141486412
RPS3AP23	6	141636503
NMBR-AS1	6	142088233
NMBR	6	142111522
GJE1	6	142132925
VTA1	6	142147243
LINC02919	6	142259757
ADGRG6	6	142302623
HIVEP2	6	142945176
HIVEP2-DT	6	142948913
LINC01277	6	143042324
AIG1	6	143060894
PARLP2	6	143342246
TUBB8P2	6	143436216
RNA5SP221	6	143449809
ADAT2	6	143450673
PEX3	6	143450834
VDAC1P8	6	143490515
FUCA2	6	143511714
PHACTR2-AS1	6	143562021
PHACTR2	6	143677983
LTV1	6	143843338
ZC2HC1B	6	143864455
HYMAI	6	144008262
PLAGL1	6	144008395
SF3B5	6	144095573
MRPL42P3	6	144136450
STX11	6	144150504
TPT1P4	6	144200965
UTRN	6	144659844
RNU1-33P	6	145463399
EPM2A	6	145703973
FBXO30	6	145814781
EPM2A-DT	6	145814887
SHPRH	6	145959676
GRM1	6	146027744
FUNDC2P3	6	146171315
RNA5SP222	6	146340420
RAB32	6	146543829
ADGB-DT	6	146598931
ADGB	6	146627987
RNU6-906P	6	146639700
KATNBL1P6	6	146803709
STXBP5-AS1	6	147131932
LUADT1	6	147158925
STXBP5	6	147266300
YAP1P1	6	147406889
SAMD5	6	147508958
RNU6-1222P	6	148278672
SASH1	6	148343030
CYP51A1P3	6	148478693
SNRPEP6	6	148567654
RPSAP40	6	148648597
UST	6	148747057
UST-AS1	6	148964694
UST-AS2	6	149032702
TAB2-AS1	6	149257543
RN7SL234P	6	149291352
FABP12P1	6	149304428
TAB2	6	149318306
SUMO4	6	149400262
ZC3H12D	6	149483133
RNU7-3P	6	149516956
PPIL4	6	149546043
GINM1	6	149566383
RPS18P9	6	149594084
KATNA1	6	149648710
LATS1	6	149718024
NUP43	6	149746552
PCMT1	6	149749737
BTBD10P2	6	149794763
LRP11	6	149864033
CCT7P1	6	149879962
RAET1E-AS1	6	149887267
RAET1E	6	149893546
RAET1G	6	149923097
ULBP2	6	149942020
ULBP1	6	149963975
BTF3P10	6	149977922
RAET1K	6	150005185
RAET1L	6	150025532
RAET1M	6	150032769
PHB1P1	6	150042546
ULBP3	6	150069121
PPP1R14C	6	150143060
RNU4-7P	6	150326763
IYD	6	150369004
SSR1P1	6	150385120
PLEKHG1	6	150616431
PDCL3P5	6	150827663
MTHFD1L	6	150866419
ARL4AP5	6	150934968
RNU6-302P	6	150939222
RPL32P16	6	151099529
RNU6-300P	6	151201341
RNU6-1247P	6	151280612
AKAP12	6	151283031
RNY4P20	6	151298933
RN7SKP268	6	151319635
ZBTB2	6	151390458
HSPA8P15	6	151413945
RMND1	6	151452074
ARMT1	6	151452486
CCDC170	6	151494068
RNU6-813P	6	151615879
ESR1	6	151807491
SYNE1	6	152321963
SYNE1-AS1	6	152380489
RNA5SP223	6	152410275
NANOGP11	6	152545930
MYCT1	6	152697929
HSPD1P16	6	152705735
VIP	6	152750798
LINC02840	6	152875903
TUBB4BP7	6	152898047
C11orf98P2	6	152959605
FBXO5	6	152983041
MTRF1L	6	153000639
RGS17	6	153131249
RNA5SP224	6	153159345
RNA5SP225	6	153420438
MTCO2P31	6	153665707
MTATP6P31	6	153666627
MTCO3P31	6	153667318
MTND3P20	6	153668177
MTND4LP20	6	153668589
MTND4P13	6	153668879
RNU6-896P	6	153681447
HMGB3P19	6	153938992
OPRM1	6	154039465
RPL17P24	6	154216931
IPCEF1	6	154299601
CNKSR3	6	154510563
MTRES1P1	6	154549517
RPS4XP8	6	154576309
RPL31P29	6	154605954
SCAF8	6	154733696
RNU6-824P	6	154825279
MIR1273C	6	154853360
TIAM2	6	155060466
CLDN20	6	155267977
TFB1M	6	155314460
NOX3	6	155455839
RNU7-152P	6	155655026
MIR1202	6	155946797
SNORD28B	6	156378750
H3P28	6	156662050
MIR4466	6	156779731
ARID1B	6	157033310
ARID1B-AS1	6	157119706
LDHAL6FP	6	157300126
TMEM242	6	157323538
TMEM242-DT	6	157323797
ZDHHC14	6	157381475
MIR3692	6	157529132
SNX9	6	157823221
SNX9-AS1	6	157892906
HSPE1P26	6	157924402
RNU6-786P	6	157934168
SYNJ2-IT1	6	158001107
SYNJ2	6	158017465
SERAC1	6	158168245
GTF2H5	6	158168366
SRP72P2	6	158242797
TULP4	6	158312465
RN7SL173P	6	158437797
CACYBPP3	6	158516229
TMEM181	6	158560144
MIR7161	6	158609707
TATDN2P2	6	158621636
DYNLT1	6	158644740
SYTL3	6	158644936
AMZ2P2	6	158726803
MIR3918	6	158764753
EZR-AS1	6	158817979
EZR	6	158819363
OSTCP1	6	158849901
LINC02901	6	158869864
RNU6-293P	6	158926571
RSPH3	6	158999781
TAGAP-AS1	6	158999941
TAGAP	6	159045022
FNDC1-AS1	6	159170033
FNDC1	6	159183423
FNDC1-IT1	6	159240786
LINC02529	6	159383441
RPL21P69	6	159526527
SOD2	6	159693261
HNRNPH1P1	6	159713985
RNU4ATAC18P	6	159720540
WTAP	6	159727507
ACAT2	6	159762035
SOD2-OT1	6	159762332
SNORA20	6	159780381
SNORA29	6	159785733
TCP1	6	159789584
MRPL18	6	159790166
PNLDC1	6	159800273
MAS1	6	159898839
AIRN	6	160006349
IGF2R	6	160085061
CHP1P2	6	160093423
SLC22A1	6	160121891
SLC22A2	6	160258748
SLC22A3	6	160348375
LPAL2	6	160511067
LPA	6	160664250
PLG	6	160702265
MAP3K4	6	160991844
MAP3K4-AS1	6	160992342
AGPAT4	6	161273954
LNCR-SMAL	6	162234743
KRT8P44	6	162568379
PRKN	6	162727676
PACRG	6	162771076
PACRG-AS2	6	163051414
PACRG-AS3	6	163191805
PACRG-AS1	6	163324485
QKI	6	163415161
CAHM	6	163415372
RN7SL366P	6	163840561
C6orf118	6	165293222
RNA5SP226	6	165409562
RNU6-730P	6	165718338
PDE10A	6	165986603
LINC00602	6	165987539
GAPDHP72	6	166064291
LNCDAT	6	166168018
TBXT	6	166168645
RNU6-153P	6	166209403
GNG5P1	6	166240493
PRR18	6	166308420
HNRNPA1P49	6	166334568
SFT2D1	6	166342555
MPC1	6	166382916
MPC1-DT	6	166383189
RPS6KA2-IT1	6	166465383
MIR1913	6	166509433
RAMACL	6	166586678
RPS6KA2	6	166627282
RPS6KA2-AS1	6	166903698
RNASET2	6	166956550
MIR3939	6	166997912
CEP43	6	166999402
CCR6	6	167122750
GPR31	6	167157980
TCP10L2	6	167172145
UNC93A	6	167291328
TTLL2	6	167325092
TCP10L3	6	167384460
LINC02538	6	167679270
LINC02487	6	167693566
AFDN-DT	6	167826445
AFDN	6	167827635
KIF25-AS1	6	167979801
KIF25	6	168002058
FRMD1	6	168079194
CTAGE13P	6	168289350
DACT2	6	168319754
SMOC2	6	168441183
LINC01615	6	169163007
THBS2-AS1	6	169213187
THBS2	6	169253795
VTA1P1	6	169297959
LINC02519	6	169388385
WDR27	6	169701892
C6orf120	6	169702126
PHF10	6	169724005
DYNLT2	6	169751576
ERMARD	6	169751647
LINC00574	6	169790079
LINC00242	6	169799187
RPL12P23	6	170199769
LINC01624	6	170272114
DLL1	6	170291450
FAM120B	6	170306748
MIR4644	6	170330761
PSMB1	6	170553311
TBP	6	170554380
PDCD2	6	170584605
OR4F7P	6	170639606
WBP1LP8	6	170651338
RPL23AP47	6	170745518
FAM157D	7	35306
LINC03015	7	149444
LINC03014	7	149885
FAM20C	7	193039
FOXL3	7	290757
PDGFA	7	519620
PDGFA-DT	7	522479
PRKAR1B-AS2	7	561937
PRKAR1B-AS1	7	602792
PRKAR1B	7	714020
DNAAF5	7	727219
SUN1	7	816690
GET4	7	876626
ADAP1	7	954561
COX19	7	975332
CYP2W1	7	986401
MIR339	7	1023026
GPR146	7	1050984
CHLSN-AS1	7	1074354
GPER1	7	1087145
CHLSN	7	1138090
ZFAND2A	7	1159392
ZFAND2A-DT	7	1160502
UNCX	7	1232872
MICALL2	7	1440727
MICALL2-DT	7	1459919
INTS1	7	1504353
MAFK	7	1537484
TMEM184A	7	1556105
PSMG3-AS1	7	1570089
PSMG3	7	1570525
TFAMP1	7	1614590
ELFN1	7	1669991
LNCRI	7	1694325
ELFN1-AS1	7	1742310
MIR4655	7	1844253
MAD1L1	7	2223628
MRM2	7	2242177
NUDT1	7	2242255
MIR6836	7	2257577
IMMP1LP3	7	2287915
SNX8	7	2314423
EIF3B	7	2354869
KIF19BP	7	2383698
NGRNP3	7	2394131
CHST12	7	2404099
GRIFIN	7	2476646
LFNG	7	2519164
MIR4648	7	2527074
BRAT1	7	2555520
IQCE	7	2559149
TTYH3	7	2631952
AMZ1	7	2688202
GNA12	7	2829781
CARD11-AS1	7	2944031
CARD11	7	2980698
RN7SKP130	7	2999094
SDK1-AS1	7	3302446
RPL21P72	7	3338126
SDK1	7	3971466
CYP3A54P	7	4512033
FOXK1	7	4740859
AP5Z1	7	4778652
MIR4656	7	4788639
RADIL	7	4855928
PAPOLB	7	4862030
RPL22P16	7	4865804
MMD2	7	4959200
RNF216P1	7	4974086
RBAK-RBAKDN	7	5014814
SPDYE19P	7	5037831
RBAK	7	5045899
RBAKDN	7	5072125
OR10AH1P	7	5117135
ZNF890P	7	5127795
RNU6-215P	7	5180061
WIPI2	7	5190273
SLC29A4	7	5282924
TNRC18	7	5375028
TNRC18-AS1	7	5419846
LINC03073	7	5425880
LINC02983	7	5428927
MIR589	7	5495917
FBXL18	7	5513762
ACTB	7	5530600
FSCN1	7	5594197
RNF216-IT1	7	5680461
MIR6874	7	5711910
RNF216	7	5780292
ZNF815P	7	5823207
RN7SL556P	7	5872050
OCM	7	5880312
CCZ1	7	5898770
RSPH10B	7	5968918
PMS2	7	6009062
AIMP2	7	6009281
SNORA80D	7	6016877
ANKRD61	7	6031376
RN7SL851P	7	6048023
RNU6-218P	7	6057500
EIF2AK1	7	6059175
USP42	7	6104967
CYTH3	7	6177941
SMIM10L3	7	6348967
FAM220A	7	6348971
RPSAP73	7	6365441
RAC1	7	6374537
DAGLB	7	6447953
KDELR2	7	6484150
RPL31P34	7	6491098
GRID2IP	7	6536897
ZDHHC4	7	6577464
INTS15	7	6590065
ZNF853	7	6615610
ZNF316	7	6637331
ZNF12	7	6706843
SPDYE20P	7	6720982
PMS2CL	7	6735305
RSPH10B2	7	6754147
CCZ1B	7	6826222
OR7E39P	7	6835794
UNC93B2	7	6859830
OR7E136P	7	6867672
OR7E59P	7	6880626
EVA1CP3	7	6900623
ALG1L5P	7	6923804
FAM86LP	7	6939603
MIR3683	7	7067045
C1GALT1	7	7182665
LINC03016	7	7267237
COL28A1	7	7428872
MIOS-DT	7	7566440
MIOS	7	7566961
RPA3	7	7640696
UMAD1	7	7640764
RNU6-534P	7	7906519
CCNB2P1	7	7910449
GLCCI1-DT	7	7969445
GLCCI1	7	7969721
ICA1-AS1	7	8262051
ICA1	7	8262193
NXPH1	7	8435195
GAPDHP68	7	9614978
PER3P1	7	9634270
CPAMD8P1	7	9726241
HSPA8P8	7	10451311
NDUFA4	7	10940135
RPL23AP52	7	11006876
PHF14	7	11035585
NPM1P11	7	11258535
THSD7A	7	11647206
THRAP3P3	7	11821294
TMEM106B	7	12211325
VWDE	7	12403794
SSBL5P	7	12471352
TAS2R2	7	12491095
C7orf78	7	12500414
SCIN	7	12589178
ARL4A	7	12687093
RN7SKP228	7	12876684
RBMX2P4	7	12922920
ETV1	7	13989667
RPL6P21	7	14071380
EEF1A1P26	7	14190795
DGKB	7	14902842
GTF3AP5	7	14986074
AGMO	7	15561999
MEOX2	7	15686750
LINC02587	7	15688396
RPL36AP26	7	15701752
RPL36AP29	7	16208945
CRPPA-AS1	7	16210506
CRPPA	7	16421523
SOSTDC1	7	16498159
LRRC72	7	16526880
ANKMY2	7	16645741
BZW2	7	16646188
TSPAN13	7	16753777
AGR2	7	16804994
RAD17P1	7	16866308
AGR3	7	16881978
BRWD1P3	7	17033478
AHR	7	17298696
LINC02888	7	17402668
LINC02889	7	17524148
SNX13	7	17940489
MRM3P2	7	17962079
PRPS1L1	7	18027846
MIR1302-6	7	18127309
HDAC9	7	18495757
RN7SKP266	7	18808279
HDAC9-AS1	7	18899433
NPM1P13	7	18949762
TWIST1	7	19117118
FERD3L	7	19145421
MIR3146	7	19705436
POLR1F	7	19709037
TMEM196	7	19773495
RPL21P75	7	20002765
MACC1-AS1	7	20121105
MACC1-OT1	7	20123495
GIRGL	7	20199569
MACC1	7	20217359
ITGB8	7	20331050
ITGB8-AS1	7	20331210
EEF1A1P27	7	20582072
ABCB5	7	20647343
SP8	7	20786886
RPL23P8	7	20827326
LINC01162	7	20835375
RPS26P30	7	20843627
RN7SL542P	7	21215830
ASS1P11	7	21221428
RNU1-15P	7	21381363
SP4	7	21428093
MIR1183	7	21471058
DNAH11	7	21660452
CDCA7L	7	21945888
RAPGEF5	7	22255739
RNA5SP227	7	22298594
EEF1A1P6	7	22511999
STEAP1B-AS1	7	22563325
STEAP1B	7	22647358
IL6	7	22727199
IL6-AS1	7	22727620
MTCYBP42	7	22748804
TOMM7	7	22822791
SNHG26	7	22854254
SNORD93	7	22856613
RPL12P10	7	22881893
HYCC1	7	23014079
KLHL7-DT	7	23105692
KLHL7	7	23106117
AK3P3	7	23129178
NUP42	7	23182048
GPNMB	7	23246768
MALSU1	7	23299334
SNORD65C	7	23396446
IGF2BP3	7	23431298
RNU7-143P	7	23450658
RPS2P32	7	23490473
TRA2A	7	23531980
CLK2P1	7	23586355
CCDC126	7	23597478
FCF1P1	7	23619333
FAM221A	7	23680167
STK31	7	23710319
PCMTD1P3	7	23721782
TPT1P7	7	23811660
RNA5SP228	7	24132705
NPY	7	24284671
RNU6-1103P	7	24537332
PALS2	7	24573724
SUMO2P14	7	24589407
GSDME	7	24757019
SNRPCP19	7	24906594
OSBPL3	7	24980126
CYCS	7	25125253
SPMIP4	7	25180201
RPL7AP41	7	25212965
NPVF	7	25228486
TSEN15P3	7	25266290
LINC03007	7	25663346
MIR148A	7	25949986
NFE2L3	7	26152206
HNRNPA2B1	7	26200786
CBX3	7	26201747
SNX10	7	26291989
SNX10-AS1	7	26376513
LINC02981	7	26398937
KIAA0087	7	26538859
LINC03095	7	26551770
LINC02860	7	26638357
SKAP2	7	26864586
RPL7AP38	7	26922110
HMGB3P20	7	26983367
TPM3P4	7	27023737
NHP2P2	7	27048169
HOXA1	7	27095998
HOTAIRM1	7	27096178
HOXA2	7	27102684
HOXA-AS2	7	27118486
HOXA4	7	27130757
HOXA3	7	27132687
HOXA5	7	27143228
HOXA-AS3	7	27147091
HOXA6	7	27149188
HOXA7	7	27156675
HOXA10-AS	7	27168759
HOXA9	7	27169444
MIR196B	7	27169563
HOXA10	7	27173641
HOXA10-HOXA9	7	27180239
HOXA11	7	27185227
HOXA11-AS	7	27185415
HOXA13	7	27197845
HOTTIP	7	27200426
EVX1	7	27243085
EVX1-AS	7	27245594
RPL35P4	7	27269678
HNRNPA1P73	7	27329534
EIF4HP1	7	27458849
PSMC1P2	7	27461766
HIBADH	7	27662880
TAX1BP1-AS1	7	27740121
TAX1BP1	7	27740164
RNU6-979P	7	28118219
JAZF1	7	28126131
JAZF1-AS1	7	28180432
PPIAP80	7	28279700
CREB5	7	28435615
CPVL-AS2	7	28958138
TRIL	7	28958330
CPVL-AS1	7	29080245
CPVL	7	29146497
CHN2	7	29194906
CHN2-AS1	7	29208970
NANOGP4	7	29212302
GTF3C6P3	7	29551521
PRR15-DT	7	29563721
PRR15	7	29563850
TMSB4XP3	7	29625870
DPY19L2P3	7	29650227
MIR550A3	7	29680828
ZNRF2P2	7	29685192
WIPF3	7	29806497
FKBP14-AS1	7	29988626
SCRN1	7	29989782
FKBP14	7	30026649
PLEKHA8	7	30028412
MTURN	7	30136123
RPS27P16	7	30167804
ZNRF2	7	30284638
MIR550A1	7	30289794
MIR550B1	7	30289890
LINC01176	7	30390908
NOD1	7	30478733
GGCT	7	30504822
TRPC6P10	7	30544053
GARS1-DT	7	30585715
GARS1	7	30594891
CRHR2	7	30700045
INMT	7	30725089
INMT-MINDY4	7	30752145
MINDY4	7	30779536
AQP1	7	30912706
GHRHR	7	30971474
ADCYAP1R1	7	31052572
NEUROD6	7	31340726
ITPRID1	7	31529609
PPP1R17	7	31691589
SNX2P2	7	31941261
PDE1C	7	32071420
SLC25A5P5	7	32471513
LSM5	7	32490382
AVL9	7	32495519
ZNRF2P1	7	32728569
MIR550A2	7	32732981
MIR550B2	7	32733077
LINC00997	7	32760279
DPY19L1P1	7	32761787
DPY19L1P2	7	32812757
KBTBD2	7	32891600
RP9P	7	32942794
RPL7AP78	7	32951426
FKBP9	7	32957460
RNU6-388P	7	33002054
RPS29P14	7	33036382
NT5C3A	7	33040909
RN7SL505P	7	33046090
RP9	7	33109401
BBS9	7	33129785
RNA5SP229	7	33177740
BMPER	7	33905671
RNU6-438P	7	34297598
NPSR1	7	34658262
RPL7P31	7	34710757
NCAPD2P1	7	34752053
RN7SL132P	7	34753424
NPSR1-AS1	7	34758263
MIR548N	7	34940834
DPY19L1	7	35017970
S100A11P2	7	35169224
DPY19L2P1	7	35186041
TBX20	7	35253865
HERPUD2	7	35695021
HERPUD2-AS1	7	35695204
LINC03013	7	35716311
SEPTIN7-DT	7	35800618
SEPTIN7	7	35801232
RNU6-1085P	7	35930264
SEPTIN7P3	7	35946294
PPP1R14BP4	7	35971567
MARK2P13	7	36110872
EEPD1	7	36153254
MATCAP2	7	36367235
ANLN	7	36390235
AOAH-IT1	7	36600120
AOAH	7	36724305
NPM1P18	7	36818959
MIR1200	7	36919432
ELMO1-AS1	7	36997796
RPS17P13	7	37116779
ELMO1	7	37343179
RNU6-565P	7	37351143
RPS10P14	7	37375522
NECAP1P1	7	37586329
GPR141	7	37683797
GPR141BP	7	37796058
CDCA3P1	7	37821210
NME8	7	37848986
SFRP4	7	37916921
EPDR1	7	37920658
STARD3NL	7	38178358
TRGC2	7	38249572
TRGJ2	7	38253429
TRGJP2	7	38256396
TRGC1	7	38265678
TRGJ1	7	38269540
TRGJP	7	38273647
TRGJP1	7	38276318
TRGV11	7	38292078
TRGVB	7	38296233
TRGV10	7	38300280
TRGV9	7	38318861
TRGVA	7	38322730
TRGV8	7	38330935
TRGV7	7	38335514
TRGV6	7	38340998
TRG-AS1	7	38341457
TRGV5P	7	38345499
TRGV5	7	38350022
TRGV4	7	38354517
TRGV3	7	38359162
TRGV2	7	38363518
TRGV1	7	38368169
RN7SL83P	7	38531338
AMPH	7	38631380
KRT8P20	7	38655205
CFAP144P1	7	38687037
VPS41	7	38797041
POU6F2-AS2	7	39013551
POU6F2	7	39084308
SNORA20B	7	39329134
POU6F2-AS1	7	39406494
YAE1-DT	7	39566344
YAE1	7	39566404
TMX1P1	7	39570198
RALA	7	39623586
LINC00265	7	39733589
RNU6-719P	7	39768341
CICP22	7	39797911
SSBP3P1	7	39833571
RWDD4P2	7	39855056
RN7SL496P	7	39888375
CDK13-DT	7	39949712
CDK13	7	39998250
MPLKIP	7	40134622
SUGCT	7	40135012
THUMPD3P1	7	40151613
SUGCT-AS1	7	40546928
LINC01450	7	40979939
LINC01449	7	41097479
INHBA-AS1	7	41693937
INHBA	7	41703088
HMGN2P30	7	42113365
GLI3	7	42237209
LINC01448	7	42706447
TCP1P1	7	42794906
C7orf25	7	42912007
PSMA2	7	42932174
MRPL32	7	42933698
HECW1-IT1	7	43134323
MIR3943	7	43150895
RNU7-35P	7	43194421
RNU6-575P	7	43207866
HECW1	7	43248761
LUARIS	7	43522542
STK17A	7	43583085
COA1	7	43729507
BLVRA	7	43758682
MRPS24	7	43869512
URGCP-MRPS24	7	43906589
URGCP	7	43906615
TUBG1P	7	43918697
UBE2D4	7	43926470
RASA4EP	7	43973323
UPK3BL3P	7	43990207
SPDYE1	7	43999393
POLR2J4	7	44019184
RASA4CP	7	44019185
LINC00957	7	44039520
DBNL	7	44044699
MIR6837	7	44051766
PGAM2	7	44065586
MIR6838	7	44073433
POLM	7	44082490
AEBP1	7	44104794
MIR4649	7	44110849
POLD2	7	44123513
RNA5SP230	7	44125873
MYL7	7	44141309
GCK	7	44153200
YKT6	7	44200980
CAMK2B	7	44325517
RPL32P18	7	44467897
NUDCD3	7	44483368
RNU6-1097P	7	44503879
RPL36AP27	7	44511332
NPC1L1	7	44541300
DDX56	7	44573906
TMED4	7	44582235
OGDH	7	44606591
ZMIZ2	7	44748868
PPIA	7	44796891
H2AZ2	7	44848081
H2AZ2-DT	7	44848399
MIR4657	7	44881800
PURB	7	44885530
MYO1G	7	44979028
SNORA9	7	44985510
SNHG15	7	44986680
CCM2	7	45000245
NACAD	7	45085184
SNORA5A	7	45104482
SNORA5C	7	45105042
SNORA5B	7	45106099
TBRG4	7	45111695
RAMP3	7	45157732
ELK1P1	7	45392205
ADCY1	7	45574671
SEPTIN7P2	7	45765812
GTF2IP13	7	45773595
RNU6-241P	7	45789585
CICP20	7	45819016
RNU6-326P	7	45843634
CCDC201	7	45873082
IGFBP1	7	45888488
IGFBP3	7	45920641
FTLP15	7	45998071
TTC4P1	7	46000778
ZNF619P1	7	46144937
HMGN1P19	7	46634614
EPS15P1	7	46782800
MRPL42P4	7	47026570
SRSF8CP	7	47052793
TNS3	7	47538309
LINC01447	7	47621324
LINC02902	7	47654014
LINC00525	7	47761476
PKD1L1-AS1	7	47795357
PKD1L1	7	47820375
HUS1	7	47979555
SUN3	7	48013185
C7orf57	7	48035520
UPP1	7	48089227
ABCA13	7	48344754
LINC02838	7	48708384
GDI2P1	7	48903891
CDC14C	7	48924547
DDX43P2	7	49259846
VWC2	7	49773236
GNL2P1	7	49944440
ZPBP	7	50093239
SPMIP7	7	50095883
IKZF1	7	50304669
RNU6-1091P	7	50435380
FIGNL1	7	50450347
DDC-AS1	7	50531759
DDC	7	50565418
GRB10	7	50781471
RPL7L1P2	7	51260167
COBL	7	51316773
CICP17	7	51382284
ROBO2P1	7	51600573
RN7SL292P	7	51716657
SGO1P2	7	52897807
RRBP1P1	7	53002420
POM121L12	7	53035633
HAUS6P1	7	53187388
RNF138P2	7	53316149
RNU1-14P	7	53366058
RN7SKP218	7	53490439
RNU2-29P	7	53776136
RAC1P9	7	53779783
LINC01446	7	53811935
HAUS6P3	7	53862233
LINC02854	7	53947827
LINC01445	7	54330729
SLC25A5P3	7	54419444
VSTM2A	7	54542416
VSTM2A-OT1	7	54556970
RNU6-1125P	7	54621025
RPL31P35	7	54656358
SEC61G	7	54759224
SEC61G-DT	7	54759316
EGFR	7	55019117
EGFR-AS1	7	55200977
ELDR	7	55255610
CALM1P2	7	55260256
LANCL2	7	55366026
VOPP1	7	55553369
VOPP1-DT	7	55573171
CDC42P2	7	55638842
TUBBP6	7	55645620
RNU6-389P	7	55685977
FKBP9P1	7	55713252
SUMO2P3	7	55732144
CICP11	7	55736779
PSPHP1	7	55764797
RNU6-1126P	7	55789368
CICP12	7	55798034
SEPTIN14	7	55862753
ZNF713	7	55896863
MRPS17	7	55951909
NIPSNAP2	7	55964599
PSPH	7	56051454
CCT6A	7	56051807
SNORA22B	7	56055365
SNORA15	7	56060470
SUMF2	7	56064285
PHKG1	7	56092951
CHCHD2	7	56106479
NUPR2	7	56116417
IFITM3P4	7	56163145
CCNJP1	7	56229782
RNU6-1335P	7	56340337
SEPTIN14P24	7	56360541
CICP8	7	56362458
RNU6-1052P	7	56402173
RBM22P3	7	56490682
NMD3P2	7	56503044
VN1R25P	7	56559221
TRIM60P16	7	56632727
CICP28	7	56805336
MIR4283-1	7	56955864
TNRC18P3	7	56991888
SLC29A4P1	7	57020273
PHKG1P4	7	57061301
SEPTIN7P15	7	57074664
ZNF479	7	57136150
GPCPD1P1	7	57150347
MTATP6P8	7	57167200
MTCO3P10	7	57167880
MTND4LP32	7	57169143
MTND4P4	7	57169406
MTND5P6	7	57170974
MTND6P29	7	57173283
MTCYBP29	7	57173357
GUSBP10	7	57180052
MTND1P4	7	57185788
MTND2P6	7	57186412
MTCO1P10	7	57187892
MTCO2P10	7	57189578
MTATP6P10	7	57190461
MTCO3P4	7	57191141
MTND4P5	7	57192695
MTND5P7	7	57194257
MTCYBP5	7	57196638
GUSBP12	7	57203597
RNU7-157P	7	57227001
MIR3147HG	7	57404759
MIR3147	7	57405025
VN1R28P	7	57423725
SAPCD2P2	7	57424503
ZNF716	7	57450177
NCOR1P3	7	57599794
BSNDP4	7	57638725
RNU6-417P	7	63011569
ZNF90P3	7	63088261
SAPCD2P4	7	63114805
SEPTIN14P1	7	63154934
PHKG1P1	7	63234245
SEPTIN7P4	7	63248321
ZNF733P	7	63303988
ARAFP3	7	63342711
LINC03075	7	63354449
VN1R31P	7	63368156
VN1R32P	7	63377329
SLC25A1P2	7	63398046
VN1R33P	7	63402271
ARAFP2	7	63405400
ZNF734P	7	63449819
SEPTIN7P5	7	63495799
PHKG1P2	7	63509303
SLC29A4P2	7	63556598
TNRC18P2	7	63585075
MIR4283-2	7	63621090
CICP24	7	63771047
GABPAP	7	63893286
LINC02848	7	63900371
NMD3P1	7	63910453
SLC25A1P3	7	63931141
VN1R34P	7	63935331
ARAFP1	7	63938509
VN1R35P	7	63964123
VN1R36P	7	63966124
ZNF722	7	63998849
LINC01005	7	64037173
ZNF727	7	64045431
TRIM60P17	7	64085560
GUSBP6	7	64100305
MTND4P2	7	64105295
MTND4LP2	7	64105576
MTND3P2	7	64105995
MTCO3P8	7	64106819
MTATP6P18	7	64107572
MTCO2P8	7	64108486
MTCO1P8	7	64110147
MTND2P4	7	64111550
MTND1P2	7	64112572
RPL6P20	7	64142401
VN1R37P	7	64150432
VN1R38P	7	64180892
SAPCD2P1	7	64181710
ZNF735	7	64207203
ZNF679	7	64238796
ZNF736	7	64310443
TRIM60P18	7	64355078
YWHAEP1	7	64433830
VN1R40P	7	64444742
ZNF680P1	7	64469185
HNRNPCP7	7	64500825
BNIP3P42	7	64551498
ZNF680	7	64563072
BNIP3P44	7	64591133
ZNF107	7	64666181
MIR6839	7	64679064
BNIP3P11	7	64687393
ZNF138	7	64794426
SEPHS1P1	7	64853354
EEF1DP4	7	64862999
ZNF273	7	64882513
VN1R42P	7	64933273
MTDHP1	7	64942926
ZNF117	7	64998860
ERV3-1	7	65006687
RNU6-1229P	7	65023310
CCT6P3	7	65064999
SNORA22C	7	65065999
SNORA15B-1	7	65070538
GTF2IP14	7	65084103
INTS4P1	7	65141241
RSL24D1P3	7	65335668
ZNF92	7	65373839
INTS4P2	7	65647823
CCT6P1	7	65751142
SNORA22	7	65755526
SNORA15B-2	7	65760052
NUPR2P1	7	65770720
LINC03006	7	65770751
GTF2IP5	7	65773620
RNU6-912P	7	65814672
LINC03129	7	65840055
RNU6-973P	7	65859766
VKORC1L1	7	65873258
GUSB	7	65982208
ASL	7	66075882
CRCP	7	66114850
TPST1	7	66205332
RNU6-313P	7	66344303
GTF2IP9	7	66409239
SKP1P1	7	66423893
RABGEF1P2	7	66453634
LINC00174	7	66477030
LINC03011	7	66493630
SAPCD2P3	7	66556216
RABGEF1P1	7	66576923
RPL35P5	7	66607107
KCTD7	7	66629062
RABGEF1	7	66740694
GTF2IRD1P1	7	66844888
GTF2IP23	7	66880708
RNU6-1254P	7	66891188
LINC02604	7	66902857
RPL31P38	7	66914581
TMEM248	7	66921240
RN7SL43P	7	66980120
SBDS	7	66995582
TYW1	7	66996835
MIR4650-1	7	67114397
SPDYE21	7	67276941
PMS2P4	7	67299424
STAG3L4	7	67305987
MTATP6P21	7	67627831
MTCO3P41	7	67628022
MTCO1P57	7	68097737
MTND4P3	7	68266859
RNA5SP231	7	68724048
RNU6-832P	7	69125270
MTCO2P25	7	69331378
MTCO1P25	7	69333633
RNU6-229P	7	69401303
CT66	7	69597510
AUTS2	7	70698567
GALNT17	7	71292163
MIR3914-2	7	71307674
MIR3914-1	7	71307770
RN7SKP75	7	71685747
RNA5SP232	7	71913856
ABCF2P2	7	72103181
CALN1	7	72412338
MIR4650-2	7	72697903
RN7SL377P	7	72823171
TYW1B	7	72828193
SBDSP1	7	72829656
RN7SL625P	7	72841727
SPDYE7P	7	72871581
POM121	7	72925054
NSUN5P2	7	72954730
TRIM74	7	72966973
FKBP6P1	7	72969814
STAG3L3	7	73003730
PMS2P7	7	73005541
SPDYE8	7	73029766
PMS2P8	7	73037371
SPDYE11	7	73055946
PMS2P14	7	73065529
SPDYE9	7	73084066
PMS2P6	7	73093657
SPDYE10	7	73114576
GTF2IP4	7	73175415
PHB1P5	7	73188736
NCF1B	7	73220624
GTF2IRD2P1	7	73280119
POM121B	7	73293497
NSUN5	7	73308816
RPL7AP77	7	73314107
TRIM50	7	73325571
FKBP6	7	73328275
RNU6-1080P	7	73339200
FZD9	7	73433778
RNU6-1198P	7	73507208
BAZ1B	7	73522278
BCL7B	7	73557634
TBL2	7	73578486
MLXIPL	7	73624524
VPS37D	7	73667896
DNAJC30	7	73683453
BUD23	7	73683595
MIR4284	7	73711317
STX1A	7	73719626
RN7SL265P	7	73732868
BICDL3P	7	73735407
ABHD11	7	73738808
CLDN3	7	73770270
CLDN4	7	73827745
METTL27	7	73842523
TMEM270	7	73861165
ELN	7	74028133
ELN-AS1	7	74062308
LIMK1	7	74088535
EIF4H	7	74174357
MIR590	7	74191198
LAT2	7	74209981
RFC2	7	74254401
CLIP2	7	74289467
GTF2IRD1	7	74454117
RNA5SP233	7	74487540
GTF2I	7	74657720
GTF2I-AS1	7	74728917
PHB1P15	7	74742121
NCF1	7	74775415
GTF2IRD2	7	74851546
STAG3L2	7	74890402
PMS2P5	7	74894116
SPDYE12	7	74915078
CASTOR2	7	74986296
RCC1L	7	75073801
GTF2IRD2B	7	75092580
NCF1C	7	75171978
PHB1P6	7	75203926
GTF2IP1	7	75217264
SPDYE13	7	75280790
PMS2P13	7	75299795
SPDYE14	7	75307376
PMS2P10	7	75327765
SPDYE15	7	75335343
PMS2P2	7	75359550
STAG3L1	7	75361374
FKBP6P2	7	75395281
TRIM73	7	75395756
NSUN5P1	7	75410368
POM121C	7	75442755
SPDYE5	7	75492320
PMS2P3	7	75527869
HIP1	7	75738935
CCL26	7	75781053
CCL24	7	75823384
RHBDD2	7	75879019
MIR4651	7	75915197
RPL7L1P3	7	75922755
POR	7	75934774
SNORA14A	7	75943782
TMEM120A	7	75994556
STYXL1	7	76047984
MDH2	7	76048105
RNU6-863P	7	76087444
GTF2IP7	7	76101408
RABGEF1P3	7	76132187
SRRM3	7	76265407
HSPB1	7	76302699
FPASL	7	76318245
YWHAG	7	76358991
PPIAP81	7	76361768
SSC4D	7	76409697
ZP3	7	76433470
DTX2	7	76461754
FDPSP2	7	76471058
UPK3B	7	76510583
SPDYE16	7	76541459
LINC03009	7	76549499
POMZP3	7	76627261
FDPSP7	7	76969250
DTX2P1-UPK3BP1-PMS2P11	7	76970760
DTX2P1	7	76978617
UPK3BP1	7	77004662
PMS2P11	7	77011551
SPDYE17	7	77032361
PMS2P9	7	77039944
SPDYE18	7	77063248
RPL7AP43	7	77116192
FAM185BP	7	77122116
FGL2	7	77199833
CCDC146	7	77271133
GSAP	7	77331944
GCNT1P5	7	77461458
PTPN12	7	77545752
APTR	7	77696266
RSBN1L	7	77759595
TMEM60	7	77798433
PHTF2	7	77798883
DDX3ILA1	7	77990417
RPL13AP17	7	78347225
UFC1P1	7	78486530
MAGI2	7	78543649
MAGI2-AS1	7	78939850
MAGI2-AS2	7	79008988
RNU6-337P	7	79030240
RNU6-530P	7	79343372
MAGI2-AS3	7	79453940
NUP35P2	7	79544853
RNA5SP234	7	79654109
RNU6-849P	7	79912208
RPL10P11	7	80097215
GNAI1	7	80134377
RN7SL869P	7	80245926
RN7SL35P	7	80318253
SNRPBP1	7	80377835
GNAT3	7	80512064
CD36	7	80617860
SEMA3C	7	80919051
EIF4EP4	7	81463613
CDHR17P	7	81608710
DDX43P3	7	81611326
HGF	7	81770047
CACNA2D1-AS1	7	82009184
CACNA2D1	7	82393305
MTHFD2P5	7	82590691
PCLO	7	82950748
RNA5SP235	7	83017898
SEMA3E	7	83648550
RAD23BP2	7	83663419
SEMA3A	7	84372231
RPL7P30	7	84528830
LINC03017	7	84532500
HMGN2P11	7	84876554
HNRNPA1P8	7	84983556
HSPA8P16	7	85027828
SEMA3D	7	85186855
DYNLL1P7	7	85381375
LINC00972	7	85449665
SOCS5P1	7	86217733
GRM3	7	86644696
GRM3-AS1	7	86794776
ELAPOR2	7	86965885
DMTF1-AS1	7	87152368
DMTF1	7	87152619
TMEM243	7	87219681
TP53TG1	7	87345509
CROT	7	87345733
ABCB4	7	87475664
HNRNPA1P9	7	87521461
ABCB1	7	87600884
RUNDC3B	7	87628430
SLC25A40	7	87876260
DBF4	7	87876490
ADAM22	7	87934297
SRI	7	88220060
SRI-AS1	7	88232011
STEAP4	7	88306888
EIF4A1P13	7	88449017
KPNA2P2	7	88566281
SLC66A2P1	7	88610669
EEF1A1P28	7	88639014
COX6A1P7	7	88749470
TEX47	7	88795737
ZNF804B	7	88988927
RNU6-274P	7	89754726
DPY19L2P4	7	90119539
STEAP1	7	90154469
STEAP2-AS1	7	90211650
STEAP2	7	90211788
CFAP69	7	90245237
FAM237B	7	90321304
GTPBP10	7	90346695
CLDN12	7	90403500
PTTG1IP2	7	90469639
CDK14	7	90596438
TVP23CP1	7	90631906
PTP4A1P3	7	91107374
FZD1	7	91264433
NIPA2P1	7	91321103
LINC02932	7	91455657
MTERF1	7	91880691
AKAP9	7	91941089
CYP51A1	7	92134462
CYP51A1-AS1	7	92134598
LRRD1	7	92179142
MIR1285-1	7	92204098
KRIT1	7	92245876
ANKIB1	7	92246183
TMBIM7P	7	92433431
GATAD1	7	92447874
ERVW-1	7	92475567
PEX1	7	92528484
RBM48	7	92528795
FAM133B	7	92590329
RNU6-10P	7	92701814
CDK6	7	92833959
CDK6-AS1	7	92836353
RN7SL7P	7	92971299
SAMD9	7	93117979
SAMD9L	7	93148366
HEPACAM2	7	93219582
VPS50	7	93244429
MIR653	7	93482855
MIR489	7	93484019
CALCR	7	93574724
RPS27P17	7	93670077
MIR4652	7	93716928
NDUFAF4P2	7	93844789
TFPI2	7	93890747
TFPI2-DT	7	93890824
GNGT1	7	93906576
GNG11	7	93921735
BET1-AS1	7	93969610
BET1	7	94004329
COL1A2	7	94417772
RNU6-1328P	7	94495299
CASD1	7	94509859
SGCE	7	94656116
PEG10	7	94656384
RPS3AP25	7	94695819
RNU6-956P	7	94712409
ATP5PBP2	7	94738652
GRPEL2P3	7	94782886
RN7SKP129	7	94801514
ARF1P1	7	94833904
PPP1R9A	7	94907644
HINT1P2	7	95018397
RNU4-16P	7	95098227
PPP1R9A-AS1	7	95214309
PON1	7	95324522
PON3	7	95396371
PON2	7	95435014
ASB4	7	95485901
PDK4	7	95596460
PDK4-AS1	7	95596677
DYNC1I1	7	95772594
MIR591	7	96219756
RPL21P74	7	96283357
SLC25A13	7	96322088
RNU6-532P	7	96330638
RNU6-364P	7	96341140
RNU7-188P	7	96377857
SEM1	7	96709796
MARK2P10	7	96858182
RN7SL252P	7	96940364
DLX6-AS1	7	97006406
DLX6	7	97006493
DLX5	7	97024831
SDHAF3	7	97117712
HMGB3P21	7	97135561
RPL7AP40	7	97201483
AP1S2P1	7	97437518
RN7SKP104	7	97599260
TAC1	7	97732161
ASNS	7	97872400
SNRPCP9	7	97885868
RPS3AP29	7	97899115
VPS51P2	7	97938794
OR7E7P	7	97947998
MIR5692A1	7	97963658
MIR5692C2	7	97964481
OR7E38P	7	97967074
CCZ1P1	7	97972254
OCM2	7	97990682
RN7SL478P	7	97998325
LMTK2	7	98106862
BHLHA15	7	98211468
TECPR1	7	98251905
BRI3	7	98281822
RPS3AP26	7	98386584
BAIAP2L1	7	98401074
PPIAP82	7	98454617
NPTX2	7	98618476
RNU6-393P	7	98794824
TMEM130	7	98869866
MIR3609	7	98881650
TRRAP	7	98973073
RNF14P3	7	98999930
SMURF1	7	99144112
KPNA7	7	99213785
MYH16	7	99299417
ARPC1A	7	99325910
ARPC1B	7	99374726
PDAP1	7	99408597
BUD31	7	99408951
PTCD1	7	99438756
CPSF4	7	99438975
ATP5MF-PTCD1	7	99466164
ATP5MF	7	99466165
ZNF789	7	99472911
ZNF394	7	99500289
ZKSCAN5	7	99504695
FAM200A	7	99552127
ZNF655	7	99558718
TMEM225B	7	99598267
ZSCAN25	7	99616971
CYP3A5	7	99679966
CYP3A51P	7	99700034
CYP3A7	7	99720969
CYP3A7-CYP3A51P	7	99735097
CYP3A4-AS1	7	99766543
CYP3A4	7	99784186
CYP3A137P	7	99820018
CYP3A43	7	99828043
CYP3A52P	7	99872168
OR2AE1	7	99877033
TRIM4	7	99919521
GJC3	7	99929620
AZGP1	7	99976041
AZGP1P1	7	99980762
ZKSCAN1	7	100015613
ZSCAN21	7	100049796
ZNF3	7	100081737
COPS6	7	100088981
MIR25	7	100093643
MIR93	7	100093847
MIR106B	7	100094074
MCM7	7	100101343
AP4M1	7	100101595
TAF6	7	100119348
CNPY4	7	100119679
MBLAC1	7	100126785
RPL7P60	7	100140682
LAMTOR4	7	100148978
MIR4658	7	100156669
TRAPPC14	7	100157759
GAL3ST4	7	100168138
GPC2	7	100177369
STAG3	7	100177932
PVRIG	7	100219256
CASTOR3P	7	100271983
SPDYE3	7	100311071
PMS2P1	7	100335860
STAG3L5P-PVRIG2P-PILRB	7	100336184
STAG3L5P	7	100338197
PVRIG2P	7	100352360
PILRB	7	100352687
MIR6840	7	100356651
PILRA	7	100373487
ZCWPW1	7	100428675
MEPCE	7	100428910
PPP1R35-AS1	7	100436191
PPP1R35	7	100436446
SPACDR	7	100464066
TSC22D4	7	100479169
NYAP1	7	100485941
RN7SL416P	7	100530659
AGFG2	7	100539212
IRS3P	7	100570131
SAP25	7	100573627
LRCH4	7	100586128
FBXO24	7	100586421
PCOLCE	7	100603163
PCOLCE-AS1	7	100604038
MOSPD3	7	100612388
TFR2	7	100641766
ACTL6B	7	100656435
GNB2	7	100673878
GIGYF1	7	100694232
POP7	7	100706119
EPO	7	100720468
ZAN	7	100733626
RN7SL750P	7	100821264
EPHB4	7	100827488
SLC12A9-AS1	7	100852642
SLC12A9	7	100852739
TRIP6	7	100867394
MIR6875	7	100868036
SRRT	7	100875177
UFSP1	7	100889715
ACHE	7	100896050
RN7SL549P	7	100906572
RPS29P15	7	100928370
MUC3A	7	100949579
MUC12	7	101013054
MUC12-AS1	7	101018311
MUC17	7	101031896
RN7SKP54	7	101058299
TRIM56	7	101085476
SERPINE1	7	101127103
AP1S1	7	101154477
MIR4653	7	101159473
VGF	7	101165569
NAT16	7	101180215
MOGAT3	7	101201026
DGAT2L7P	7	101203526
RPSAP46	7	101204495
PLOD3	7	101216842
ZNHIT1	7	101218173
CLDN15	7	101237767
FIS1	7	101245081
RNU6-1104P	7	101270041
AZGP1P2	7	101289771
LNCPRESS1	7	101299613
EMSLR	7	101308277
IFT22	7	101321790
COL26A1	7	101362842
LINC01007	7	101568973
MYL10	7	101627524
CUX1	7	101817595
SH2B2	7	102286847
MIR4285	7	102293103
PMS2P12	7	102337316
SPDYE6	7	102356444
PRKRIP1	7	102376219
MIR548O	7	102405855
ORAI2	7	102433575
ALKBH4	7	102464863
LRWD1	7	102464992
MIR5090	7	102465742
MIR4467	7	102471469
POLR2J	7	102478922
RASA4B	7	102506311
UPK3BL2	7	102543696
SPDYE2	7	102551232
POLR2J3	7	102572556
RASA4	7	102614417
UPK3BL1	7	102642801
SPDYE2B	7	102652349
POLR2J2	7	102671646
RASA4DP	7	102690469
FAM185A	7	102748999
RPL7AP39	7	102755146
RNU6-1136P	7	102834605
RN7SKP198	7	102857450
LRRC17	7	102913048
NFE4	7	102973487
FBXL13	7	103062313
ARMC10	7	103074938
CRYZP1	7	103089610
NAPEPLD	7	103149232
RPL23AP95	7	103152325
S100A11P1	7	103262000
DPY19L2P2	7	103280291
PMPCB	7	103297452
DNAJC2	7	103344644
PSMC2	7	103347651
RPS29P16	7	103348601
SLC26A5	7	103444673
SLC26A5-AS1	7	103446266
RN7SKP86	7	103484539
RELN	7	103554850
ORC5	7	104208012
LHFPL3	7	104328861
EIF4BP6	7	104667749
LHFPL3-AS1	7	104804085
RN7SL8P	7	104911928
KMT2E-AS1	7	105013042
KMT2E	7	105014206
RPL36P12	7	105244652
RWDD4P1	7	105301522
RNU6-1322P	7	105332790
SRPK2	7	105388899
PUS7	7	105522238
RINT1	7	105532191
EFCAB10-AS1	7	105571083
EFCAB10	7	105581496
YBX1P2	7	105583256
ATXN7L1	7	105691637
RPL13AP16	7	105819492
CDHR3	7	105963265
SYPL1	7	106112312
DCAF13P1	7	106125371
RNU6-392P	7	106208167
NAMPT	7	106284935
NAMPT-AS1	7	106285199
LARP1BP2	7	106315225
CCDC71L	7	106661158
LINC02577	7	106775064
RNA5SP236	7	106781715
PIK3CG	7	106865339
PRKAR2B	7	107069620
PRKAR2B-AS1	7	107094311
HBP1	7	107169546
GPR22	7	107470052
COG5	7	107556579
DUS4L-BCAP29	7	107563971
DUS4L	7	107563979
BCAP29	7	107580267
WBP1LP2	7	107628553
BANF1P5	7	107643023
SLC26A4-AS1	7	107662040
SLC26A4	7	107691918
CBLL1-AS1	7	107744091
CBLL1	7	107744142
SLC26A3	7	107803231
PIGCP2	7	107808734
DLD	7	107891174
LAMB1	7	108002140
LAMB4	7	108065858
NRCAM	7	108456393
RPL7P32	7	108510233
PNPLA8	7	108526161
THAP5	7	108569657
DNAJB9	7	108569882
LINC02903	7	108884587
BUB3P1	7	108995029
EIF3IP1	7	109960184
RPL3P8	7	109999624
LRRN3	7	111091068
IMMP2L	7	111561912
DOCK4-AS1	7	111808516
DOCK4	7	111815872
RNA5SP237	7	111953765
RPL7AP42	7	111971988
ZNF277	7	112206701
RN7SKP187	7	112288623
MTND5P8	7	112372647
MTND6P24	7	112374250
MTCYBP24	7	112374324
ZNF277-AS1	7	112392171
IFRD1	7	112450740
LSMEM1	7	112481745
NPM1P14	7	112520488
LINC03076	7	112622056
MIPEPP1	7	112738693
TMEM168	7	112790228
SAMTOR	7	112939762
GPR85	7	113086616
SMIM30	7	113118557
PPP1R3A	7	113919009
RPL36P13	7	114297429
FOXP2	7	114414544
RNA5SP238	7	114613906
MIR3666	7	114653345
MDFIC	7	114922264
LINC01393	7	115078978
RAC1P6	7	115137220
LINC01392	7	115231287
POLR2DP2	7	115503367
SNORA25B	7	115581442
TFEC	7	116030792
TES	7	116210561
CAV2	7	116289913
CAV2-DT	7	116499465
CAV1	7	116525037
COMETT	7	116659731
MET	7	116672285
CAPZA2	7	116862588
RNA5SP239	7	116944414
ST7	7	116953513
ST7-AS1	7	116954334
ST7-OT4	7	116954541
TPM3P1	7	116972911
MIR6132	7	117020211
ST7-AS2	7	117145558
MTND4P6	7	117263917
MTCYBP6	7	117264530
WNT2	7	117323078
ASZ1	7	117427504
ANKRD49P4	7	117440780
CFTR	7	117480026
CFTR-AS1	7	117564676
CTTNBP2	7	117792692
LSM8	7	118184150
ANKRD7	7	118224707
GTF3AP6	7	118881288
LINC02476	7	119907388
RNU1-29P	7	120006101
RNU6-581P	7	120672871
KCND2	7	120740844
TSPAN12	7	120858072
ING3	7	120950790
RNA5SP240	7	120981553
CPED1	7	120989051
HMGN1P18	7	121050927
RNA5SP241	7	121083813
RNU6-517P	7	121195057
WNT16	7	121327183
FAM3C	7	121396282
CYCSP19	7	121398452
RN7SKP277	7	121736443
PNPT1P2	7	121845131
PTPRZ1	7	121873357
RNU7-154P	7	122081720
AASS	7	122133801
RPL31P37	7	122234531
FEZF1-AS1	7	122305915
FEZF1	7	122307300
RPS26P31	7	122681315
RNF133	7	122699117
RNF148	7	122702917
CADPS2	7	122886460
TAS2R16	7	122995700
SLC13A1	7	123199970
LYPLA1P1	7	123230741
RNU6-296P	7	123458094
IQUB	7	123534589
NDUFA5	7	123557804
ASB15	7	123601842
ASB15-AS1	7	123624582
LMOD2	7	123655867
WASL	7	123748982
WASL-DT	7	123749148
RNU6-11P	7	123790711
HYAL6P	7	123814139
HYAL4	7	123845975
SPAM1	7	123925314
COX6A1P6	7	123932132
TMEM229A	7	124033067
SSU72L6	7	124476317
RNU6-102P	7	124647719
GPR37	7	124765792
LINC03043	7	124790689
POT1	7	124929818
POT1-AS1	7	124929927
EEF1GP1	7	125033453
LINC02830	7	125181983
RPL31P39	7	125300878
MTX2P1	7	125344969
PPIAP93	7	125345825
MIR592	7	127058184
GRM8	7	127180745
GRM8-AS1	7	127215127
PRELID3BP10	7	127295620
ZNF800	7	127392686
LINC03012	7	127476883
ARF5	7	127588411
GCC1	7	127593606
FSCN3	7	127593736
PAX4	7	127615827
SND1-DT	7	127651940
SND1	7	127652317
SND1-IT1	7	127997597
LRRC4	7	128031621
MIR593	7	128081861
MIR129-1	7	128207872
LEP	7	128241278
RBM28	7	128343878
RNU7-27P	7	128344081
PRRT4	7	128361642
IMPDH1	7	128409941
RNU7-54P	7	128443510
HILPDA	7	128455868
HILPDA-AS1	7	128459730
EFCAB3P1	7	128466563
METTL2B	7	128476757
LINC03072	7	128530451
RNU6-177P	7	128627172
CICP14	7	128658791
GARIN1A	7	128672290
IMP3P2	7	128693450
RNA5SP242	7	128697439
RNA5SP243	7	128697710
GARIN1B	7	128715389
CALU	7	128739368
RN7SL81P	7	128761338
OPN1SW	7	128775794
CCDC136	7	128791465
FLNC	7	128830408
FLNC-AS1	7	128862626
ATP6V1F	7	128862880
SPMIP1	7	128866330
KCP	7	128880513
IRF5	7	128937985
RN7SL306P	7	128970734
ODCP	7	129028889
TNPO3	7	129055084
TPI1P2	7	129056019
CYCSP20	7	129117827
TSPAN33	7	129144715
RNY1P11	7	129164849
SMO	7	129188695
AHCYL2	7	129359813
CDC26P1	7	129410370
STRIP2	7	129434443
SNRPGP3	7	129477875
RNU1-72P	7	129484504
SMKR1	7	129502661
NRF1	7	129611745
RNA5SP244	7	129756266
MIR182	7	129770492
MIR96	7	129774769
MIR183	7	129775014
UBE2H	7	129952631
UBE2H-DT	7	129953234
RNA5SP245	7	130027277
ZC3HC1	7	130051376
KLHDC10	7	130070661
LINC03008	7	130141714
TMEM209	7	130205401
SSMEM1	7	130207102
CPA2	7	130266866
CPA4	7	130293163
CPA5	7	130344847
CPA1	7	130381093
CEP41	7	130441021
MESTIT1	7	130491005
MEST	7	130492085
MIR335	7	130496111
COPG2IT1	7	130538954
RNA5SP246	7	130602913
COPG2	7	130668705
TSGA13	7	130686569
KLF14	7	130734207
H4P1	7	130823511
MIR29A	7	130876810
MIR29B1	7	130877539
LINC00513	7	130913493
RNU6-1010P	7	131054992
LINC-PINT	7	131080981
MKLN1-AS	7	131327763
MKLN1	7	131327878
RPL31P36	7	131520137
PODXL	7	131556625
EEF1B2P6	7	131662624
NDUFB9P2	7	131754252
CAPZA1P4	7	131893615
PLXNA4-AS2	7	132262490
PLXNA4-AS1	7	132352334
PLXNA4	7	132577301
MIR3654	7	133034915
CHCHD3	7	133082088
RNU6-92P	7	133082829
ST13P7	7	133170514
MIR6133	7	133290881
EXOC4	7	133479447
COX5BP3	7	133727734
RPS3AP27	7	133733595
LRGUK	7	134127349
SLC35B4	7	134316927
LINC03060	7	134432436
AKR1B1	7	134459114
AKR1B10	7	134527609
AKR1B15	7	134564704
BPGM	7	134646884
TUBB3P2	7	134735129
CALD1	7	134779652
AGBL3	7	134986539
RNF14P4	7	135128444
TMEM140	7	135148195
CYREN	7	135170668
MIR6509	7	135207078
WDR91	7	135211106
STRA8	7	135232908
SLC23A4P	7	135310621
SDHDP2	7	135444461
CNOT4	7	135510078
NUP205	7	135557936
RPL15P11	7	135660039
STMP1	7	135662505
RNU6-1154P	7	135665702
SLC13A4	7	135728186
FAM180A	7	135748712
RNU6-223P	7	135960703
MTPN	7	135977359
TRPC6P8	7	136263017
ZP3P2	7	136485656
PSMC1P3	7	136713871
CHRM2	7	136869069
MIR490	7	136903167
KRT8P51	7	136938553
PTN	7	137343627
DGKI	7	137692327
RPL6P19	7	137721985
CREB3L2-AS1	7	137953348
CREB3L2	7	138001923
AKR1D1	7	138076449
RN7SKP223	7	138091254
RCC2P3	7	138122202
MIR4468	7	138123758
PTMAP10	7	138404523
IMPDH1P3	7	138440690
TRIM24	7	138460393
RPS3AP28	7	138491361
RPL21P73	7	138646448
SVOPL	7	138664224
RPL17P27	7	138688980
UQCRFS1P2	7	138701607
ATP6V0A4	7	138792151
TMEM213	7	138798003
RNU6-1272P	7	138876465
KIAA1549	7	138981397
ZC3HAV1L	7	139036042
RPL17P28	7	139050006
ZC3HAV1	7	139109586
IFT56	7	139133772
MSL3P2	7	139174266
MZT1P2	7	139228221
UBN2	7	139231241
RNU6-206P	7	139315394
FMC1	7	139340491
FMC1-LUC7L2	7	139341360
LUC7L2	7	139359912
RNU6-911P	7	139448740
KLRG2	7	139483670
CLEC2L	7	139524082
ERHP1	7	139534240
HIPK2	7	139777762
TBXAS1	7	139803823
PARP12	7	140057309
KDM7A	7	140176996
KDM7A-DT	7	140177298
RNU6-797P	7	140209671
RNU1-58P	7	140241870
PPP1R2P6	7	140292752
RNA5SP247	7	140370441
RNA5SP248	7	140386907
SLC37A3	7	140398479
RAB19	7	140404125
MKRN1	7	140479354
DENND2A	7	140640649
RN7SL771P	7	140645829
ADCK2	7	140672955
NDUFB2	7	140696697
NDUFB2-AS1	7	140697090
RNU6-85P	7	140884072
BRAF	7	140924708
CCT4P1	7	140999800
MRPS33	7	141014949
RNU4-74P	7	141052249
TMEM178B	7	141074228
NDUFB10P2	7	141351977
AGK-DT	7	141551201
AGK	7	141551432
DENND11	7	141701890
WEE2	7	141708353
RNU1-82P	7	141727984
WEE2-AS1	7	141738220
SSBP1	7	141738391
TAS2R3	7	141764097
TAS2R4	7	141776674
TAS2R6P	7	141787815
TAS2R5	7	141790217
MTCO1P55	7	141802059
MTND2P5	7	141803487
MTND1P3	7	141804652
MYL6P4	7	141811805
PRSS37	7	141841485
OR9A3P	7	141862860
OR9A1P	7	141887148
OR9N1P	7	141911463
OR9A4	7	141917608
CLEC5A	7	141946941
TAS2R38	7	141973773
MGAM	7	141995879
MGAM2	7	142111749
MOXD2P	7	142247067
PRSS58	7	142258042
PRSS59P	7	142271301
PRSS3P3	7	142289781
TRBV1	7	142299177
TRBV2	7	142300924
TRBV3-1	7	142308542
TRBV4-1	7	142313184
TRBV5-1	7	142320677
TRBV6-1	7	142328297
TRBV7-1	7	142332182
TRBV4-2	7	142345421
TRBV6-2	7	142349152
TRBV7-2	7	142352819
TRBV8-1	7	142358639
TRBV5-2	7	142372640
TRBV6-4	7	142380806
TRBV7-3	7	142384329
TRBV8-2	7	142386378
TRBV5-3	7	142389202
TRBV9	7	142391891
TRBV10-1	7	142399860
TRBV11-1	7	142407672
TRBV12-1	7	142415224
TRBV10-2	7	142424965
TRBV11-2	7	142433895
TRBV12-2	7	142440883
TRBV6-5	7	142450947
TRBV7-4	7	142455174
TRBV5-4	7	142462916
TRBV6-6	7	142469537
TRBV7-5	7	142474096
TRBV5-5	7	142482548
TRBV6-7	7	142487863
TRBV7-6	7	142492132
TRBV5-6	7	142500028
TRBV6-8	7	142507382
TRBV7-7	7	142511626
TRBV5-7	7	142520090
TRBV7-9	7	142529290
TRBV13	7	142535809
TRBV10-3	7	142544212
TRBV11-3	7	142554836
TRBV12-3	7	142560423
TRBV12-4	7	142563740
TRBV12-5	7	142580917
TRBV14	7	142587868
TRBV15	7	142592928
TRBV16	7	142598016
TRBV17	7	142601628
TRBV18	7	142615716
TRBV19	7	142618849
TRBV20-1	7	142626649
TRBV21-1	7	142636924
TRBV22-1	7	142641746
TRBV23-1	7	142645961
TRBV24-1	7	142656701
TRBV25-1	7	142670740
TRBVA	7	142681415
TRBV26	7	142695699
TRBVB	7	142711384
TRBV27	7	142715346
TRBV28	7	142720660
PGBD4P1	7	142722358
TRBV29-1	7	142740206
PRSS1	7	142749476
PRSS3P1	7	142760415
PRSS2	7	142770968
WBP1LP1	7	142779537
TRBD1	7	142786213
TRBJ1-1	7	142786880
TRBJ1-2	7	142787017
TRBJ1-3	7	142787630
TRBJ1-4	7	142788225
TRBJ1-5	7	142788498
TRBJ1-6	7	142788988
TRBC1	7	142791694
TRBJ2-1	7	142796365
TRBJ2-2	7	142796560
TRBJ2-2P	7	142796697
TRBJ2-3	7	142796847
TRBJ2-4	7	142796998
TRBJ2-5	7	142797119
TRBJ2-6	7	142797239
TRBJ2-7	7	142797456
TRBC2	7	142801041
TRBV30	7	142813399
EPHB6	7	142855099
TRPV6	7	142877955
TRPV5	7	142933723
LLCFC1	7	142939413
KEL	7	142962253
OR9A2	7	143027132
OR9P1P	7	143047580
OR6V1	7	143052341
OR6W1P	7	143063585
PIP	7	143132077
TAS2R39	7	143183419
TAS2R40	7	143222037
GSTK1	7	143263451
TMEM139	7	143284949
TMEM139-AS1	7	143286711
CASP2	7	143288434
RN7SL535P	7	143290615
RN7SL481P	7	143298516
HINT1P1	7	143313061
CLCN1	7	143318006
FAM131B-AS1	7	143361748
FAM131B	7	143362662
FAM131B-AS2	7	143381191
ZYX	7	143381359
MIR6892	7	143382686
EPHA1	7	143403181
EPHA1-AS1	7	143410874
TAS2R62P	7	143437034
TAS2R60	7	143443453
TAS2R41	7	143477873
OR2R1P	7	143489402
OR10AC1	7	143519469
PAICSP5	7	143546735
CTAGE15	7	143571801
RNU6-162P	7	143574746
TCAF1P1	7	143598039
TCAF2C	7	143647646
TCAF2	7	143708878
RNU6-267P	7	143754730
CTAGE6	7	143757696
PAICSP6	7	143782667
TCAF2P1	7	143800732
TCAF1	7	143902162
OR2F2	7	143935233
OR2F1	7	143956987
CAPZA1P5	7	143980225
OR2Q1P	7	143980905
SLC16A1P1	7	143985142
OR6B1	7	144002124
OR2A5	7	144048948
OR2A25	7	144070313
OR2A41P	7	144077721
OR2A12	7	144090663
OR2A2	7	144109583
OR2A15P	7	144119360
OR2A14	7	144126117
OR2A13P	7	144142009
OR2A3P	7	144157226
OR2AO1P	7	144176740
CTAGE4	7	144183466
ARHGEF35	7	144195689
ARHGEF35-AS1	7	144195835
OR2A42	7	144239605
OR2A20P	7	144251603
OR2A7	7	144262257
CTAGE8	7	144269288
ARHGEF34P	7	144286966
OR2A9P	7	144299373
OR2A1	7	144312419
OR2A1-AS1	7	144355204
ARHGEF5	7	144355438
NOBOX	7	144407011
PPIAP83	7	144435314
RNU6ATAC40P	7	144451681
EEF1A1P10	7	144648575
TPK1	7	144835900
RN7SKP174	7	144850084
EI24P4	7	145005058
RPL7P59	7	145040941
DPY19L4P2	7	145583197
CNTNAP2-AS1	7	147097609
DUTP3	7	147146342
RANP2	7	147167344
MIR548F4	7	147378121
CNTNAP2	7	147639041
RNU6-1184P	7	147831770
RNA5SP249	7	147849884
RN7SL456P	7	147940007
RN7SL72P	7	148438309
RPL32P17	7	148580401
C7orf33	7	148590766
CUL1	7	148698861
RNU7-20P	7	148821012
EZH2	7	148884257
RN7SL569P	7	148890226
RNY4	7	148963315
RNY3	7	148983755
RNY1	7	148987248
GHET1	7	148987527
PDIA4	7	149028514
RNU6-650P	7	149033057
COX6B1P1	7	149053961
ZNF786	7	149090743
RN7SL521P	7	149125986
ZNF425	7	149126291
ZNF398	7	149147475
ZNF282	7	149201093
ZNF212	7	149239694
ZNF783	7	149262215
NPM1P12	7	149334024
ZNF777	7	149460583
ZNF746	7	149497760
ZNF767P	7	149624565
KRBA1	7	149714982
ZNF467	7	149773244
SSPOP	7	149776042
ZNF862	7	149849160
ATP6V0E2-AS1	7	149873548
ATP6V0E2	7	149873976
LRRC61	7	150323291
ACTR3C	7	150323529
ZBED10P	7	150329871
RARRES2	7	150341657
REPIN1	7	150368822
REPIN1-AS1	7	150369075
ZNF775	7	150379338
ZNF775-AS1	7	150383977
LINC00996	7	150433723
GIMAP8	7	150450881
STRADBP1	7	150513839
GIMAP7	7	150514872
ALDH7A1P3	7	150542098
GIMAP4	7	150567407
TRPC6P3	7	150614764
GIMAP6	7	150632257
GIMAP2	7	150685706
GIMAP1	7	150716613
GIMAP1-GIMAP5	7	150716668
GIMAP5	7	150737558
GIMAP3P	7	150747728
BET1P1	7	150749736
TMEM176A	7	150800462
TMEM176B	7	150800669
AOC1	7	150852513
KCNH2	7	150974541
NOS3	7	150997835
ATG9B	7	151023516
ABCB8	7	151028457
ASIC3	7	151048835
CDK5	7	151057894
SLC4A2	7	151062236
FASTK	7	151080808
TMUB1	7	151083144
AGAP3	7	151117754
GBX1	7	151171219
ASB10	7	151187320
IQCA1L	7	151197302
H2BK1	7	151210488
ABCF2-H2BK1	7	151227166
ABCF2	7	151227181
CHPF2	7	151232732
MIR671	7	151238421
SMARCD3	7	151248646
NUB1	7	151341814
WDR86-AS1	7	151409271
WDR86	7	151410038
MIR3907	7	151433639
CRYGN	7	151440026
RN7SL76P	7	151464938
ETF1P2	7	151501878
RHEB	7	151519668
PRKAG2	7	151785997
PRKAG2-AS2	7	151806553
PRKAG2-AS1	7	151877480
RNU6-604P	7	151900275
GALNTL5	7	151956436
GALNT11	7	152025731
YBX1P4	7	152128879
KMT2C	7	152196151
SEPTIN7P6	7	152367519
FABP5P3	7	152436906
CCT8L1P	7	152445477
LINC01003	7	152463811
RPL36AP28	7	152602892
XRCC2	7	152676144
ATP5PBP3	7	152749079
RN7SL845P	7	152757662
ACTR3B	7	152759795
LINC01287	7	153413916
PAXBP1P1	7	153449429
DPP6	7	154621766
DPP6-AS1	7	154865483
PAXIP1-AS2	7	154928504
PAXIP1	7	155002100
PAXIP1-DT	7	155003421
HTR5A	7	155071427
HTR5A-AS1	7	155071644
RN7SKP280	7	155181881
INSIG1-DT	7	155297433
INSIG1	7	155297850
BLACE	7	155367934
LINC03010	7	155382038
EN2-DT	7	155457096
EN2	7	155458129
CNPY1	7	155533862
RBM33-DT	7	155644403
RBM33	7	155690780
SHH	7	155809072
LINC00244	7	156540491
RNF32-DT	7	156640549
RNF32	7	156640774
RNF32-AS1	7	156658637
RNU4-31P	7	156872078
LMBR1	7	156893164
NOM1	7	156959996
MNX1-AS2	7	157006307
MNX1-AS1	7	157009081
MNX1	7	157009363
UBE3C	7	157138950
RPS27AP12	7	157192368
RPL36AP30	7	157263229
DNAJB6	7	157337046
MIR153-2	7	157574422
PTPRN2-AS1	7	157854568
MIR595	7	158532813
PTPRN2	7	158587773
LINC01022	7	158588342
MIR5707	7	158591616
THAP5P1	7	158623449
NCAPG2	7	158704762
RPL21P76	7	158719730
ESYT2	7	158829536
DYNC2I1	7	158856605
LINC00689	7	159012969
VIPR2	7	159144867
PIP5K1P2	7	159231435
WBP1LP3	8	155274
OR4F21	8	167024
SEPTIN14P8	8	200562
RPL23AP53	8	213707
ZNF596	8	232397
FAM87A	8	382038
FBXO25	8	407065
TDRP	8	544834
ERICH1	8	731197
DLGAP2	8	1104882
DLGAP2-AS1	8	1622341
CLN8-AS1	8	1763349
CLN8	8	1763840
MIR3674	8	1801125
MIR596	8	1817231
ARHGEF10	8	1824094
KBTBD11-OT1	8	1971316
KBTBD11	8	1973802
KBTBD11-AS1	8	1974756
MYOM2	8	2050391
MIR7160	8	2076589
LINC03021	8	2728422
CSMD1	8	3409607
RNA5SP251	8	3700492
PAICSP4	8	4787332
RN7SL318P	8	5142707
RPL23AP54	8	5476548
RN7SKP159	8	5911236
MCPH1-DT	8	6406578
MCPH1	8	6406654
ANGPT2	8	6563318
MIR8055	8	6622220
MCPH1-AS1	8	6708213
AGPAT5	8	6708660
MIR4659A	8	6745164
MIR4659B	8	6745240
XKR5	8	6835506
DEFB1	8	6877936
RPL23AP96	8	6899468
DEFA6	8	6926076
DEFA4	8	6938306
DEFA8P	8	6951599
DEFA9P	8	6960161
DEFA10P	8	6969113
DEFA1	8	6980091
DEFT1P	8	6988274
DEFA1B	8	6999199
DEFT1P2	8	7007389
DEFA3	8	7018328
DEFA11P	8	7029489
DEFA7P	8	7039439
DEFA5	8	7056739
VPS51P14	8	7082971
RPS3AP30	8	7122857
SNRPCP6	8	7143841
SNRPCP15	8	7170550
RPS3AP33	8	7191563
VPS51P8	8	7238631
OR7E125P	8	7247571
FAM90A15	8	7256904
FAM90A3	8	7264526
FAM90A4P	8	7272148
FAM90A13	8	7279770
FAM90A5	8	7287392
FAM90A20	8	7295014
DEFB109B	8	7312722
USP17L1	8	7332387
USP17L4	8	7337115
FAM66B	8	7355334
DEFB108C	8	7373114
ZNF705G	8	7385558
DEFB4B	8	7416863
HSPD1P3	8	7418991
DEFB103B	8	7430348
SPAG11B	8	7463526
DEFB104B	8	7475082
DEFB106B	8	7486400
DEFB105B	8	7487679
DEFB107B	8	7495911
PRR23D1	8	7539627
FAM90A6P	8	7552062
FAM90A7	8	7559712
FAM90A21P	8	7567360
FAM90A22	8	7575006
FAM90A23	8	7582653
OR7E157P	8	7592006
VPS51P15	8	7601004
VPS51P9	8	7697093
OR7E154P	8	7706113
FAM90A14	8	7715443
FAM90A18	8	7723091
FAM90A16	8	7730739
FAM90A8	8	7738387
FAM90A17	8	7746034
FAM90A19	8	7752626
FAM90A9	8	7761330
FAM90A10	8	7767939
PRR23D2	8	7781413
PRR23D3P	8	7795870
DEFB107A	8	7815716
DEFB105A	8	7823880
DEFB106A	8	7825139
DEFB104A	8	7836436
SPAG11A	8	7848024
DEFB103A	8	7881392
HSPD1P2	8	7892555
DEFB4A	8	7894677
ZNF705B	8	7926337
DEFB108A	8	7938770
FAM66E	8	7955074
USP17L8	8	7973253
USP17L3	8	7977985
DEFB109C	8	7997645
FAM90A11	8	8015352
FAM90A24	8	8022694
FAM90A12	8	8030646
OR7E96P	8	8039978
VPS51P16	8	8048919
MIR548I3	8	8089089
RPS3AP31	8	8095946
SNRPCP17	8	8116949
ENPP7P1	8	8154308
FAM86B3P	8	8228605
FAM85B	8	8238356
ALG1L13P	8	8241411
PRAG1	8	8386898
LINC02949	8	8424644
LINC02950	8	8461398
RN7SL178P	8	8582655
CLDN23	8	8701937
MFHAS1	8	8841083
RNU6-682P	8	8895813
RPL10P19	8	8961757
ERI1	8	9002913
MIR4660	8	9048445
RNU7-55P	8	9072516
PPP1R3B	8	9151116
PPP1R3B-DT	8	9249380
RNU6-1151P	8	9287578
RNU6-526P	8	9371195
TNKS	8	9642704
MIR597	8	9741672
MIR124-1	8	9903472
MIR124-1HG	8	9906102
MSRA-DT	8	10052005
MSRA	8	10054435
PRSS52P	8	10475045
RNU6-729P	8	10476223
LINC03022	8	10477534
PRSS51	8	10518015
PRSS55	8	10525546
MIR4286	8	10666978
C8orf74	8	10672661
RP1L1	8	10683665
RNA5SP252	8	10686569
SOX7-AS1	8	10729386
SOX7	8	10730511
MIR1322	8	10825443
PINX1	8	10839843
PINX1-DT	8	10839988
MIR598	8	11035302
RPL17P29	8	11175051
XKR6	8	11201086
RPL19P13	8	11256020
MTMR9	8	11284827
LINC00529	8	11285072
SLC35G5	8	11331012
TDH-AS1	8	11347524
TDH	8	11351882
RN7SL293P	8	11379395
FAM167A-AS1	8	11392274
RNU6-1084P	8	11392517
FAM167A	8	11466744
BLK	8	11543153
BLK-AS1	8	11560020
LINC00208	8	11576284
GATA4	8	11700216
NEIL2	8	11769718
SUB1P1	8	11790005
FDFT1	8	11802762
CTSB	8	11868060
OR7E158P	8	11920809
OR7E161P	8	11929563
DEFB136	8	11974599
DEFB135	8	11982256
DEFB134	8	11998534
DEFB131E	8	12003707
VPS51P12	8	12025598
DEFB131C	8	12049625
DEFB130B	8	12071747
RNA5SP253	8	12087445
ZNF705D	8	12089338
DEFB108D	8	12099536
FAM66D	8	12115811
USP17L7	8	12134099
USP17L2	8	12138849
DEFB109D	8	12158033
FAM90A2P	8	12175771
ALG1L11P	8	12178697
FAM86B1	8	12194073
ENPP7P12	8	12216339
DEFB131D	8	12296180
DEFB130A	8	12318316
RNA5SP254	8	12333693
ZNF705CP	8	12335586
DEFB108E	8	12345776
DEFB109A	8	12400365
FAM90A25P	8	12418090
ALG1L12P	8	12421032
FAM86B2	8	12436367
FAM66A	8	12437014
ENPP7P6	8	12511278
RPS3AP34	8	12571130
RPS3AP35	8	12629256
VPS51P19	8	12676387
OR7E8P	8	12685153
OR7E15P	8	12697273
OR7E10P	8	12704056
MIR5692A2	8	12719132
MIR3926-2	8	12727237
MIR3926-1	8	12727304
LONRF1	8	12741004
LINC00681	8	12794242
LINC03019	8	12811401
TRMT9B	8	12951569
RNU6-842P	8	13044350
DLC1	8	13276784
MTND4P7	8	13353530
RNA5SP255	8	13536029
C8orf48	8	13566869
EIF4EP5	8	14309033
RNU7-153P	8	14319455
RNU6-397P	8	14487879
MIR383	8	14853510
SGCZ	8	14896678
TUSC3	8	15540279
PPM1AP1	8	15807283
RPL32P19	8	15943127
MSR1	8	16192791
CCT3P1	8	16275681
MRPL49P2	8	16374618
RN7SL474P	8	16863496
FGF20	8	17002092
MICU3	8	17027261
ZDHHC2	8	17156491
CNOT7	8	17246529
VPS37A	8	17246951
MTMR7	8	17413307
ADAM24P	8	17469518
SLC7A2	8	17497118
SLC7A2-IT1	8	17500012
PDGFRL	8	17577186
MIR548V	8	17681657
MTUS1	8	17734247
RNA5SP256	8	17748118
MTUS1-DT	8	17803598
FGL1	8	17895490
FGL1-AS1	8	17905197
PCM1	8	17922997
ASAH1	8	18084079
ASAH1-AS1	8	18084859
ABRAXAS1P2	8	18089687
MTND4LP26	8	18201205
NAT1	8	18210109
NATP	8	18370607
NAT2	8	18391279
PSD3-AS1	8	18720905
RPL35P6	8	18774918
PSD3	8	18808876
SH2D4A	8	19314011
CSGALNACT1-AS1	8	19678539
CSGALNACT1	8	19707115
INTS10	8	19823388
LPL	8	19939222
RPL30P9	8	20113672
SLC18A1	8	20183125
ATP6V1B2	8	20197399
RNU6-892P	8	20229779
LZTS1	8	20255292
LZTS1-AS1	8	20275773
RNA5SP257	8	20290174
TMEM97P2	8	20934837
LINC03023	8	20954012
LINC02153	8	20973929
LINC03093	8	21298206
GFRA2	8	21789055
OR6R2P	8	21797460
DOK2	8	21913676
XPO7	8	21919760
NPM2	8	22024801
FGF17	8	22043694
DMTN	8	22055457
FHIP2B	8	22089205
NUDT18	8	22109419
HR	8	22128647
HRURF	8	22131010
REEP4	8	22141853
LGI3	8	22156798
SFTPC	8	22161798
BMP1	8	22165400
PHYHIP	8	22231975
MIR320A	8	22245043
POLR3D	8	22245315
PIWIL2-DT	8	22275198
PIWIL2	8	22275471
SLC39A14	8	22367632
RPL21P77	8	22390655
RNU6-336P	8	22434391
PPP3CC	8	22441098
BTF3P3	8	22492631
SORBS3	8	22564773
PDLIM2	8	22580219
C8orf58	8	22599644
CCAR2	8	22604784
BIN3	8	22669108
EGR3	8	22692717
EGR3-AS1	8	22744618
PEBP4	8	22927914
RN7SL303P	8	22977877
RHOBTB2	8	22998160
RHOBTB2-AS1	8	23019298
TNFRSF10B-AS1	8	23068397
TNFRSF10B	8	23069022
CHILL1	8	23074488
TNFRSF10C	8	23108714
TNFRSF10D	8	23163981
TNFRSF10A-AS1	8	23189279
RPL23AP55	8	23206918
TNFRSF10A	8	23225061
TNFRSF10A-DT	8	23225190
CHMP7	8	23246643
R3HCC1	8	23288124
LOXL2-AS1	8	23336189
LOXL2	8	23403863
ENTPD4	8	23457656
ENTPD4-DT	8	23458601
SLC25A37	8	23535265
RNU4-71P	8	23600138
SINHCAFP3	8	23635507
NKX3-1	8	23682913
NKX2-6	8	23706756
STC1	8	23854558
RNU1-148P	8	24077158
ADAM28	8	24311225
ADAMDEC1	8	24384487
ADAM7-AS1	8	24387324
ADAM7	8	24441055
ADAM7-AS2	8	24514888
NEFM	8	24913762
MIR6841	8	24953867
NEFL	8	24956635
DOCK5	8	25309603
MIR6876	8	25345402
GNRH1	8	25424261
KCTD9	8	25458387
CDCA2	8	25459229
EBF2	8	26045278
RNA5SP258	8	26136880
PPP2R2A	8	26293216
SDAD1P1	8	26381519
BNIP3L	8	26383287
DNAJB6P2	8	26434065
PNMA2	8	26513877
PSME2P5	8	26547669
DPYSL2	8	26598956
COX6B1P4	8	26836300
ADRA1A	8	26865072
MIR548H4	8	27048963
STMN4	8	27258406
TRIM35	8	27311238
PTK2B	8	27325552
MIR6842	8	27433370
CHRNA2	8	27479027
EPHX2	8	27491150
GULOP	8	27560274
MIR6843	8	27610751
CLU	8	27611497
SCARA3	8	27633885
RNU6-1086P	8	27679836
MIR3622A	8	27701677
MIR3622B	8	27701767
CCDC25	8	27772632
RNU6-1276P	8	27773645
ESCO2	8	27775497
PBK	8	27837815
MIR4287	8	27886116
SCARA5	8	27992656
NUGGC	8	28083850
ELP3	8	28093148
RPL5P22	8	28299683
PNOC	8	28317267
ZNF395	8	28386151
RNU6-178P	8	28416448
FBXO16-AS1	8	28447264
FBXO16	8	28490225
FZD3	8	28494214
MIR4288	8	28505182
RNA5SP259	8	28530411
EXTL3-AS1	8	28701286
EXTL3	8	28701546
INTS9-AS1	8	28798703
RPL36AP32	8	28810103
INTS9	8	28889915
HMBOX1	8	28891077
HMBOX1-IT1	8	28949676
RNA5SP260	8	29048604
HMGB1P23	8	29218905
KIF13B	8	29263081
DUSP4	8	29349744
LINC02948	8	29561340
RPL17P33	8	29632091
LINC00589	8	29694437
LINC02099	8	29748325
LINC02209	8	29921518
MIR3148	8	29957348
MAP2K1P1	8	30027713
RNU6-1218P	8	30043908
SARAF	8	30083043
LEPROTL1	8	30095425
RPS15AP24	8	30117779
MBOAT4	8	30144665
DCTN6	8	30156369
DCTN6-DT	8	30156673
HSPA8P11	8	30237382
PPIAP84	8	30350347
TUBBP1	8	30352008
RBPMS-AS1	8	30384867
RBPMS	8	30442617
SMIM18	8	30638578
RNU5A-3P	8	30643689
GTF2E2	8	30658122
GSR	8	30727837
UBXN8	8	30744167
HIKESHIP3	8	30754539
PPP2CB	8	30812486
TEX15	8	30889656
PURG	8	31033535
WRN	8	31033821
SUMO2P16	8	31131802
KCTD9P6	8	31220984
RNA5SP261	8	31598204
NRG1-IT1	8	32026207
RNA5SP262	8	32192153
RNA5SP263	8	32256496
NRG1-IT3	8	32440725
NRG1	8	32548327
RNU6-663P	8	32911598
MTND1P6	8	33014081
MTND2P32	8	33015261
RANP9	8	33039523
RNU6-528P	8	33338867
FUT10	8	33473091
MAK16	8	33485183
TTI2	8	33513114
SNORD13	8	33513475
RPL10P18	8	33540185
RNF122	8	33567128
RN7SL621P	8	33580508
DUSP26	8	33599963
BUD31P1	8	33641939
RN7SL457P	8	33715784
VENTXP5	8	33723079
RPL6P22	8	33860223
RPL10AP3	8	34323642
LINC01288	8	34784811
RPL21P80	8	34874159
UNC5D	8	35390083
LSM12P1	8	35525763
MTCYBP19	8	36278886
MTND6P19	8	36278960
MTND5P41	8	36279696
RNU6-533P	8	36309690
RPL23P10	8	36581591
RNA5SP264	8	36764445
KCNU1	8	36784383
TPT1P8	8	36888479
SMARCE1P4	8	37095150
LINC01605	8	37546222
RNU6-607P	8	37668898
ZNF703	8	37695782
ERLIN2	8	37736700
PLPBP	8	37762626
ADGRA2	8	37796886
BRF2	8	37849850
RAB11FIP1	8	37899467
RN7SL709P	8	37908738
GOT1L1	8	37940103
ADRB3	8	37966598
RPL12P48	8	37983070
EIF4EBP1	8	38030534
ASH2L	8	38105545
RNU6-988P	8	38122374
STAR	8	38150954
RNU6-323P	8	38166118
LSM1	8	38176496
BAG4	8	38176853
DDHD2	8	38231740
PLPP5	8	38269177
NSD3	8	38381846
LETM2	8	38386523
RPS20P22	8	38434743
FGFR1	8	38466650
LINC03042	8	38528850
RNF5P1	8	38601200
TACC1	8	38771106
PLEKHA2	8	38901681
HTRA4	8	38974228
TM2D2	8	38996503
ADAM9	8	38996949
SNORD38D	8	39018683
ADAM32	8	39107596
RPL3P10	8	39158701
ADAM5	8	39314591
ADAM3A	8	39522835
ADAM18	8	39584604
ADAM2	8	39838209
RPL7AP80	8	39860219
IDO1	8	39913869
IDO2	8	39941853
TCIM	8	40153482
LINC02866	8	40157935
SIRLNT	8	40343446
ZMAT4	8	40893176
RNU6-356P	8	41032892
MIR548AO	8	41271143
RPS29P2	8	41271431
RNU6-895P	8	41298163
SFRP1	8	41309473
SNORD65B	8	41426655
GOLGA7	8	41490586
KRT18P37	8	41511240
GINS4	8	41529237
GPAT4	8	41578232
GPAT4-AS1	8	41578421
NKX6-3	8	41649088
MIR486-2	8	41660444
MIR486-1	8	41660508
ANK1	8	41697846
RN7SL149P	8	41840339
KAT6A	8	42014737
RPL17P30	8	42101318
AP3M2	8	42153114
PLAT	8	42200408
IKBKB-DT	8	42270978
IKBKB	8	42271472
RPL5P23	8	42342634
POLB	8	42344960
DKK4	8	42377229
VDAC3	8	42391888
SLC20A2	8	42541495
SMIM19	8	42541656
CHRNB3	8	42697371
RPL7L1P17	8	42726228
CHRNA6	8	42768648
THAP1	8	42843307
RN7SL806P	8	42881236
MIR4469	8	42896275
RNF170	8	42896624
HOOK3	8	42896978
FNTA	8	43056334
RNU1-124P	8	43073474
POMK	8	43096042
HGSNAT	8	43140497
VN1R46P	8	43220809
AFG3L2P1	8	43271960
POTEA	8	43292483
RNU6-104P	8	43303376
SNX18P27	8	43513643
CYP4F44P	8	43539973
HSPA8P13	8	46549089
ASNSP1	8	46614523
ASNSP4	8	46697630
TRIM60P15	8	46792065
MTND2P38	8	46827894
MTND1P7	8	46828413
RNU6-656P	8	46831050
MTCYBP20	8	46838706
MTND6P20	8	46838788
LINC00293	8	46840861
MAPK6P4	8	46974617
RN7SKP32	8	47068323
RNU6-819P	8	47131887
RPL10AP2	8	47157118
NDUFA5P12	8	47164870
ATP6V1G1P2	8	47194347
IGLV8OR8-1	8	47202897
SPIDR	8	47268899
RNU6-665P	8	47667771
CEBPD	8	47738164
PRKDC	8	47845820
MCM4	8	47961004
RNU6-519P	8	47979414
UBE2V2	8	48008442
IDI1P2	8	48294694
RNU6-295P	8	48308030
RNA5SP531	8	48316669
RPL29P19	8	48384590
LINC02947	8	48518088
LINC02599	8	48590379
LINC03054	8	48620251
LINC02847	8	48621078
CLXN	8	48735268
SNAI2	8	48921440
PPDPFL	8	49072344
RN7SKP294	8	49330210
RFPL4AP7	8	49352844
PSAT1P1	8	49741321
SNTG1	8	49911838
CYCSP22	8	50762798
BRIX1P1	8	51435602
BTF3P1	8	51722164
PXDNL	8	51809421
PCMTD1	8	51899081
PCMTD1-DT	8	51899315
RPL34P17	8	52313500
ST18	8	52409753
ALKAL1	8	52565419
RB1CC1	8	52714431
NPBWR1	8	52939182
OPRK1	8	53251514
LINC02984	8	53483841
RPL21P79	8	53532908
MAPK6P1	8	53537060
ATP6V1H	8	53843043
RGS20	8	53880000
RPS27AP13	8	53887244
RNU6-1331P	8	53914719
TCEA1	8	54022298
CRIPTOP5	8	54073114
LYPLA1	8	54101858
MRPL15	8	54135241
RNU6ATAC32P	8	54152882
RNU105C	8	54330687
RN7SL250P	8	54420468
SOX17	8	54457935
TRMT112P7	8	54479963
SEC11B	8	54523297
RP1	8	54558964
RPL7L1P18	8	54696398
XKR4	8	55314107
SBF1P1	8	55455139
XKR4-AS1	8	55521055
RNA5SP265	8	55745232
TMEM68	8	55773304
TGS1	8	55773464
SNORA1B	8	55902855
LYN	8	55939650
RN7SL798P	8	55980540
RN7SL323P	8	56022313
SNORD54	8	56073901
RPS20	8	56074502
CERNA3	8	56074610
NPM1P21	8	56102267
MOS	8	56113982
PLAG1	8	56211310
CHCHD7	8	56211809
SDR16C5	8	56320151
SDR16C6P	8	56395365
PENK	8	56446641
PENK-AS1	8	56477489
SEPTIN10P1	8	56477987
LINC00968	8	56559551
RPL37P6	8	56588407
RNU6-13P	8	56917084
BPNT2	8	56993837
RNA5SP266	8	57126762
LINC01606	8	57193587
LINC00588	8	57280218
RNU6-596P	8	57289552
RPL30P10	8	57392546
LINC03018	8	57746126
LINC01602	8	57855463
FAM110B	8	57994579
RPL26P26	8	58113622
LINC03133	8	58272103
UBXN2B	8	58411366
PTPN11P2	8	58426685
CYP7A1	8	58500163
PPIAP85	8	58503588
SDCBP	8	58553255
NSMAF	8	58659638
RNU4-50P	8	58814552
TOX-DT	8	59119227
TOX	8	59119230
RNA5SP267	8	59455885
SLC2A13P1	8	60141821
CA8	8	60281391
PDCL3P1	8	60387262
LINC01301	8	60413818
RAB2A	8	60517224
CHD7	8	60743032
IFITM3P8	8	60906059
NASPP1	8	60939871
NPM1P6	8	61202350
CLVS1	8	61287980
KRT8P3	8	61578220
RN7SKP97	8	61632012
ASPH	8	61714549
MIR4470	8	61714788
LINC02842	8	61825321
C1GALT1P3	8	61910802
NARS1P2	8	62110524
NKAIN3	8	62248952
XRCC6P4	8	62857134
SRPK2P	8	62864181
GGH	8	63038802
TTPA	8	63086104
TARDBPP4	8	63138084
YTHDF3	8	63168658
YTHDF3-DT	8	63169063
RN7SL135P	8	63234911
IFITM8P	8	63409064
RN7SKP135	8	63609600
LINC01289	8	63769429
LINC01414	8	64320497
COX6CP8	8	64331927
MIR124-2HG	8	64373862
MIR124-2	8	64379149
BHLHE22	8	64580365
BHLHE22-AS1	8	64581811
CYP7B1	8	64798737
RPL31P41	8	65155407
LINC00251	8	65182245
PPIAP86	8	65377592
LINC01299	8	65562781
ARMC1	8	65634174
MTFR1	8	65653948
PDE7A	8	65842021
PDE7A-DT	8	65842354
DNAJC5B	8	66021614
TRIM55	8	66127129
CRH	8	66178355
LINC00967	8	66192089
RRS1	8	66429014
RRS1-DT	8	66429289
ADHFE1	8	66432500
VXN	8	66493566
RNU6-1324P	8	66501311
MYBL1	8	66613265
VCPIP1	8	66667231
C8orf44-SGK3	8	66667606
C8orf44	8	66667635
PTTG3P	8	66768005
SGK3	8	66775185
MCMDC2	8	66870789
SNORD87	8	66922555
SNHG6	8	66925612
TCF24	8	66962340
PPP1R42	8	67017941
COPS5	8	67062323
CSPP1	8	67073591
RNA5SP268	8	67099302
ARFGEF1	8	67307616
ARFGEF1-DT	8	67343949
RPL17P31	8	67406515
NACAP10	8	67569416
CPA6	8	67746351
NDUFS5P6	8	67849044
PREX2	8	67952428
RPL31P40	8	68293818
C8orf34	8	68331182
C8orf34-AS1	8	68331478
RPS15AP25	8	68525906
RNA5SP269	8	68695643
LINC01592	8	69001536
RNU7-102P	8	69110574
TPM4P3	8	69129598
LINC01603	8	69448311
SULF1	8	69563442
RN7SKP29	8	69700224
TMX1P2	8	69794062
SLCO5A1-AS1	8	69834098
SLCO5A1	8	69834225
RN7SL675P	8	69923047
RNA5SP270	8	69929905
SDCBPP2	8	69942948
SUMO2P20	8	69987697
PRDM14	8	70071495
RNU1-101P	8	70078032
H2AZP2	8	70104179
BTF3P12	8	70273369
RNY3P14	8	70357347
NCOA2	8	70402271
LINC03020	8	70471120
RN7SL203P	8	70480487
TRAM1	8	70608363
LACTB2-AS1	8	70608612
RN7SL19P	8	70654883
LACTB2	8	70669174
XKR9	8	70669377
EYA1	8	71362069
TRAPPC2P2	8	71449219
MSC	8	71843912
MSC-AS1	8	71844210
RPS20P20	8	71895991
TRPA1	8	72055539
TRPA2P	8	72251565
RNA5SP271	8	72357728
KCNB2	8	72537225
HAUS1P3	8	72619383
KCNB2-AS1	8	72881740
TERF1	8	73008864
RNU6-285P	8	73019044
SBSPON	8	73093172
C8orf89	8	73259516
PRXL2AP2	8	73278046
RPL7	8	73293632
RDH10	8	73295677
RDH10-AS1	8	73362341
STAU2-AS1	8	73420039
VENTXP6	8	73651289
STAU2	8	73746883
RN7SL760P	8	73834042
UBE2W	8	73878857
GYG1P1	8	73915010
ELOC	8	73972050
TMEM70	8	73976201
RPS20P21	8	73982125
DSTNP3	8	73984493
LY96	8	73991407
RNU6-1300P	8	74048677
RPS3AP32	8	74055882
RNU6-1197P	8	74079537
JPH1	8	74321541
GDAP1	8	74350403
MIR5681A	8	74548543
MIR5681B	8	74548609
MIR2052HG	8	74599839
PCBP2P2	8	74604244
LINC03071	8	74633344
MIR2052	8	74705693
PI15	8	74824660
CRISPLD1	8	74984627
LINC02886	8	75176656
CASC9	8	75301697
HIGD1AP6	8	75302296
PKMP4	8	75376709
HNF4G	8	75408036
RNU2-54P	8	76265732
LINC01111	8	76406654
MRPL9P1	8	76603852
ZFHX4-AS1	8	76683296
ZFHX4	8	76693433
MIR3149	8	76966850
PEX2	8	77000112
HIGD1AP18	8	77014028
RNU6-1220P	8	78398622
PKIA-AS1	8	78508485
PKIA	8	78516353
ZC2HC1A	8	78666062
C4orf46P3	8	78724136
THAP12P7	8	78762431
IL7	8	78805120
MITA1	8	78805179
LINC02605	8	78835307
RPL3P9	8	79572335
STMN2	8	79611141
HEY1	8	79767691
LINC01607	8	79768172
RNU7-85P	8	79800195
MRPS28	8	80030254
TPD52	8	80171200
RN7SL41P	8	80204606
MIR5708	8	80241389
RPL13AP18	8	80266155
RNU6-1213P	8	80405516
ZBTB10	8	80485667
LINC02986	8	80541300
RPSAP47	8	80558870
RNU7-174P	8	80560567
RNU2-71P	8	80585773
SLC25A51P3	8	80595703
RN7SL107P	8	80613826
CKS1BP7	8	80645173
ZNF704	8	80743799
RNU11-6P	8	80749693
RN7SL308P	8	80776962
HMGB1P41	8	80812581
PAG1	8	81112048
UBE2HP1	8	81254870
FABP5	8	81280867
LNMICC	8	81281421
PMP2	8	81447478
FABP9	8	81461579
FABP4	8	81483236
FTH1P11	8	81522232
FABP12	8	81533222
NIPA2P4	8	81618560
IMPA1P1	8	81626949
RPS26P34	8	81627269
SLC10A5P1	8	81635662
IMPA1	8	81686301
SLC10A5	8	81695058
ZFAND1	8	81721289
CHMP4C	8	81732448
HNRNPA1P36	8	81807772
SNX16	8	81842184
LINC02235	8	81842665
LINC02839	8	82160562
HNRNPA1P4	8	82292379
DPPA3P9	8	82979411
LINC01419	8	83403739
TPM3P3	8	84162118
RALYL	8	84184550
RNU6-1040P	8	84665865
PSMC2P2	8	84678798
ACTBP6	8	84948585
JCHAINP1	8	84980547
LRRCC1	8	85107210
E2F5-DT	8	85107890
E2F5	8	85182648
RBIS	8	85220384
CA13	8	85220927
CA1	8	85342825
CA3	8	85438858
CA2	8	85464006
CA3-AS1	8	85464010
REXO1L8P	8	85646325
REXO1L3P	8	85658514
REXO1L1P	8	85663497
REXO1L12P	8	85714922
REXO1L11P	8	85733419
REXO1L10P	8	85748373
REXO1L9P	8	85766931
REXO1L2P	8	85779090
REXO1L4P	8	85806435
REXO1L5P	8	85818783
REXO1L6P	8	85828467
LINC02849	8	85861624
RPL36AP31	8	86016819
RPL32P4	8	86043102
PSKH2	8	86084852
ATP6V0D2	8	86098837
SLC7A13	8	86230381
WWP1	8	86342738
WWP1-AS1	8	86343338
NTAN1P2	8	86483002
SLC2A3P4	8	86503591
RMDN1	8	86508659
CPNE3	8	86514544
MIOXP1	8	86594589
GOLGA2P1	8	86660293
UBE2Q2P10	8	86661922
CNGB3	8	86718839
CNGB3-AS1	8	86735158
CNBD1	8	86955467
VTA1P2	8	87576508
IARS2P1	8	87601634
SOX5P1	8	87789688
DCAF4L2	8	87874015
MMP16	8	88327369
RNA5SP272	8	88396547
RLIG1P3	8	88485110
RPSAP74	8	89243793
KRT8P4	8	89415071
PARAIL	8	89757396
RIPK2	8	89757811
COX6B1P6	8	89823802
RNU6-925P	8	89900824
OSGIN2	8	89902570
NBN	8	89984656
DECR1	8	90001475
CALB1	8	90082583
LINC00534	8	90221511
RNA5SP273	8	90511128
LINC01030	8	90606065
TMEM64	8	90677835
NECAB1	8	90791820
C8orf88	8	90985222
PIP4P2	8	91040860
OTUD6B-AS1	8	91070152
OTUD6B	8	91070325
LRRC69	8	91102683
CPP	8	91157285
MIR4661	8	91205485
SLC26A7	8	91238663
RN7SKP231	8	91594965
PRR13P7	8	91910167
MRPS16P1	8	91917507
RUNX1T1	8	92095261
TRIQK	8	92966114
IRF5P1	8	92972575
MIR8084	8	93029751
LINC02906	8	93157649
RNA5SP274	8	93441277
CIBAR1-DT	8	93495586
ZNF317P1	8	93646066
CIBAR1	8	93700576
RBM12B-AS1	8	93740121
RBM12B	8	93740988
RBM12B-DT	8	93741133
TMEM67	8	93754912
MYL12AP1	8	93849561
MIR378D2	8	93916119
MIR378D2HG	8	93916682
PDP1	8	93917051
PSMA2P2	8	93942877
RPL34P18	8	93957691
RPL6P23	8	94203052
CDH17	8	94208559
GEM	8	94262225
RPS4XP10	8	94352923
FSBP	8	94436948
RAD54B	8	94475085
VIRMA	8	94535101
VIRMA-DT	8	94553709
LINC02894	8	94639469
ESRP1	8	94641199
DPY19L4	8	94719900
INTS8	8	94828992
CCNE2	8	94895227
TP53INP1	8	94949378
NDUFAF6	8	94950225
RNU6-1209P	8	95055214
MIR3150A	8	95072914
MIR3150B	8	95072996
MIR3150BHG	8	95073182
PLEKHF2	8	95133797
LINC01298	8	95216517
CFAP418-AS1	8	95268831
CFAP418	8	95269201
RNU6-690P	8	95599114
SRSF3P2	8	95948233
GAPDHP30	8	96069681
GDF6	8	96160806
UQCRB-AS1	8	96235464
UQCRB	8	96235544
MTERF3	8	96261603
PTDSS1	8	96261967
RNU6-1172P	8	96431160
SDC2	8	96494008
CPQ	8	96645375
TSPYL5	8	97277928
SNORD3H	8	97358265
MTDH	8	97644195
LAPTM4B	8	97775809
TMEM69P1	8	97853253
SUMO2P18	8	97858947
RPS23P1	8	97865054
MATN2	8	97869110
RPL30-AS1	8	98041726
SNORA72	8	98042217
RPL30	8	98045550
RNU6-703P	8	98048856
ERICH5	8	98064535
RIDA	8	98117136
POP1	8	98117317
RNU6-914P	8	98192313
NIPAL2	8	98294110
KCNS2	8	98427244
RNU6-748P	8	98463050
ATP5PFP3	8	98633547
STK3	8	98738685
RPL19P14	8	98782055
MRPL57P7	8	98906517
RN7SKP85	8	98921550
OSR2	8	98944457
VPS13B-DT	8	99013025
VPS13B	8	99013309
MSL3P3	8	99341761
MIR599	8	99536730
MIR875	8	99536861
RN7SL350P	8	99614081
COX6C	8	99893647
SNORD77B	8	100004583
RGS22	8	100105622
FBXO43	8	100145800
POLR2K	8	100150636
SPAG1	8	100158190
UFM1P3	8	100165478
RNF19A	8	100309718
MIR4471	8	100382763
GAPDHP62	8	100551713
ANKRD46	8	100559712
SNX31	8	100649656
RNU6-1092P	8	100683488
MIR7705	8	100703024
PABPC1	8	100721758
RNU6ATAC41P	8	100739927
RPS20P23	8	100776865
RNU4-83P	8	100831860
RPS26P6	8	100895771
YWHAZ	8	100951950
RN7SL685P	8	100957883
SLEAR	8	101052015
LINC03090	8	101126195
LINC03044	8	101126253
RN7SKP249	8	101137959
ZNNT1	8	101169629
ZNF706	8	101205461
RNU7-67P	8	101307367
LINC02844	8	101332011
DUXAP2	8	101367005
NACA4P	8	101368910
LINC02845	8	101393230
RN7SL563P	8	101397933
GRHL2	8	101492748
PDCL3P2	8	101872549
NCALD	8	102003506
MIR5680	8	102125432
RRM2B	8	102238904
UBR5-DT	8	102239530
SUMO2P19	8	102242619
UBR5	8	102361209
RNU6ATAC8P	8	102421197
HSPE1P14	8	102451763
RPS12P15	8	102503753
LINC03047	8	102532310
RNU6-1224P	8	102533339
ODF1	8	102556025
POU5F1P2	8	102622331
KLF10	8	102655726
ADI1P2	8	102688906
GASAL1	8	102807248
AZIN1-AS2	8	102854455
AZIN1	8	102864145
MAILR	8	102898711
RPL5P24	8	102924255
NPM1P52	8	103016744
ATP6V1C1	8	103021105
MTND1P5	8	103085651
MTCO1P4	8	103088796
MTCO2P4	8	103091263
LINC01181	8	103121032
BAALC	8	103140898
BAALC-AS2	8	103141554
MIR3151	8	103154614
BAALC-AS1	8	103246861
FZD6	8	103298876
CTHRC1	8	103371565
LINC02933	8	103383854
RNU6-1011P	8	103384961
SLC25A32	8	103415107
DCAF13	8	103415385
PTMAP15	8	103559389
RIMS2	8	103819167
DCSTAMP	8	104339826
DPYS	8	104467051
MIR548A3	8	104484465
NDUFA5P2	8	104566086
LRP12	8	104588995
RPL29P18	8	105011107
LINC03084	8	105188606
TMCC1P1	8	105196969
ZFPM2	8	105358478
RPL12P24	8	105737765
ZFPM2-AS1	8	106060471
SLC16A14P1	8	106215763
OXR1	8	106618126
OXR1-AS1	8	106657550
TAGLN2P1	8	106698013
RNU7-84P	8	106729856
ABRA	8	106770244
HMGB1P46	8	107173809
ANGPT1	8	107415758
PGAM1P13	8	107647279
RNA5SP275	8	107884494
NRBF2P4	8	107983116
RSPO2	8	108083200
AURKBP1	8	108132114
EIF3E	8	108248724
RPS17P14	8	108379545
EMC2	8	108443635
TRMT10BP1	8	108652373
TMEM74	8	108787594
TRHR	8	109087004
NUDCD1	8	109334088
ENY2	8	109334350
MAPK6P5	8	109470131
PKHD1L1	8	109488890
EBAG9	8	109540114
SYBU-AS1	8	109644115
SYBU	8	109648746
KCNV1	8	109975250
RPSAP48	8	110105964
NDUFB9P3	8	110809894
MTCO1P47	8	110934533
LINC01608	8	111027468
EEF1A1P37	8	111225585
LINC01609	8	111236198
SERPINA15P	8	111380603
LINC02237	8	111579212
H2AZP7	8	111621797
RNU4-37P	8	112148825
RPL30P16	8	112538889
MIR2053	8	112643493
CSMD3	8	113173900
CARS1P2	8	114791929
TRPS1-AS1	8	115509602
TRPS1	8	115668294
RNA5SP276	8	116022779
LINC00536	8	116385249
EIF3H	8	116755822
UTP23	8	116766540
RAD21	8	116874406
RAD21-AS1	8	116874424
MIR3610	8	116874800
AARD	8	116938376
RN7SL228P	8	117017946
SLC30A8	8	117134808
RN7SL826P	8	117163968
MED30	8	117520743
RPS10P16	8	117524061
EXT1	8	118110414
SAMD12-AS1	8	118621474
SAMD12	8	118621938
RPS26P35	8	118762201
TNFRSF11B	8	118951884
RNU6-12P	8	118976513
COLEC10	8	119067247
MAL2	8	119208366
MAL2-AS1	8	119246839
MIR548AZ	8	119325171
CCN3	8	119416448
CYCSP23	8	119618474
ENPP2	8	119638830
RN7SKP153	8	119712145
TAF2	8	119832832
DSCC1	8	119855887
RN7SL396P	8	119862662
DEPTOR	8	119873733
DEPTOR-AS1	8	119874485
RNA5SP277	8	119891229
COL14A1	8	120125140
MRPL13	8	120445095
MTBP	8	120445438
NCAPGP1	8	120638204
SNTB1-AS2	8	120761253
SNTB1	8	120812057
SNTB1-AS1	8	120812219
RPL35AP19	8	121380465
HAS2	8	121641440
HAS2-AS1	8	121660989
LINC02855	8	121697569
MRPS36P3	8	122091480
SMILR	8	122428551
LINC01151	8	122694106
CDK5P1	8	122769274
ZHX2-AS1	8	122781085
ZHX2	8	122781870
DERL1	8	123042251
TBC1D31	8	123072756
HMGB1P19	8	123123106
FAM83A	8	123180876
FAM83A-AS2	8	123182788
FAM83A-AS1	8	123202436
MIR4663	8	123215863
UBA52P5	8	123236852
C8orf76	8	123241355
RNU6-628P	8	123262843
ZHX1-C8orf76	8	123270835
ZHX1	8	123274282
RNU6-875P	8	123342414
MIR548AA1	8	123348034
MIR548D1	8	123348130
DUTP2	8	123352181
ATAD2	8	123396412
IMPDH1P6	8	123400582
NTAQ1	8	123416783
FBXO32	8	123541189
RN7SKP155	8	123588759
KLHL38	8	123653375
ANXA13	8	123737390
FAM91A1	8	123768467
FER1L6	8	123851987
FER1L6-AS1	8	124040782
ARF1P3	8	124151923
FER1L6-AS2	8	124171522
RNU6-756P	8	124260646
TMEM65	8	124362098
TRMT12	8	124450868
RNF139-DT	8	124474575
RNF139	8	124474880
MIR6844	8	124508576
TATDN1	8	124539074
NDUFB9	8	124539162
MTSS1	8	124646496
MIR4662A	8	124821985
MIR4662B	8	124822058
MRS2P1	8	124920428
LINC00964	8	124940946
ZNF572	8	124973295
SQLE-DT	8	124998286
SQLE	8	124998535
WASHC5-AS1	8	125040684
WASHC5	8	125091749
NSMCE2	8	125091867
RN7SL329P	8	125270604
TRIB1	8	125432534
TRIB1AL	8	125501491
LINC02964	8	125767582
RNU6-442P	8	125900951
LINC00861	8	125951229
SOD1P3	8	125952314
KNOP1P5	8	126072587
RFPL4AP5	8	126175014
RNU6-869P	8	126504763
LRATD2	8	126557952
RNU11-4P	8	126671522
PCAT1	8	126847052
PRNCR1	8	127079874
CASC19	8	127218842
CASC8	8	127332237
CCAT2	8	127400399
POU5F1B	8	127409026
CASC11	8	127735892
MYC	8	127736225
MIR1204	8	127795962
PVT1	8	127860144
LINC02912	8	127948723
MIR1205	8	127960633
RNVU1-32	8	127999131
MIR1206	8	128008898
RNU4-25P	8	128010611
MIR1207	8	128049152
MIR1208	8	128150116
RN7SKP226	8	128220504
LINC00824	8	128564595
RN7SKP206	8	129290983
MIR3686	8	129484142
CCDC26	8	129574938
MTRF1LP2	8	129728744
GSDMC	8	129752886
RPL15P12	8	129864478
RNU7-181P	8	130004601
MIR5194	8	130008453
CYRIB	8	130016463
RNU6-1255P	8	130069652
ASAP1-IT2	8	130084768
ASAP1	8	130394396
ADCY8	8	131040909
IADEN	8	131310461
EFR3A	8	131921230
OC90	8	132059382
HHLA1	8	132111157
KCNQ3	8	132480309
HPYR1	8	132563362
DNAAF11	8	132675551
TMEM71	8	132760578
PHF20L1	8	132775398
TG	8	132969486
RPL21P78	8	133003075
MIR7848	8	133046581
PTCSC1	8	133054959
SLA	8	133076246
CCN4	8	133191076
NDRG1	8	133264992
RPL32P20	8	133325997
DPPA3P7	8	133392690
ST13P6	8	133408006
ST3GAL1	8	133570519
ST3GAL1-DT	8	133572163
LINC03024	8	133684139
MTND2P7	8	133754811
MTCO1P49	8	133755845
ZFAT-AS1	8	134598071
ZFAT	8	134696555
MIR30B	8	134800607
MIR30D	8	134804945
RPL23AP56	8	134979279
LINC01591	8	135234237
KHDRBS3	8	135542688
MAPRE1P1	8	135625981
RNU1-35P	8	135742495
LINC02055	8	136519867
RNU6-144P	8	137105352
ZYXP1	8	137425021
FAM135B	8	138477421
COL22A1	8	138828105
KCNK9	8	139702956
C8orf17	8	139931172
PEG13	8	140100548
TRAPPC9	8	140443063
CHRAC1	8	140511659
AGO2	8	140556238
ERICD	8	140636281
MIR151A	8	140732653
RNA5SP278	8	140940562
PTK2	8	140954835
DENND3-AS1	8	141128313
DENND3	8	141149904
SLC45A4-AS1	8	141254565
SLC45A4-AS2	8	141278228
SLC45A4	8	141308287
LINC01300	8	141340540
GPR20	8	141367286
ASTILCS	8	141392236
PTP4A3	8	141416106
HNRNPA1P38	8	141459075
MROH5	8	141501994
C8orf90	8	141514654
MIR1302-7	8	141786313
DNAJC8P3	8	141968841
MIR4472-1	8	142176339
LINC00051	8	142198338
RN7SL260P	8	142247866
TSNARE1	8	142403142
ADGRB1	8	142449679
MROH4P	8	142577881
ARC	8	142613590
JRK	8	142669988
PSCA	8	142677376
LY6K	8	142700114
LNCOC1	8	142726996
THEM6	8	142727251
SLURP1	8	142742406
LYPD2	8	142752532
SLURP2	8	142769806
LYNX1-SLURP2	8	142777122
LYNX1	8	142777569
LY6D	8	142786416
GML	8	142834524
ZNHIT1P1	8	142858354
CYP11B1	8	142879827
CYP11B2	8	142917846
CDC42P3	8	142995850
LY6E-DT	8	143018409
LY6E	8	143018543
LY6S-AS1	8	143039267
LY6S	8	143046992
AK3P2	8	143057816
LY6L	8	143080630
LY6H	8	143160321
GPIHBP1	8	143213203
ZFP41	8	143246939
GLI4	8	143267476
MINCR	8	143281687
ZNF696	8	143291403
TOP1MT	8	143334871
RNU6-220P	8	143350172
RHPN1-AS1	8	143368637
RHPN1	8	143368842
MAFA-AS1	8	143408198
MAFA	8	143430315
ZC3H3	8	143541447
RN7SKP175	8	143542110
GSDMD	8	143558342
MROH6	8	143568854
NAPRT	8	143578339
EEF1D	8	143597372
TIGD5	8	143597831
PYCR3	8	143609572
GFUS	8	143617504
ZNF623	8	143636074
ZNF707	8	143684487
LINC02878	8	143696154
CCDC166	8	143708109
MAPK15	8	143716340
MIR4664	8	143733153
FAM83H	8	143733463
IQANK1	8	143739396
MIR937	8	143813042
SCRIB	8	143814968
PUF60	8	143829303
MIR6845	8	143837816
NRBP2	8	143840121
EPPK1	8	143875866
MIR661	8	143945279
PLEC	8	143948711
PARP10	8	143987177
GRINA	8	143990101
SPATC1	8	144012353
SMPD5	8	144049079
MIR6846	8	144057380
OPLAH	8	144063437
EXOSC4	8	144078648
MIR6847	8	144079874
GPAA1	8	144082654
CYC1	8	144095076
SHARPIN	8	144104197
MAF1	8	144104488
WDR97	8	144109699
HGH1	8	144137836
TSSK5P	8	144143664
MROH1	8	144148041
MIR7112	8	144262737
SCX	8	144266453
BOP1	8	144291403
HSF1	8	144291645
MIR6848	8	144317315
DGAT1	8	144326695
SCRT1	8	144336482
TMEM249	8	144354922
FBXL6	8	144358475
SLC52A2	8	144358590
ADCK5	8	144374044
MIR939	8	144394230
MIR1234	8	144400165
MIR6849	8	144400345
CPSF1	8	144409308
SLC39A4	8	144413591
VPS28	8	144428524
MIR6893	8	144435619
TONSL-AS1	8	144437675
TONSL	8	144444462
ZFTRAF1	8	144462415
TMEM276-ZFTRAF1	8	144465232
TMEM276	8	144465490
KIFC2	8	144466355
FOXH1	8	144475852
PPP1R16A	8	144478101
GPT	8	144503727
MFSD3	8	144509080
RECQL4	8	144517572
LRRC14	8	144518022
LRRC24	8	144527032
C8orf82	8	144529092
ARHGAP39	8	144685839
ZNF251	8	144755485
RN7SL395P	8	144785298
ZNF34	8	144787312
MIR6850	8	144791991
RPL8	8	144792268
ZNF517	8	144798913
ZNF7	8	144827580
COMMD5	8	144853035
ZNF250	8	144901438
ZNF16	8	144950654
TMED10P1	8	144994886
ZNF252P	8	145002904
ZNF252P-AS1	8	145002968
C8orf33	8	145052466
DDX11L5	9	12134
MIR1302-9HG	9	29229
WASHC1	9	29587
MIR1302-9	9	30144
FAM138C	9	36015
PGM5P3-AS1	9	72670
LINC01388	9	113327
FOXD4	9	118417
ZNG1A	9	179013
DOCK8-AS1	9	215817
DOCK8	9	273068
DOCK8-AS2	9	467277
RPL12P25	9	477856
KANK1	9	547174
RNU6-1327P	9	558826
EIF1P1	9	659986
KANK1-AS1	9	681591
DMRT1	9	841697
DMRT3	9	976655
RNU6-1073P	9	1001963
H3P29	9	1011085
LINC-ADAIN	9	1045625
DMRT2	9	1050354
RPS27AP14	9	1164867
RNA5SP279	9	1333837
SMARCA2-AS1	9	2046023
SMARCA2	9	2075225
RNU2-25P	9	2162953
RN7SL592P	9	2229241
VLDLR-AS1	9	2565169
VLDLR	9	2622205
KCNV2	9	2717510
PUM3	9	2844077
GPS2P1	9	2876427
ATP5PDP2	9	2900804
CARM1P1	9	3053408
LINC01231	9	3181561
RFX3	9	3525520
RFX3-DT	9	3526465
GLIS3-AS1	9	3898642
GLIS3	9	4152147
GLIS3-AS2	9	4299390
RNU6-694P	9	4386556
SLC1A1	9	4490468
PLPP6	9	4662294
SPATA6L	9	4666446
CDC37L1-DT	9	4679492
CDC37L1	9	4679583
AK3	9	4741319
ECM1P1	9	4769895
KLF4P1	9	4804972
RCL1	9	4836726
MIR101-2	9	4850297
HNRNPA1P41	9	4945902
JAK2	9	4985033
CSNK1G2P1	9	5040945
PDSS1P1	9	5086112
MTND6P5	9	5091093
MTND1P11	9	5094139
MTCO1P11	9	5096666
MTCO2P11	9	5098341
MTATP6P11	9	5099560
MTCO3P11	9	5100236
MTND4P14	9	5107937
MTND5P14	9	5109496
TCF3P1	9	5110913
IGHEP2	9	5113549
INSL6	9	5185639
INSL4	9	5231419
RLN2	9	5304574
HMGN2P31	9	5311444
RLN1	9	5339636
RNF152P1	9	5418976
PLGRKT	9	5437948
CD274	9	5456114
PDCD1LG2	9	5510531
RIC1	9	5629132
ERMP1	9	5833074
AK4P4	9	5856426
MLANA	9	5890922
BRD10	9	5987934
MIR4665	9	6007826
RANBP6	9	6015624
GTF3AP1	9	6195934
IL33	9	6215786
SELENOTP1	9	6278667
TPD52L3	9	6328375
UHRF2	9	6413491
RN7SL25P	9	6542094
GLDC	9	6593094
RPL23AP57	9	6639139
RN7SL123P	9	6661651
RPS3AP54	9	6662424
RNF2P1	9	6670008
RPL35AP20	9	6675284
PRELID3BP11	9	6735076
SNRPEP2	9	6748981
KDM4C	9	6758076
ACTG1P14	9	6834456
RPL4P5	9	7478320
PPIAP33	9	7597823
DMAC1	9	7800148
PTPRD	9	8733947
RNU7-185P	9	8797135
PTPRD-AS1	9	8858108
RPS26P3	9	9090898
RN7SL5P	9	9442060
PTPRD-DT	9	10613207
IMP3P1	9	10830308
AKAP8P1	9	11011748
LINC03131	9	11065042
JKAMPP1	9	12287320
RNU2-47P	9	12300451
TYRP1	9	12695720
LURAP1L-AS1	9	12759814
RN7SL849P	9	12765055
LURAP1L	9	12775344
PRDX1P1	9	12973438
MPDZ	9	13235028
LINC01235	9	13433060
LINC00583	9	13927971
PES1P2	9	13986175
RPL3P11	9	14041861
ATP5PDP3	9	14068932
RPL7AP47	9	14204248
NFIB	9	14314100
NFIB-AS1	9	14346180
CDCA4P1	9	14593577
ZDHHC21	9	14693337
CER1	9	14722733
FREM1	9	14792801
RNU6-1260P	9	14850429
LDHAP4	9	14922334
CLCN3P1	9	15048061
PSIP1P1	9	15055057
RNU6-559P	9	15143289
TTC39B	9	15307209
RPL7P33	9	15361393
SNAPC3	9	15422869
RNU6-319P	9	15432006
PSIP1	9	15510969
RN7SL98P	9	15526081
FTH1P12	9	15527683
RNU6-246P	9	15544188
CCDC171	9	15553291
HMGN2P16	9	15588355
RNU6-14P	9	15776286
LINC03041	9	16264713
BNC2-AS1	9	16726809
LSM1P1	9	16775845
BNC2	9	16870670
RN7SL720P	9	17053901
RPS29P33	9	17096446
RPL31P42	9	17108604
CNTLN	9	17135025
SAMM50P1	9	17448543
SH3GL2	9	17579089
PABPC1P11	9	17591318
ADAMTSL1	9	18565924
MIR3152	9	18573306
RN7SKP258	9	18651147
RAP1BP1	9	18718526
PSMC3P1	9	19026892
SAXO1	9	19041303
RRAGA	9	19049427
SCARNA8	9	19063786
RNU6-264P	9	19073843
HAUS6	9	19102902
PLIN2	9	19127492
DENND4C	9	19230800
RPS6	9	19380239
NDUFA5P3	9	19383887
ACER2	9	19409009
MAP1LC3BP1	9	19461304
C11orf98P1	9	19705338
SLC24A2	9	19789037
MLLT3	9	20382487
MIR4473	9	20411238
RNU4-26P	9	20418321
MIR4474	9	20502342
RPL7AP48	9	20532552
FOCAD	9	20684295
FOCAD-AS1	9	20684459
MIR491	9	20716105
SNORA30B	9	20786927
HACD4	9	21031639
IFNNP1	9	21059323
IFNB1	9	21077942
IFNWP4	9	21106543
IFNW1	9	21141832
IFNA21	9	21166660
IFNWP15	9	21179188
IFNA4	9	21187587
IFNWP9	9	21191244
IFNA7	9	21202205
IFNA10	9	21207143
IFNWP18	9	21209779
IFNA16	9	21217311
IFNA17	9	21228222
IFNWP5	9	21231853
IFNA14	9	21240005
IFNA22P	9	21278619
IFNA5	9	21305313
IFNA20P	9	21321300
KLHL9	9	21335390
IFNA6	9	21350921
IFNA13	9	21368057
IFNA2	9	21385398
IFNA11P	9	21399139
IFNA12P	9	21403081
IFNA8	9	21409117
IFNWP2	9	21420234
IFNA1	9	21440439
IFNWP19	9	21455484
IFNE	9	21482313
MIR31	9	21512185
MIR31HG	9	21559844
H3P30	9	21638285
KHSRPP1	9	21695176
RN7SL151P	9	21699314
MTAP	9	21802662
TUBB8P1	9	21812347
ERVFRD-3	9	21929457
CDKN2A-AS1	9	21959873
CDKN2A	9	21974858
CDKN2B-AS1	9	21995114
CDKN2B	9	22009272
UBA52P6	9	22012155
DMRTA1	9	22446824
LINC01239	9	22664271
CLIC4P1	9	22747700
LINC03142	9	23222436
SUMO2P2	9	23632106
NOP56P2	9	23681894
ELAVL2	9	23822172
IZUMO3	9	24545897
RMRPP5	9	24905469
RN7SKP120	9	25089151
TUSC1	9	25678444
LINC01241	9	25780077
GARIN3P1	9	25937912
LINC03106	9	26066675
H3P31	9	26880549
CAAP1	9	26892789
RN7SL100P	9	26895678
PLAA	9	26947174
IFT74	9	26956401
IFT74-AS1	9	26956527
LRRC19	9	27005668
TEK	9	27109277
RNA5SP280	9	27198287
RPL36AP34	9	27210327
REXO6P	9	27281922
EQTN	9	27297136
IFNK	9	27524290
EMICERI	9	27529502
MOB3B	9	27529655
C9orf72	9	27573487
CTAGE12P	9	27610745
KCTD10P1	9	28599292
MIR876	9	28863706
MIR873	9	28888955
LINGO2	9	28890621
ME2P1	9	29826711
SLC4A1APP1	9	30559481
LINC01242	9	30575012
CDRT15P5	9	30671966
RBMXP2	9	30689105
KRT18P66	9	30773464
KRT18P36	9	30800746
RPS26P2	9	30832225
FTLP4	9	30935485
HSPA8P17	9	30988085
SLC25A6P2	9	31253901
LINC01243	9	31381490
MTATP6P30	9	31505280
MTCO3P30	9	31505946
HMGB3P23	9	31645160
RNA5SP281	9	32293558
SLC25A5P8	9	32334354
ACO1	9	32384687
RIGI	9	32526203
SMIM27	9	32552329
TOPORS	9	32552586
DFFBP1	9	32567126
NDUFB6	9	32573160
TAF1L	9	32635669
SNRPCP1	9	32676520
TMEM215	9	32783681
BOLA3P4	9	32926051
ASS1P12	9	32945996
TCEA1P4	9	32980403
APTX	9	33001612
LAGE3P1	9	33020165
DNAJA1	9	33025274
SMU1	9	33076674
B4GALT1-AS1	9	33166887
B4GALT1	9	33167337
RNU4ATAC15P	9	33174170
SPINK4	9	33229266
BAG1	9	33264559
CHMP5	9	33265030
NFX1	9	33290545
AQP7	9	33402496
AQP3	9	33447567
MIR6851	9	33467935
NOL6	9	33473908
SUGT1P1	9	33510711
ANKRD18B	9	33542660
SNX18P7	9	33576380
CYP4F26P	9	33602386
PRSS3P4	9	33614009
TRBV20OR9-2	9	33617845
ANXA2P2	9	33624274
TRBV21OR9-2	9	33629121
TRBV22OR9-2	9	33634111
TRBV23OR9-2	9	33638035
TRBV24OR9-2	9	33649047
TRBV25OR9-2	9	33662166
PTENP1-AS	9	33676963
PTENP1	9	33677075
TRBV26OR9-2	9	33695767
PRSS3	9	33773191
TRBV29OR9-2	9	33786221
UBE2R2-AS1	9	33809960
UBE2R2	9	33817189
RNU4ATAC11P	9	33868540
SNORD121B	9	33934376
SNORD121A	9	33952850
OSTCP8	9	33968518
UBAP2	9	34048889
RN7SKP114	9	34049966
DCAF12-AS1	9	34072644
TUBB4BP2	9	34109968
DCAF12	9	34126682
UBAP1	9	34179178
RPL35AP2	9	34191555
RNA5SP282	9	34206241
RNU2-50P	9	34282670
SERPINH1P1	9	34318407
KIF24	9	34329237
NUDT2	9	34329801
MYORG	9	34376904
SPMIP6	9	34381580
FAM219A	9	34458552
DNAI1	9	34458840
RN7SKP24	9	34478622
ENHO-AS1	9	34522447
ENHO	9	34523082
CNTFR-AS1	9	34568012
CNTFR	9	34589716
RPP25L	9	34612115
DCTN3	9	34620474
ARID3C	9	34629046
SIGMAR1	9	34637790
GALT	9	34646649
IL11RA	9	34653864
CCL27	9	34663352
CCL19	9	34691204
CCL21	9	34710136
SPATA31F1	9	34729488
SPATA31F2P	9	34838493
SPATA31F3	9	34895761
GLULP4	9	34917175
YWHAZP6	9	34922921
PHF24	9	34958315
DNAJB5	9	34990013
DNAJB5-DT	9	34991781
SYF2P2	9	35010703
SPATA31G1	9	35041681
RN7SL338P	9	35049271
VCP	9	35072591
FANCG	9	35079755
PIGO-AS1	9	35096345
PIGO	9	35096578
STOML2	9	35103145
ATOSB	9	35115862
UNC13B	9	35162004
ATP8B5P	9	35433707
ZFAND6P1	9	35449748
RPL36AP33	9	35507564
RUSC2	9	35519309
CIMIP2B	9	35563874
RPS29P17	9	35592786
TESK1	9	35605422
MIR4667	9	35608094
CD72	9	35618389
SIT1	9	35650931
RMRP	9	35658019
CCDC107	9	35658304
ARHGEF39	9	35665193
RN7SL22P	9	35671776
CA9	9	35676163
TPM2	9	35689906
TLN1	9	35707874
MIR6852	9	35710741
CREB3	9	35732598
MIR6853	9	35732922
GBA2	9	35749218
RGP1	9	35749289
MSMP	9	35755444
NPR2	9	35792328
SPAG8	9	35812164
HINT2	9	35815024
FAM221B	9	35828732
TMEM8B	9	35829261
OR13E1P	9	35859980
OR13J1	9	35870401
NDUFA5P4	9	35875194
HRCT1	9	35906202
SPAAR	9	35909784
PGAM1P2	9	35943934
OR2S2	9	35958154
YBX1P10	9	35972318
OR13C6P	9	35992285
OR13C7	9	36003867
OR2S1P	9	36013184
OR2AM1P	9	36021692
RECK	9	36036925
GLIPR2	9	36136733
CCIN	9	36169388
CLTA	9	36190927
GNE	9	36258448
RNU4-53P	9	36267783
HMGB3P24	9	36304924
RNF38	9	36400923
MELK	9	36572895
MIR4475	9	36823599
MIR4540	9	36864308
MIR4476	9	36893531
PAX5	9	37026575
RPL32P21	9	37046835
LINC01400	9	37079790
EBLN3P	9	37079907
ZCCHC7	9	37120601
RNU6-677P	9	37333957
LINC01627	9	37384434
GRHPR	9	37422716
CHCHD4P3	9	37434177
ZBTB5	9	37465328
KCTD9P3	9	37477149
POLR1E	9	37485949
RPL21P83	9	37490893
FBXO10	9	37576323
TOMM5	9	37592597
RAB1C	9	37637293
RN7SKP171	9	37662049
FRMPD1	9	37668005
TRMT10B	9	37753804
EXOSC3	9	37785065
DCAF10	9	37800788
PAICSP1	9	37878116
TMX2P1	9	37885683
SLC25A51	9	37904127
RNU7-124P	9	37936768
SHB	9	38069215
ALDH1B1	9	38392712
IGFBPL1	9	38424454
ARMC8P1	9	38454070
TCEA1P3	9	38478471
GAS2L1P1	9	38488338
VN1R48P	9	38505482
FAM220BP	9	38527097
CYP4F33P	9	38542569
SNX18P3	9	38568211
ANKRD18A	9	38577205
FAM201A	9	38620702
YWHABP1	9	38643042
RNU6-765P	9	38680006
FAM240B	9	38712839
VN2R3P	9	39016969
RBM17P1	9	39154075
RN7SL640P	9	39191100
CNTNAP3	9	39288282
SPATA31A1	9	39356502
FAM74A1	9	39371100
ZNF658B	9	39464512
SKP1P3	9	39485379
FKBP4P2	9	39631046
SDR42E1P1	9	39652377
ATP5F1AP8	9	39655531
RAB28P1	9	39734670
RBPJP5	9	39741193
GLIDR	9	39809942
FGF7P3	9	39818923
FAM88D	9	39873925
RN7SL763P	9	39887144
RPL7AP49	9	39984401
CDRT15P14	9	40121962
MEP1AP1	9	40193921
ANKRD20A2P	9	40223397
RNU6-1269P	9	40233923
SNX18P8	9	40293082
FAM95B1	9	40302440
CNN2P2	9	40347052
GXYLT1P3	9	40348599
AQP7P5	9	40497592
BMS1P14	9	40566281
IGKV1OR9-2	9	40642117
RNU6-156P	9	40759706
MIR1299	9	40929092
PGM5P2	9	40992023
FRG1HP	9	40992426
LINC03025	9	41108675
FOXD4L6	9	41128681
ZNG1F	9	41189301
MIR4477A	9	41233755
RNA5SP530	9	41237557
CDK2AP2P1	9	41280460
MYO5BP1	9	41292887
CDRT15P6	9	41342041
RPL7AP45	9	41479960
RN7SL565P	9	41578903
FAM242F	9	41699010
RBM17P3	9	41974362
RN7SL343P	9	42011350
CNTNAP3B	9	42129245
SPATA31A6	9	42184465
FAM74A7	9	42199000
FKBP4P6	9	42384805
SDR42E1P2	9	42409006
ATP5F1AP1	9	42412150
RAB28P3	9	42492663
RBPJP6	9	42499134
FAM88E	9	42568982
FGF7P5	9	42625436
FGF7P4	9	42668887
CNTNAP3P7	9	42752755
ADGRF5P2	9	42795392
MEP1AP4	9	42823213
ANKRD20A7P	9	42852675
RNU6-599P	9	42863200
SNX18P5	9	42923277
CYP4F60P	9	42950566
CNN2P4	9	42973289
SPATA31A5	9	60914407
FAM74A6	9	60929927
SPATA31A7	9	61191328
FAM74A4	9	61205413
CNTNAP3C	9	61330717
RN7SL462P	9	61427877
FAM242D	9	61615818
RN7SL722P	9	61789143
FAM27C	9	61856570
FAM242E	9	61911029
RPL7AP76	9	62266319
RN7SL544P	9	62363581
LINC01189	9	62376300
FAM88C	9	62376797
FGF7P6	9	62432876
FGF7P7	9	62476333
FAM88F	9	62532555
CNTNAP3P5	9	62559839
RBPJP7	9	62601226
RAB28P2	9	62607748
ATP5F1AP7	9	62686912
SDR42E1P3	9	62690033
FKBP4P7	9	62711398
RNA5SP283	9	62802438
LINC01410	9	62816971
PTGER4P2	9	62843919
CDK2AP2P2	9	62844818
MYO5BP2	9	62857208
ADGRF5P1	9	62862007
FGF7P8	9	62888535
FAM88B	9	62897431
LERFS	9	62897707
CNTNAP3P1	9	62924911
BMS1P9	9	63055641
AQP7P4	9	63127359
AQP7P1	9	63333091
BMS1P10	9	63380011
RPL7AP46	9	63581834
CDRT15P7	9	63719864
MYO5BP3	9	63762824
CDK2AP2P3	9	63775241
PTGER4P3	9	63776143
RNA5SP284	9	63813190
DUX4L50	9	63818462
MIR4477B	9	63819574
FRG1JP	9	63859641
ANKRD20A4P	9	64369675
RNU6-1193P	9	64380194
SNX18P9	9	64439346
CYP4F25P	9	64465463
CNN2P3	9	64487069
GXYLT1P6	9	64488600
AQP7P2	9	64637586
BMS1P11	9	64709311
IGKV1OR-2	9	64765535
BNIP3P4	9	64811429
RNU6-1293P	9	64880475
BMS1P12	9	65193610
IGKV1OR9-1	9	65250826
FOXD4L5	9	65285209
ZNG1DP	9	65323015
FRG1KP	9	65652679
ZNG1E	9	65675928
FOXD4L4	9	65737146
IGKV1OR-3	9	65770955
BMS1P13	9	65828120
AQP7P3	9	65878766
GXYLT1P4	9	66027719
CYP4F59P	9	66050845
SNX18P4	9	66083187
RNU6-538P	9	66142327
ANKRD20A3P	9	66152966
CDRT15P12	9	66254464
RBPJP2	9	66635754
RAB28P4	9	66642277
ATP5F1AP10	9	66721158
SDR42E1P4	9	66724584
FKBP4P8	9	66745929
ZNF658	9	66900751
FAM74A3	9	66977256
SPATA31A3	9	66992550
CNTNAP3P2	9	67059560
RN7SL422P	9	67176035
RBM17P2	9	67213067
FAM27E3	9	67724233
FAM27B	9	67725902
RN7SL787P	9	67791782
ANKRD20A1	9	67858931
RNU6-368P	9	67869947
ZNG1C	9	68241952
FOXD4L3	9	68302867
PGM5	9	68357054
PGM5-AS1	9	68357892
TMEM252	9	68540883
TMEM252-DT	9	68541032
LINC01506	9	68546644
PIP5K1B	9	68705886
PABIR1	9	68780065
RNU6-820P	9	68935979
PRKACG	9	69014113
FXN	9	69035762
TJP2	9	69176942
BANCR	9	69307116
ENTREP1	9	69325235
APBA1	9	69481741
PTAR1	9	69759955
CFAP95-DT	9	69820699
CFAP95	9	69820828
RN7SL570P	9	69884654
MAMDC2	9	70043848
RNU2-5P	9	70188750
RPL24P8	9	70217195
MAMDC2-AS1	9	70258549
SMC5	9	70258979
KLF9	9	70414657
RN7SL726P	9	70579461
MIR204	9	70810084
TRPM3	9	70869058
PIGUP1	9	70917501
RPL35AP21	9	71589601
CEMIP2	9	71721713
ABHD17B	9	71911186
C9orf85	9	71911639
HSPB1P1	9	72008136
C9orf57	9	72060613
BTF3P4	9	72108312
GDA	9	72149464
RNA5SP285	9	72299838
LINC01504	9	72305436
ZFAND5	9	72365092
TMC1	9	72577922
RPS20P24	9	72656192
RPS27AP15	9	72741617
LINC01474	9	72874098
ALDH1A1	9	72974686
CYP1D1P	9	73042745
ANXA1	9	73151868
DPP3P2	9	73476073
RNA5SP286	9	73751077
RORB-AS1	9	74497119
RORB	9	74556467
RN7SKP47	9	74799895
RPSAP75	9	74804473
RNU6-445P	9	74857675
TRPM6	9	74887720
C9orf40	9	74952912
CARNMT1-AS1	9	74952983
CARNMT1	9	75028412
NMRK1	9	75088189
OSTF1	9	75088511
RNU6-1228P	9	75198071
CDCA7P2	9	75402992
OTX2P1	9	75724575
PCSK5	9	75890676
RBM22P5	9	76288081
RFK	9	76394132
RPSAP9	9	76398699
H3P32	9	76419934
GCNT1	9	76459222
PPIAP87	9	76549771
PCA3	9	76705058
PRUNE2	9	76710237
DNAJB5P1	9	76932066
LYPLA2P3	9	76970322
FOXB2	9	77019180
ATP5MFP3	9	77040416
RFC5P1	9	77072100
VPS13A-AS1	9	77177514
VPS13A	9	77306007
GNA14-AS1	9	77456295
GNA14	9	77540005
NUTF2P3	9	77580245
RNU6-1303P	9	77635309
GNAQ	9	78031543
RN7SKP59	9	78165465
ASS1P3	9	78178263
RPL21P84	9	78180693
CEP78	9	78236141
PSAT1	9	78297131
MTND2P8	9	78742744
KRT18P24	9	79037568
CHCHD2P9	9	79391304
LNCARSR	9	79567770
TLE4	9	79573217
NPAP1P6	9	79863019
LINC01507	9	79986286
NPAP1P4	9	80360338
MTCO1P51	9	80564630
MTND2P9	9	80565962
RPS19P6	9	80782770
RPS20P25	9	81410279
TLE1	9	81689521
TLE1-DT	9	81689815
RNU6-1035P	9	81725349
RNA5SP287	9	81885496
SPATA31D5P	9	81913451
SPATA31D4	9	81928428
SPATA31D3	9	81943500
SPATA31D2P	9	81966564
SPATA31D1	9	81988780
SPATA31B1P	9	82063682
DDX10P2	9	82088768
MTCO3P40	9	82428025
RPS6P12	9	82744792
RASEF	9	83063164
RN7SKP242	9	83201228
FRMD3-AS1	9	83219322
RNU4-29P	9	83275941
FRMD3	9	83538350
RNU4-15P	9	83596584
IDNK	9	83623145
UBQLN1	9	83707958
UBQLN1-AS1	9	83708195
GKAP1	9	83817739
KIF27	9	83921432
QNG1	9	83956742
HNRNPK-AS1	9	83956768
MIR7-1	9	83969857
HNRNPK	9	83980221
RMI1	9	83980766
SLC28A3-AS1	9	84278219
SLC28A3	9	84340708
NTRK2	9	84669376
UBE2V1P10	9	85159682
STK33P1	9	85492579
AGTPBP1	9	85741927
PHB1P7	9	85898903
NAA35	9	85941168
GOLM1	9	86099558
C9orf153	9	86258218
RN7SKP264	9	86258646
ISCA1	9	86282538
TUT7	9	86354238
RNU2-36P	9	86423128
LINC02834	9	86682441
GAS1	9	86947506
GAS1RR	9	86948640
CDC20P1	9	87011652
LINC02893	9	87042132
NFYCP2	9	87085151
LINC02872	9	87148655
DAPK1	9	87497898
DAPK1-IT1	9	87553454
CTSL	9	87726166
EIF3JP3	9	87741233
CTSL3P	9	87772684
ELF2P3	9	87816465
NPAP1P7	9	87825146
FBP2P1	9	87837225
CTSLP8	9	87844154
NPAP1P9	9	87859599
SPATA31E1	9	87882877
SPATA31C1	9	87914493
CDK20	9	87974543
RNU6-86P	9	87998335
RPS10P3	9	88016300
LINC03026	9	88077025
SPATA31C2	9	88136730
RPSAP49	9	88324454
SPIN1	9	88388459
HNRNPA1P14	9	88411463
RPL21P85	9	88485325
NXNL2	9	88534317
LINC02843	9	88652161
MIR4289	9	88745905
PCNPP2	9	88971341
S1PR3	9	88991471
SHC3	9	89110477
CKS2	9	89311169
MIR3153	9	89312225
SECISBP2	9	89318503
SEMA4D	9	89445597
PA2G4P6	9	89449558
GADD45G	9	89605038
LINC03062	9	89683324
MIR4290	9	90023535
MIR4290HG	9	90037349
IL6RP1	9	90082569
OR7E31P	9	90216039
OR7E116P	9	90232185
LINC01508	9	90433540
LINC01501	9	90582659
DIRAS2	9	90642843
OR7E109P	9	90743380
OR7E108P	9	90752230
SYK	9	90801814
LINC02957	9	90997000
LINC00484	9	91119243
LINC02937	9	91155542
AUH	9	91361918
NFIL3	9	91423135
PAICSP2	9	91611343
MIR3910-1	9	91636251
MIR3910-2	9	91636345
ROR2	9	91948880
RPL21P82	9	92006062
HSPE1P22	9	92027498
MTATP6P29	9	92108858
MTCO3P29	9	92109013
MTND3P23	9	92110168
MTND4LP7	9	92110575
MTND4P15	9	92110865
SPTLC1	9	92115384
LINC00475	9	92141438
BEND3P2	9	92171241
PRSS47P	9	92189635
MIR3651	9	92292547
SNORA84	9	92292593
IARS1	9	92293664
NOL8	9	92325338
OGN	9	92404578
OMD	9	92424466
ASPN	9	92482491
MIR4670	9	92528058
ECM2	9	92536113
CENPP	9	92600257
IPPK	9	92670131
RPL21P86	9	92677407
BICD2	9	92764822
ANKRD19P	9	92809352
RNU6-714P	9	92820977
EEF1DP2	9	92837668
ZNF484	9	92878022
SPATA31B2P	9	92882601
SNX18P2	9	92894505
ALOX15P2	9	92913156
FGD3	9	92964328
SUSD3	9	93058755
CARD19	9	93096251
NINJ1	9	93134264
WNK2	9	93219949
FAM120A2P	9	93346152
RNU6-829P	9	93375556
FAM120AOS	9	93451524
FAM120A	9	93451891
PHF2	9	93576720
MIR548AU	9	93594841
MIR4291	9	93819357
BARX1	9	93954393
BARX1-DT	9	93955521
CYCSP24	9	94038030
PTPDC1	9	94057745
MIRLET7A1HG	9	94166832
MIRLET7A1	9	94175957
MIRLET7F1	9	94176347
MIRLET7D	9	94178834
LINC02603	9	94204596
ZNF169	9	94259329
VDAC1P11	9	94288550
NUTM2F	9	94328644
PTMAP12	9	94347563
MFSD14B	9	94374566
YRDCP1	9	94433273
RNU6-669P	9	94507738
PCAT7	9	94555046
FBP2	9	94593824
FBP1	9	94639725
MIR2278	9	94809962
AOPEP	9	94921204
AOPEP-AS1	9	94945554
MIR6081	9	95065350
MIR23B	9	95085208
MIR27B	9	95085445
MIR24-1	9	95086021
MIR3074	9	95086094
RNA5SP288	9	95142541
FANCC	9	95316889
MT1P1	9	95413449
PTCH1	9	95505878
RNU2-46P	9	95859904
ERCC6L2-AS1	9	95875583
ERCC6L2	9	95875684
RNA5SP289	9	95905005
PARK7P2	9	95918136
LINC00092	9	96027959
EIF4BP3	9	96146007
HSD17B3-AS1	9	96246470
RNU6-1160P	9	96256319
HSD17B3	9	96302113
SLC35D2	9	96383680
NSA2P7	9	96407284
ZNF367	9	96418370
HABP4	9	96450171
CDC14B	9	96619370
PRXL2C	9	96655315
MKRN10P	9	96725890
ZNF510	9	96778087
ZNF782	9	96854502
PTMAP11	9	96910076
NUTM2G	9	96928576
YRDCP2	9	96954820
MFSD14CP	9	97013600
CTSV	9	97039142
TCEA1P1	9	97067749
GAS2L1P2	9	97079773
VN1R51P	9	97094638
FAM220CP	9	97121659
RNU6-798P	9	97193025
ZNF322P1	9	97199511
ANKRD18CP	9	97221235
SUGT1P4-STRA6LP	9	97238432
SUGT1P4	9	97238645
SUGT1P4-STRA6LP-CCDC180	9	97250829
STRA6LP	9	97276569
CCDC180	9	97342575
MIR1302-8	9	97363681
TDRD7	9	97412096
TMOD1	9	97501665
TSTD2	9	97633282
NCBP1	9	97633647
XPA	9	97697295
KRT18P13	9	97698922
PTCSC2	9	97853080
FOXE1	9	97853226
TRMO	9	97922488
HEMGN	9	97941514
ANP32B	9	97983350
RNU6-918P	9	98032230
NANS	9	98056736
TRIM14	9	98119213
CORO2A	9	98192642
MIR6854	9	98229217
TBC1D2	9	98255585
GABBR2	9	98554008
SEPTIN7P7	9	98606833
ANKS6	9	98796267
GALNT12	9	98807671
NME2P3	9	98890590
ADIPINT	9	98911221
COL15A1	9	98943639
COL15A1-AS1	9	98944306
TGFBR1	9	99105129
RNA5SP290	9	99145966
RN7SL794P	9	99185866
ALG2	9	99221927
SEC61B	9	99222282
RN7SKP225	9	99284022
KRT8P11	9	99305176
NAMA	9	99819900
NR4A3	9	99821885
STX17	9	99906709
UPF3AP3	9	99999069
ERP44	9	100098999
INVS	9	100099275
RN7SL75P	9	100102559
RPS2P35	9	100117651
DPPA3P10	9	100120900
NANOGP5	9	100175178
TEX10	9	100352928
MSANTD3	9	100427315
MSANTD3-TMEFF1	9	100442271
TMEFF1	9	100473179
CAVIN4	9	100578056
RN7SKP87	9	100581379
ACTG1P19	9	100731240
GAPDHP26	9	100975668
TRPC6P4	9	101125921
PLPPR1	9	101131522
ACNATP	9	101339347
TRMT112P4	9	101356844
FYTTD1P1	9	101376603
BAAT	9	101383873
MRPL50	9	101398618
ZNF189	9	101398950
ALDOB	9	101435775
TMEM246-AS1	9	101468430
PGAP4	9	101486877
RNF20	9	101533888
PPP3R2	9	101594995
GRIN3A	9	101676084
MTND3P4	9	101793756
ARL2BPP7	9	102055741
RNU6-329P	9	102256604
CCSER2P1	9	102515204
LINC00587	9	102580260
ZYG11AP1	9	102612155
CYLC2	9	102995338
LINC01492	9	103325031
RNA5SP291	9	103689577
LINC03094	9	103999666
SMC2-DT	9	104091818
SMC2	9	104094303
TOPORSLP	9	104275298
OR13F1	9	104504263
OR13C4	9	104527209
OR13C3	9	104536856
OR13C8	9	104569168
OR13D2P	9	104590044
OR13C5	9	104599413
OR13C2	9	104605627
OR13C9	9	104618204
OR13I1P	9	104629754
OR13C1P	9	104657716
OR13D1	9	104694518
OR13D3P	9	104722335
NIPSNAP3A	9	104747722
NIPSNAP3B	9	104764157
ABCA1	9	104928139
CT70	9	104991224
RN7SKP191	9	105096756
SLC44A1	9	105244654
FSD1L	9	105448099
RALGAPA1P1	9	105520128
FKTN-AS1	9	105558107
FKTN	9	105558159
TAL2	9	105662457
TMEM38B	9	105694548
DEPDC1P2	9	105758164
SLC25A6P5	9	105849867
LINC01505	9	106450824
MIR8081	9	106600928
RN7SKP77	9	106679977
RNA5SP292	9	106843866
ZNF462	9	106931144
RPL7AP44	9	106979554
RAD23B	9	107283284
HMGN2P32	9	107458306
LINC01509	9	107466599
RNU6-492P	9	107475139
KLF4	9	107489601
PPIAP88	9	107543616
RNU6-996P	9	107663246
RNU6-1064P	9	107797847
RN7SL659P	9	107811914
RPL36AP6	9	107834829
RNA5SP293	9	107918978
RPS15AP27	9	107964045
RPL31P43	9	108040213
CHCHD4P2	9	108097851
RPL36P14	9	108626833
RPL36AP35	9	108821697
ACTL7B	9	108855986
ACTL7A	9	108862266
ELP1	9	108934024
ABITRAM	9	108934460
CTNNAL1	9	109013512
MIR32	9	109046298
TMEM245	9	109119931
FRRS1L	9	109159563
RNU6-984P	9	109196309
MTND2P11	9	109300186
EPB41L4B	9	109321038
PTPN3	9	109498272
MIR3927	9	109511545
YBX1P6	9	109534332
PALM2AKAP2-AS1	9	109772343
PALM2AKAP2	9	109867271
RPL21P87	9	110025358
C9orf152	9	110207819
TXN	9	110256507
TXNDC8	9	110337847
RNU6-1039P	9	110369698
SVEP1	9	110564897
MUSK	9	110678038
RNU6-432P	9	110903337
LPAR1	9	111038195
RNY4P18	9	111097413
MIR7702	9	111271214
OR2K2	9	111329372
RNA5SP294	9	111411742
ECPAS	9	111483729
ZNF483	9	111525200
PTGR1	9	111599434
LRRC37A5P	9	111613594
DNAJC25	9	111631360
DNAJC25-GNG10	9	111631386
GNG10	9	111661594
SHOC1	9	111783728
RNU6-1013P	9	111839828
UGCG	9	111897159
MIR4668	9	111932100
RNU6-710P	9	111996739
LINC02977	9	112037730
RNU6-855P	9	112137797
RPL29P20	9	112173971
SUSD1	9	112175267
RN7SL57P	9	112242839
RNA5SP295	9	112252258
RN7SL430P	9	112272837
HSPE1P28	9	112281335
PTBP3	9	112333550
RPL32P22	9	112362714
HSDL2	9	112380092
HSDL2-AS1	9	112486722
KIAA1958	9	112486968
INIP	9	112718089
SNX30-DT	9	112750567
SNX30	9	112794700
SLC46A2-AS1	9	112885158
SLC46A2	9	112890865
MUPP	9	112962261
ZNF883	9	113012225
ZFP37	9	113056713
FAM225B	9	113111504
FAM225A	9	113113052
SLC31A2	9	113151007
FKBP15	9	113221306
SLC31A1	9	113221568
CDC26	9	113275388
PRPF4	9	113275671
RNF183	9	113303079
WDR31	9	113340287
BSPRY	9	113349547
HDHD3	9	113376982
ALAD	9	113401270
POLE3	9	113410366
C9orf43	9	113410418
RGS3	9	113522483
C14orf119P1	9	113759419
ZNF618	9	113876309
AMBP	9	114078370
KIF12	9	114098496
MIR455	9	114209434
COL27A1	9	114254513
ORM1	9	114323098
ORM2	9	114329862
AKNA	9	114382439
WHRN	9	114505095
ATP6V1G1	9	114587769
TMEM268	9	114611426
TEX53	9	114660089
TEX48	9	114682129
TNFSF15	9	114799073
TNFSF8	9	114930583
DELEC1	9	115114498
TNC	9	115118036
LINC00474	9	115925574
PAPPA-AS2	9	116288769
PAPPA	9	116332432
PAPPA-AS1	9	116400606
ASTN2-AS1	9	116525611
TRIM32	9	116687377
RPL10P3	9	117181095
SNORA70C	9	117181200
RN7SKP128	9	117197118
ASTN2	9	117214553
RN7SKP125	9	117276985
RPL35AP22	9	117685588
TLR4	9	117704297
RNU6-1082P	9	117708102
TPT1P9	9	118083382
LINC02578	9	118740563
TUBB4BP6	9	118763867
BRINP1	9	119369430
LINC01613	9	119934790
MIR147A	9	120245050
CDK5RAP2	9	120579968
MEGF9	9	120714470
AHCYP2	9	120720673
B3GALT9	9	120793237
FBXW2	9	120793391
PSMD5	9	120842910
CUTALP	9	120843274
PHF19	9	120868887
TRAF1	9	120929138
C5	9	121050305
CNTRL	9	121121809
RAB14	9	121201724
RN7SL181P	9	121203159
GSN	9	121281738
GSN-AS1	9	121285530
STOM	9	121370251
RN7SL187P	9	121494519
GGTA1	9	121499774
HMGB1P37	9	121520424
DAB2IP	9	121700559
TTLL11	9	122092924
MIR4478	9	122120167
NDUFA8	9	122159765
MORN5	9	122164615
LHX6	9	122227586
RBM18	9	122264828
MRRF	9	122264911
PTGS1	9	122371032
OR1J1	9	122477926
OR1J2	9	122510802
OR1J4	9	122519141
OR1N1	9	122527293
OR1N2	9	122553112
OR1L8	9	122583384
OR1H1P	9	122607864
OR1Q1	9	122614738
OR1B1	9	122657537
OR1L1	9	122661641
OR1L3	9	122675130
TLK1P1	9	122685933
OR1L4	9	122723990
OR1L6	9	122746021
SKA2P1	9	122761844
OR5C1	9	122788933
OR1K1	9	122800123
PDCL	9	122828349
KRT18P67	9	122837557
SNORD90	9	122880323
RC3H2	9	122905297
ZBTB6	9	122913303
ZBTB26	9	122931503
RABGAP1	9	122941027
RNY1P15	9	122946094
GPR21	9	123033667
MIR600	9	123111643
MIR600HG	9	123115477
STRBP	9	123268562
CRB2	9	123356197
MIR601	9	123402603
MIR7150	9	123485622
DENND1A-AS1	9	123491884
PIGFP2	9	123843036
DENND1A	9	123929945
LHX2-AS1	9	124009211
LHX2	9	124012062
NEK6	9	124258261
PSMB7	9	124415442
ADGRD2	9	124453511
NR5A1	9	124506287
RN7SL302P	9	124607159
MIR181A2HG	9	124658412
MIR181A2	9	124692442
MIR181B2	9	124693710
NR6A1	9	124771293
OLFML2A	9	124777154
WDR38	9	124853431
RPL35	9	124861966
ARPC5L	9	124869185
RNU4-82P	9	124887549
GOLGA1	9	124941071
FXNP2	9	124968840
SCAI	9	125143488
PRPS1P2	9	125150653
PPP6C	9	125189802
RPSAP76	9	125195821
RABEPK	9	125200583
HSPA5	9	125241356
HSPA5-DT	9	125241665
GAPVD1	9	125261832
RNU6-1020P	9	125304026
RN7SL30P	9	125513207
HNRNPA1P15	9	125595669
MAPKAP1	9	125707202
PBX3-DT	9	125746133
PBX3	9	125748182
MVB12B	9	126331040
NRON	9	126408410
LMX1B-DT	9	126612582
LMX1B	9	126613928
ZBTB43	9	126805034
ZBTB34	9	126860673
RALGPS1	9	126915439
ANGPTL2	9	127115978
GARNL3	9	127264774
DENRP4	9	127300982
SLC2A8	9	127397231
ZNF79	9	127424392
SNORA65	9	127448630
RPL12	9	127451406
LRSAM1	9	127451622
NIBAN2	9	127569041
STXBP1	9	127612277
MIR3911	9	127690795
CFAP157	9	127709454
PTRH1	9	127715654
TTC16	9	127716107
TOR2A	9	127735300
SH2D3C	9	127762418
MIR3960	9	127785833
MIR2861	9	127785918
CDK9	9	127786074
FPGS	9	127802917
RNA5SP296	9	127841222
ENG	9	127854517
MIR4672	9	127869495
AK1	9	127876792
ST6GALNAC6	9	127899598
ST6GALNAC4	9	127917002
PIP5KL1	9	127927809
DPM2	9	127937840
EEIG1	9	127980078
NAIF1	9	128066802
SLC25A25	9	128094945
SLC25A25-AS1	9	128118693
PTGES2	9	128127730
PTGES2-AS1	9	128128529
LCN2	9	128149464
BBLN	9	128160336
CIZ1	9	128191509
DNM1	9	128218689
MIR199B	9	128244830
MIR3154	9	128245030
GOLGA2	9	128266325
SWI5	9	128276232
TRUB2	9	128322447
COQ4	9	128322843
SLC27A4	9	128340666
TMSB4XP4	9	128342153
URM1	9	128371370
MIR219B	9	128392621
MIR219A2	9	128392714
MIR219A2HG	9	128393510
CERCAM	9	128420834
ODF2	9	128456162
ODF2-AS1	9	128473115
GLE1	9	128504722
RNU7-171P	9	128543916
SPTAN1	9	128596304
VTI1BP4	9	128650998
DYNC2I2	9	128656712
HMGA1P4	9	128684503
SET	9	128689389
PKN3	9	128702614
RN7SL560P	9	128709780
ZDHHC12	9	128724125
ZDHHC12-DT	9	128724439
ZER1	9	128771924
TBC1D13	9	128787267
ENDOG	9	128818480
SPOUT1	9	128829793
KYAT1	9	128881945
LRRC8A	9	128882186
PHYHD1	9	128921482
DOLK	9	128947603
NUP188	9	128947863
SH3GLB2	9	129028291
MIGA2	9	129036673
DOLPP1	9	129081119
CRAT	9	129110747
PTPA	9	129111868
IER5L-AS1	9	129176771
IER5L	9	129178261
LINC02975	9	129282456
LINC01503	9	129335317
RN7SL159P	9	129370461
LINC00963	9	129490780
C9orf50	9	129620743
NTMT1	9	129626179
ASB6-AS1	9	129640463
ASB6	9	129642147
PRRX2	9	129665638
PRRX2-AS1	9	129718731
PTGES	9	129753030
UBE2V1P4	9	129791196
TOR1B	9	129803184
TOR1A	9	129824104
C9orf78	9	129835272
USP20	9	129835475
MIR6855	9	129869605
FNBP1	9	130043172
GPR107	9	130053912
GPRACR	9	130144219
NCS1	9	130172460
HMCN2	9	130384449
RN7SL665P	9	130400266
ASS1	9	130444992
FUBP3	9	130579589
MIR6856	9	130626297
PRDM12	9	130664594
EXOSC2	9	130693780
ABL1	9	130835246
QRFP	9	130895325
FIBCD1-AS1	9	130933827
FIBCD1	9	130939193
LAMC3	9	131009196
AIF1L	9	131096551
RNU6-881P	9	131126990
NUP214	9	131156525
NUP214-AS1	9	131194205
FAM78A	9	131270523
PLPP7	9	131289716
PRRC2B	9	131450824
SNORD62A	9	131485665
SNORD62B	9	131490486
POMT1	9	131503246
UCK1	9	131531241
PRRT1B	9	131545526
RN7SL328P	9	131725467
RAPGEF1	9	131740014
EIF4A1P3	9	131782813
MED27	9	132079863
NTNG2	9	132161696
SETX	9	132354971
TTF1	9	132406822
CFAP77	9	132410217
RNU5D-2P	9	132421641
BARHL1	9	132582606
DDX31	9	132670001
GTF3C4	9	132670464
AK8	9	132878286
SPACA9	9	132878355
TSC1	9	132944616
MIR548AW	9	132945707
RNU7-21P	9	132963732
GFI1B	9	132978702
EEF1A1P5	9	133019486
GTF3C5	9	133031000
MIR6877	9	133051996
CEL	9	133061981
CELP	9	133082561
RALGDS	9	133121168
GBGT1	9	133163904
OBP2B	9	133209248
LCN1P1	9	133228591
ABO	9	133275216
LCN1P2	9	133317794
SURF6	9	133336182
RPL21P81	9	133338990
MED22	9	133348048
RPL7A	9	133348223
SNORD24	9	133349396
SNORD36B	9	133350095
SNORD36A	9	133350456
SNORD36C	9	133350847
SURF1	9	133356478
SURF2	9	133356561
SURF4	9	133376048
STKLD1	9	133379057
REXO4	9	133418017
ADAMTS13	9	133422324
CACFD1	9	133459987
SLC2A6	9	133479115
MYMK	9	133526785
ADAMTSL2	9	133534620
FAM163B	9	133609386
DBH	9	133636363
DBH-AS1	9	133657313
SARDH	9	133738362
VAV2	9	133992490
BRD3OS	9	134025493
BRD3	9	134068022
ARF4P1	9	134078904
WDR5-DT	9	134135515
WDR5	9	134136079
RNU6ATAC	9	134164564
LINC02247	9	134295536
RXRA	9	134371971
MIR4669	9	134379411
COL5A1-AS1	9	134653073
COL5A1	9	134731593
MIR3689C	9	134849369
MIR3689A	9	134849564
MIR3689D1	9	134849682
MIR3689B	9	134850272
MIR3689D2	9	134850356
MIR3689E	9	134850641
MIR3689F	9	134850807
FCN2	9	134880810
FCN1	9	134917932
OLFM1	9	135087661
LINC02907	9	135343249
SOCS5P2	9	135447446
PPP1R26	9	135479808
PPP1R26-AS1	9	135480734
PIERCE1	9	135499887
MRPS2	9	135500683
LCN1	9	135521439
OBP2A	9	135546132
PAEP	9	135561811
LINC01502	9	135574951
PAEPP1	9	135588002
GLT6D1	9	135640378
LCN9	9	135663336
SOHLH1	9	135699528
KCNT1	9	135740479
CAMSAP1	9	135872139
CAMSAP1-DT	9	135907833
UBAC1	9	135961194
NACC2	9	136072932
LINC02846	9	136109638
TMEM250	9	136118486
LHX3	9	136203168
QSOX2	9	136224173
CCDC187	9	136304096
GPSM1	9	136342520
DNLZ	9	136363737
CARD9	9	136373641
SNAPC4	9	136400139
ENTR1	9	136410268
PMPCA	9	136410658
INPP5E	9	136439839
SEC16A	9	136477081
C9orf163	9	136483495
NOTCH1	9	136513330
MIR4673	9	136519626
MIR4674	9	136546259
NALT1	9	136547463
LINC01451	9	136624001
LNCEGFL7OS	9	136660401
EGFL7	9	136662918
MIR126	9	136670602
AGPAT2	9	136687413
DIPK1B	9	136712545
SNORA17B	9	136726236
SNORA17A	9	136726879
SNHG7	9	136727890
LCN10	9	136742940
LCN6	9	136745937
MIR6722	9	136746970
LCN8	9	136757890
LCN15	9	136764518
ATP6V1G1P3	9	136779939
TMEM141	9	136791367
CCDC183	9	136799651
RABL6	9	136808063
CCDC183-AS1	9	136808848
NCLP1	9	136815536
MIR4292	9	136830957
AJM1	9	136842478
PHPT1	9	136849404
MAMDC4	9	136852174
EDF1	9	136866301
TRAF2	9	136886533
MIR4479	9	136886733
FBXW5	9	136944661
C8G	9	136945213
LCN12	9	136952667
LINC02692	9	136969620
PTGDS	9	136977504
LCNL1	9	136982993
PAXX	9	136992444
CLIC3	9	136996562
ABCA2	9	137028171
FUT7	9	137032456
LINC02908	9	137033986
NPDC1	9	137046173
ENTPD2	9	137054044
SAPCD2	9	137070575
UAP1L1	9	137077517
MAN1B1-DT	9	137086817
MAN1B1	9	137086978
DPP7	9	137114725
GRIN1	9	137149009
MIR3621	9	137169270
LRRC26	9	137170051
TMEM210	9	137171897
ANAPC2	9	137188553
SSNA1	9	137188676
TPRN	9	137200739
TMEM203	9	137205648
NDOR1	9	137205699
RNF208	9	137221897
CYSRT1	9	137225174
RNF224	9	137227205
SLC34A3	9	137230901
TUBB4B	9	137241287
CIMIP2A	9	137247751
STPG3	9	137251274
STPG3-AS1	9	137253497
NELFB	9	137255327
TOR4A	9	137277726
NRARP	9	137302271
EXD3	9	137423157
NOXA1	9	137423389
ENTPD8	9	137441368
MIR7114	9	137450086
NSMF	9	137459314
PNPLA7	9	137550384
MRPL41	9	137551879
DPH7	9	137578796
ZMYND19	9	137590480
ARRDC1	9	137605695
ARRDC1-AS1	9	137618843
SETP5	9	137641547
EHMT1	9	137742957
MIR602	9	137838419
CACNA1B-AS2	9	137876696
CACNA1B	9	137877805
IL9RP1	9	138137095
TUBBP5	9	138175045
FAM157B	9	138243620
RNU6-785P	9	138259595
OR4F8BP	9	138319898
TUBB8	10	49294
IL9RP2	10	86265
ZMYND11	10	135437
DDX20P1	10	148751
RNA5SP297	10	154943
RNA5SP298	10	282125
RN7SL754P	10	430504
DIP2C-AS2	10	628557
MIR5699	10	641778
DIP2C-AS1	10	656562
DIP2C	10	689679
LARP4B	10	931488
LARP4B-DT	10	932991
GTPBP4	10	988457
IDI2-AS1	10	1022666
IDI2	10	1025859
IDI1	10	1048910
WDR37	10	1056811
LINC00200	10	1159811
ADARB2	10	1200371
ADARB2-AS1	10	1546656
LINC00700	10	2014388
MIR6072	10	2076089
RNU6-889P	10	2098167
LINC02662	10	2189474
RNU6-576P	10	2199387
LINC00701	10	2315185
LINC02645	10	2501911
PFKP-DT	10	3066925
PFKP	10	3068486
PITRM1-AS1	10	3141652
PITRM1	10	3172420
LINC02668	10	3258008
LINC02669	10	3502824
KLF6	10	3785188
LINC02639	10	3831295
LINC02660	10	3911996
MIR6078	10	3991160
LINC00702	10	4243803
LINC00703	10	4395325
RNU6-163P	10	4514952
LINC00705	10	4655565
MANCR	10	4659785
AKR1E2	10	4826244
AKR1C6P	10	4891975
AKR1C1	10	4963423
AKR1C2	10	5009535
AKR1C3	10	5094376
AKR1C5P	10	5135226
AKR1C8	10	5185165
AKR1C4	10	5196779
ARL4AP3	10	5207169
LINC02561	10	5271236
AKR1C7P	10	5288470
RPL26P28	10	5304865
UCN3	10	5364966
TUBAL3	10	5404828
NET1	10	5429648
CALML5	10	5499570
CALML3	10	5524961
CALML3-AS1	10	5529856
LASTR	10	5610899
RN7SL445P	10	5631463
ASB13	10	5666586
TASOR2	10	5692816
NRBF2P5	10	5776071
GDI2	10	5813429
RPL12P28	10	5862594
ANKRD16	10	5889874
FBH1	10	5890280
IL15RA	10	5977538
IL2RA-AS1	10	6025978
IL2RA	10	6062309
RPL32P23	10	6071918
RBM17	10	6089055
RN7SKP78	10	6149623
MIR3155A	10	6152196
MIR3155B	10	6152262
PFKFB3-AS1	10	6202771
PFKFB3	10	6202871
LINC02649	10	6271207
SDCBPP1	10	6294684
LINC02656	10	6350316
PRKCQ	10	6580285
PRKCQ-AS1	10	6583676
LINC02648	10	6620220
LINC00706	10	6779203
LINP1	10	6779606
LINC02665	10	7096537
COX6CP17	10	7295290
SFMBT2	10	7410990
LINC02642	10	7471942
RNU6-535P	10	7486809
ITIH5	10	7666957
ITIH2	10	7703334
KIN	10	7774878
ATP5F1C	10	7788178
TAF3	10	7818505
GATA3-AS1	10	8051698
GATA3	10	8054749
PRPF38AP1	10	8161260
LINC00708	10	8268342
KRT8P37	10	8515106
CHCHD3P1	10	8619933
RNA5SP299	10	8656831
LINC02676	10	8868879
LINC00709	10	9275446
HSP90AB7P	10	9724416
LINC02663	10	9878060
LINC02670	10	10058717
ELOCP3	10	10174230
CUX2P1	10	10257466
CELF2-DT	10	10462309
ORMDL1P1	10	10776661
SFTA1P	10	10794917
LINC00710	10	10952133
CELF2	10	11017901
CELF2-AS2	10	11105496
CELF2-AS3	10	11171376
CELF2-AS1	10	11344778
USP6NL-AS1	10	11611305
USP6NL	10	11611656
ECHDC3	10	11742439
PROSER2	10	11827519
PROSER2-AS1	10	11898550
RNU6-1095P	10	11923181
UPF2	10	12042829
DHTKD1	10	12068970
RNU6-88P	10	12116379
SEC61A2	10	12129701
MIR548AK	10	12130816
NUDT5	10	12195858
CDC123	10	12196197
RN7SL198P	10	12328389
CAMK1D	10	12349652
RNU6ATAC39P	10	12456483
MIR4480	10	12578753
MIR4481	10	12653197
MIR548Q	10	12725353
RNA5SP300	10	12924785
CCDC3	10	13001724
RPL5P25	10	13058676
OPTN	10	13100111
SNRPGP5	10	13104793
BTBD7P1	10	13158136
RPL36AP36	10	13159777
MCM10	10	13161606
RNU6-6P	10	13217269
UCMA	10	13234371
PHYH	10	13300063
RBISP1	10	13308447
SEPHS1	10	13347871
BEND7	10	13514573
BEND7-DT	10	13529110
RPL6P24	10	13592323
PRPF18	10	13644916
RNA5SP301	10	13727796
FRMD4A-AS1	10	13729383
NUTF2P5	10	13870797
FRMD4A	10	13892296
FRMD4A-AS2	10	13991815
MIR4293	10	14383277
MIR1265	10	14436576
FAM107B	10	14572096
RNA5SP302	10	14663494
RPSAP7	10	14724055
CDNF	10	14837979
MSANTD7	10	14838306
HSPA14	10	14838437
SUV39H2-DT	10	14878704
SUV39H2	10	14878883
DCLRE1C	10	14954067
MEIG1	10	14959474
OR7E110P	10	14987515
OR7E26P	10	15000055
OR7E115P	10	15008884
DCLRE1CP1	10	15021863
OLAH	10	15043954
ACBD7	10	15088628
GAPDHP45	10	15093611
RPP38-DT	10	15097319
RPP38	10	15097352
PPIAP30	10	15155320
NMT2	10	15168650
FAM171A1	10	15371166
ITGA8	10	15719877
MINDY3	10	15849381
FTLP19	10	16071809
RNU6-1075P	10	16207927
LINC02654	10	16278055
PTER	10	16436993
RNU2-18P	10	16476003
C1QL3	10	16521879
RSU1	10	16817421
CUBN	10	16984195
TRDMT1	10	17201649
VIM-AS1	10	17228965
VIM	10	17229278
ST8SIA6-AS1	10	17386929
ST8SIA6	10	17454196
PRPF38AP2	10	17577362
HACD1	10	17617367
STAM-DT	10	17643878
STAM	10	17644195
TMEM236	10	17752201
MRC1	10	17809340
MIR511	10	17845107
SLC39A12	10	17951914
SLC39A12-AS1	10	18008916
CACNB2	10	18261211
CACNB2-AS2	10	18261289
CACNB2-AS1	10	18544387
NSUN6	10	18659238
ARL5B	10	18659367
AIFM1P1	10	18735745
UBE2V2P1	10	19051455
MALRD1	10	19488844
HMGN1P20	10	19489101
RNA5SP303	10	19633812
MALRD1-AS1	10	19718663
MTND1P37	10	19747435
MTND2P16	10	19747823
RNU6-1212P	10	19793101
PLXDC2	10	19816337
PLXDC2-AS1	10	20091784
AMD1P1	10	20350049
MIR4675	10	20551970
MTND1P21	10	20804293
NEBL	10	20897312
EIF4BP2	10	21028999
NPM1P30	10	21110682
NEBL-AS1	10	21174011
LUZP4P1	10	21247752
RNU6-15P	10	21321961
LINC02643	10	21372948
MRM3P1	10	21394033
MIR1915	10	21496641
MIR1915HG	10	21497071
SKIDA1	10	21524788
MLLT10	10	21534472
RNU6-306P	10	21564577
HNRNPRP1	10	21626286
RNU6-1141P	10	21661741
RN7SKP219	10	21785292
RN7SKP37	10	21933143
DNAJC1	10	22003719
ADIPOR1P1	10	22162992
EBLN1	10	22218016
PSME2P6	10	22225698
RPL31P45	10	22266991
COMMD3	10	22316420
COMMD3-BMI1	10	22316431
BMI1	10	22325618
SPAG6	10	22345496
PIP4K2A	10	22691830
RNU6-413P	10	22787393
ARMC3	10	22928085
RNA5SP304	10	22997255
MSRB2	10	23095586
YWHAZP3	10	23136924
PTF1A	10	23193301
C10orf67-AS1	10	23343947
C10orf67	10	23344797
OTUD1	10	23439075
NUP35P1	10	24157835
KIAA1217	10	24209141
MIR603	10	24275685
RNA5SP305	10	24640166
ARHGAP21	10	24721950
RN7SKP241	10	24908812
PRTFDC1	10	24952592
ENKUR	10	25016158
THNSL1	10	25016646
LINC01516	10	25131516
GPR158-AS1	10	25176494
GPR158	10	25320595
RN7SKP220	10	25393844
GPN3P1	10	25648104
LINC00836	10	25651767
HIRAP1	10	25691537
RNA5SP306	10	25813917
RNU6-632P	10	25819426
MYO3A	10	25935788
GAD2	10	26216774
APBB1IP	10	26438428
RNA5SP307	10	26509589
FAM238A	10	26586314
LINC03028	10	26622338
FAM238B	10	26650554
SELENOOLP	10	26697295
PDSS1	10	26697701
HSPA8P3	10	26714622
RNU6-946P	10	26790646
ABI1	10	26860972
FAM238C	10	26943033
RNU6-490P	10	27088427
ANKRD26	10	27100167
YME1L1	10	27154377
MASTL	10	27155350
RNU2-24P	10	27193500
RNU7-12P	10	27232316
ACBD5	10	27240837
LRRC37A6P	10	27251793
ODAD2P1	10	27262957
RNU6-666P	10	27315120
RNU6-452P	10	27335607
LINC02673	10	27343436
FAM210CP	10	27350290
TRIAP1P1	10	27378362
PTCHD3	10	27414368
RAB18	10	27504383
LINC02680	10	27565632
MKX	10	27744357
MKX-AS1	10	27753187
RN7SKP132	10	27784053
RPL36AP55	10	27904209
ODAD2	10	27997514
MRPS21P5	10	28004702
MIR8086	10	28289350
MPP7	10	28302986
MPP7-DT	10	28303300
ZNF101P1	10	28340942
RPSAP10	10	28436201
RN7SKP39	10	28442896
LINC02652	10	28502395
WAC-AS1	10	28532743
WAC	10	28533286
RNU4ATAC6P	10	28652630
TPRKBP1	10	28658987
RNU6-1067P	10	28667919
BAMBI	10	28677516
RNU6-270P	10	28760803
LINC01517	10	28772204
LINC00837	10	28796006
RNA5SP308	10	28874507
RPL21P93	10	28899484
LYZL1	10	29289070
SVIL-AS1	10	29409618
PTCHD3P1	10	29422012
MIR604	10	29545097
MIR938	10	29602346
SVIL	10	29648639
CKS1BP2	10	29697935
RNU6-908P	10	29711915
JCAD	10	30059586
RNU6-598P	10	30299673
EEF1A1P39	10	30302072
MTPAP	10	30349310
DNM1P17	10	30353706
RN7SL241P	10	30366299
MIR7162	10	30368665
GOLGA2P6	10	30374386
NIFKP1	10	30380174
CCND3P1	10	30403776
MAP3K8	10	30434214
HNRNPA1P32	10	30518861
RN7SL63P	10	30555904
LYZL2	10	30629757
SVIL2P	10	30655651
LINC02644	10	30723198
DDX10P1	10	30921235
ZNF438	10	31031854
LINC02664	10	31134366
RNA5SP309	10	31259599
ZEB1-AS1	10	31319539
ZEB1	10	31320126
SPTLC1P1	10	31360955
MACORIS	10	31707487
ZEBTR	10	31760193
HMGB1P7	10	31913143
ARHGAP12	10	31928800
RPL34P19	10	31983885
RN7SL825P	10	31992381
KIF5B	10	32056424
RPS4XP11	10	32103293
RNU7-22P	10	32173684
PPIAP31	10	32188817
RPS24P13	10	32232245
EPC1-AS2	10	32346499
EPC1	10	32347181
EPC1-AS1	10	32347397
RNU6-1244P	10	32394665
C1DP1	10	32511737
CCDC7	10	32527882
AK3P5	10	32944481
ITGB1	10	32958216
ITGB1-DT	10	32982470
MTND4LP11	10	33023647
RN7SL847P	10	33034924
RPL7AP53	10	33058407
IATPR	10	33116808
RN7SL398P	10	33288601
NRP1	10	33334642
LINC02628	10	33600040
LINC00838	10	33772687
RPL23P11	10	33864313
LINC02629	10	33909238
ELOBP4	10	34488878
RPL37P18	10	34664101
RPS12P16	10	34676041
PARD3-DT	10	34814796
PARD3	10	34815310
SS18L2P1	10	34875210
RNU6-847P	10	34926775
RNU6-193P	10	34942969
PRDX2P2	10	34965069
LINC02635	10	34969909
MIR3611	10	35079680
CUL2	10	35090337
CREM	10	35132656
RNU7-77P	10	35135443
ATP6V1G1P4	10	35158306
RNU6-794P	10	35231394
RNU6-1167P	10	35251052
CCNY-AS1	10	35336376
CCNY	10	35336512
GJD4	10	35605341
MIR4683	10	35641252
FZD8	10	35642296
RPL7P37	10	35697300
PCAT5	10	35778313
LINC02630	10	35898987
MTND5P17	10	36434484
MTND4P18	10	36435174
NAMPTP1	10	36524234
MKNK2P1	10	36944738
ARL6IP1P2	10	36995023
RNU6-811P	10	37135237
ANKRD30A	10	37184442
LINC00993	10	37248118
RN7SL314P	10	37297398
TMEM161BP1	10	37337415
VN1R53P	10	37348616
TACC1P1	10	37523011
MTND1P18	10	37601368
ZNF33BP1	10	37796109
TLK2P2	10	37820982
ZNF248	10	37857625
ZNF248-AS1	10	37857740
ZNF37CP	10	37883594
ZNF33CP	10	37894637
ZNF25	10	37976606
ZNF25-DT	10	37976762
ZNF33A	10	38010680
RNU6-795P	10	38043975
EIF3LP3	10	38080877
FXYD6P2	10	38092051
ZNF37A	10	38094339
PLD5P1	10	38094368
CCNYL4	10	38175990
HSD17B7P2	10	38356382
SEPTIN7P9	10	38402842
RNU6-1118P	10	38423625
CICP9	10	38455365
ABCD1P2	10	38601418
PABPC1P12	10	38635908
SLC9B1P3	10	38689068
ACTR3BP5	10	38696424
CHEK2P5	10	38713195
KSR1P1	10	42149549
IGKV1OR10-1	10	42185339
PABPC1P8	10	42281819
CCNYL2	10	42454385
LINC00839	10	42475650
ZNF37BP	10	42552798
FXYD6P1	10	42555440
EIF3LP2	10	42566677
RNU6-1170P	10	42605158
ZNF33B	10	42638522
VN1R54P	10	42660728
LINC01518	10	42691714
LINC02632	10	42696036
CUBNP1	10	42714575
RSU1P1	10	42725857
DUXAP3	10	42748687
BMS1	10	42782795
RNU6-885P	10	42832550
LINC02623	10	42871430
LINC01264	10	42981666
MIR5100	10	42997563
RET	10	43077074
CSGALNACT2-DT	10	43138062
CSGALNACT2	10	43138471
RASGEF1A	10	43248338
LINC02633	10	43322475
RNU6ATAC11P	10	43341786
FXYD4	10	43371640
HNRNPF	10	43407790
LINC02916	10	43409384
SNORD3J	10	43417438
ZNF487	10	43436909
RNU7-193P	10	43458065
ZNF239	10	43574559
CAP1P2	10	43606251
ZNF485	10	43606424
RPL21P88	10	43630947
ZNF32-AS1	10	43643872
ZNF32-AS2	10	43645942
ZNF32	10	43648827
SPRING1P1	10	43728217
UQCRHP3	10	43732334
ELOCP30	10	43742350
LINC02658	10	43778919
HNRNPA3P1	10	43790387
LINC00840	10	43846375
LINC02659	10	43912352
LINC00841	10	43912410
LINC03089	10	44261813
LINC02881	10	44292425
CXCL12	10	44385081
RPL9P21	10	44415153
EIF2AP4	10	44806443
TMEM72	10	44911337
TMEM72-AS1	10	44959571
RASSF4	10	44959806
DEPP1	10	44978789
ZNF22	10	45000913
DUXAP4	10	45055656
CEP164P1	10	45071209
RPS19P7	10	45073541
RSU1P2	10	45116101
CUBNP3	10	45127318
ANKRD54P1	10	45151915
ZNF22-AS1	10	45154604
ANKRD30BP3	10	45156775
MIR3156-1	10	45164014
RNU6-1207P	10	45188896
CUBNP2	10	45247361
OR6D1P	10	45258185
OR13A1	10	45308643
ALOX5	10	45374220
MARCHF8	10	45594782
ZFAND4	10	45672757
AGAP10P	10	45678692
FAM21FP	10	45722439
WASHC2C	10	45727232
FAM25EP	10	45817286
AGAP4	10	45847486
RNA5SP310	10	45856307
RPL35AP23	10	45940522
PARGP1	10	45972154
TIMM23	10	45972503
SNORA74C-1	10	45984610
NCOA4	10	46023466
MSMB	10	46047224
RPL23AP61	10	46063250
AGAP7P	10	46109621
ANTXRLP1	10	46273557
ANTXRL	10	46286998
AGAP14P	10	46337224
FAM25BP	10	46370292
ANXA8L1	10	46375663
LINC00842	10	46398389
HNRNPA1P33	10	46415853
NPY4R	10	46465917
GPRIN2	10	46556656
SYT15	10	46579130
SYT15-AS1	10	46598132
LINC02637	10	46630194
RHEBP1	10	46635466
RN7SL248P	10	46648948
SHLD2P1	10	46652025
FAM245B	10	46740596
CTSLP3	10	46758089
GLUD1P2	10	46776833
BMS1P1	10	46788397
RNA5SP311	10	46807573
AGAP13P	10	46816516
FRMPD2B	10	46876600
PTPN20	10	46911477
GDF10	10	47300184
GDF2	10	47322454
RBP3	10	47348363
ZNF488	10	47384287
LINC03029	10	47418390
ANXA8	10	47484095
FAM25G	10	47491053
AGAP9	10	47523638
RNA5SP312	10	47532352
BMS1P2	10	47551919
DUSP8P1	10	47564256
CTSLP2	10	47582321
LINC02675	10	47599849
SHLD2P3	10	47689707
RN7SL453P	10	47692727
RHEBP2	10	47706203
SYT15B	10	47762800
NPY4R2	10	47918703
FAM25C	10	47999791
AGAP12P	10	48031599
RNA5SP315	10	48040462
BMS1P7	10	48060016
PTPN20CP	10	48119455
FRMPD2	10	48226632
RPS6P14	10	48292699
MAPK8	10	48401627
ARHGAP22-IT1	10	48511689
COX7BP6	10	48546713
ARHGAP22	10	48604952
RPL13AP19	10	48746128
WDFY4	10	48802738
LRRC18	10	48939840
MIR4294	10	48985587
VSTM4	10	49115509
FAM170B-AS1	10	49121862
FAM170B	10	49134021
TMEM273	10	49188371
C10orf71-AS1	10	49299069
C10orf71	10	49299188
DRGX	10	49396089
ERCC6	10	49506480
HMGB1P50	10	49551308
SLC18A3	10	49610310
CHAT	10	49614897
C10orf53	10	49679668
OGDHL	10	49762323
MAPK6P6	10	49771841
RPL21P89	10	49815096
RPL35AP24	10	49909613
PARG	10	49941989
TIMM23B	10	49942069
SNORA74C-2	10	49954214
TIMM23B-AGAP6	10	49957410
RNA5SP317	10	49979780
AGAP6	10	49988604
SLC9A3P3	10	50027363
FAM21EP	10	50064057
WASHC2A	10	50067930
SLC9A3P1	10	50150603
ASAH2	10	50248610
DYNC1I2P1	10	50264978
RNU7-107P	10	50590712
SGMS1	10	50623396
SGMS1-AS1	10	50624952
SHQ1P1	10	50631075
BEND3P1	10	50658529
NUTM2HP	10	50676743
CTSLP4	10	50708906
PGGT1BP1	10	50727969
ASAH2B	10	50739943
A1CF	10	50885635
MIX23P2	10	50963358
PRKG1	10	51074570
MIR605	10	51299573
RSU1P3	10	51319826
CSTF2T	10	51699595
PRKG1-AS1	10	52313726
DKK1	10	52314868
RPL31P44	10	52389488
THAP12P3	10	52411135
LNCAROD	10	52755403
MBL2	10	52772740
LINC02672	10	53030024
SNRPEP8	10	53038285
RNA5SP318	10	53458197
RNU6-687P	10	54452511
PCDH15	10	54498517
NEFMP1	10	54599678
MIR548F1	10	54607957
GAPDHP21	10	55668350
ZWINT	10	56361262
MIR3924	10	57304559
MRPS35P3	10	57982285
TPT1P10	10	58213036
IPMK	10	58267946
CISD1	10	58269178
UBE2D1	10	58335006
TFAM	10	58385410
BICC1	10	58620849
FAM133CP	10	58715554
RN7SKP196	10	58869184
LINC00844	10	58999588
RPLP1P10	10	59089039
TRAF6P1	10	59138182
CCEPR	10	59176453
PHYHIPL	10	59176959
FAM13C	10	59362546
MRPL50P4	10	59551878
SLC16A9	10	59709756
MRLN	10	59744244
CCDC6	10	59906556
LINC01553	10	59960882
ANK3	10	60139087
ARL4AP1	10	60684505
ANK3-DT	10	60734342
CDK1	10	60778457
RNU2-72P	10	60912927
RHOBTB1	10	60944188
LINC00845	10	61016275
TMEM26	10	61453167
TMEM26-AS1	10	61459611
CABCOCO1	10	61662957
LINC02625	10	61825157
ARID5B	10	61974180
RTKN2	10	62268714
LINC02621	10	62289521
RN7SL591P	10	62350006
ZNF365	10	62374353
LINC02929	10	62643773
ALDH7A1P4	10	62741385
ADO	10	62804720
EGR2	10	62816369
RNU6-543P	10	63110139
NRBF2	10	63133315
TATDN1P1	10	63222155
JMJD1C	10	63268875
MIR1296	10	63373048
PRELID1P3	10	63427297
JMJD1C-AS2	10	63430588
JMJD1C-AS1	10	63465206
REEP3	10	63521412
MRPL35P2	10	63634827
RPL7AP50	10	63903245
DBF4P1	10	64170850
RPL17P35	10	64620922
CYP2C61P	10	64763172
ANXA2P3	10	64825572
LINC02671	10	64971078
NEK4P3	10	65054460
MYL6P3	10	65169869
LINC01515	10	65570525
LRRTM3	10	67012290
RPL7AP51	10	67334123
MIR7151	10	67403410
CTNNA3	10	67665617
AKR1B10P1	10	67750284
RPL21P92	10	67793770
RNU6-1250P	10	67808502
RN7SL394P	10	67825600
DNAJC19P1	10	67833763
DNAJC12	10	67838145
RNU6-523P	10	67858871
RPL12P8	10	67874332
SIRT1	10	67884713
RPS3AP38	10	67961464
RN7SL220P	10	68008017
POU5F1P5	10	68010862
HERC4	10	68075143
MYPN	10	68108014
RN7SKP202	10	68158079
ATOH7	10	68232113
LINC02640	10	68238906
KRT19P4	10	68260557
PBLD	10	68307141
HNRNPH3	10	68332071
RUFY2	10	68407236
RPL26P29	10	68424560
RNA5SP319	10	68461407
DNA2	10	68471952
RPL26P27	10	68499532
SLC25A16	10	68527426
TMEM14DP	10	68544833
TET1	10	68560344
COX20P1	10	68632371
RPS3AP37	10	68674356
CCAR1	10	68721239
SNORD98	10	68755172
STOX1	10	68827536
RNU6-697P	10	68846805
DDX50	10	68901305
RNU6-571P	10	68911759
DDX21	10	68956177
MED28P1	10	68991137
KIFBP	10	68998568
ACTBP14	10	69022778
SRGN	10	69088104
VPS26A	10	69124186
RPS12P17	10	69161906
SUPV3L1	10	69180275
HKDC1	10	69220332
RPS15AP28	10	69300817
HK1	10	69318846
TACR2	10	69413100
ATP5MC1P7	10	69433371
TSPAN15	10	69451515
TMEM256P1	10	69523650
NEUROG3	10	69573466
MTATP6P23	10	69590355
MTCO2P23	10	69591262
MTCO1P23	10	69592931
MTND2P15	10	69594932
MTND1P20	10	69596436
FAM241B	10	69630282
LINC02651	10	69684853
RPL5P26	10	69778962
COL13A1	10	69898721
LINC02636	10	70019481
MACROH2A2	10	70090060
AIFM2	10	70132817
TYSND1	10	70146663
CALM2P2	10	70163685
SAR1A	10	70170495
RPS25P9	10	70199239
PPA1	10	70233399
NPFFR1	10	70284004
LRRC20	10	70382356
CEP57L1P1	10	70389426
EIF4EBP2	10	70404144
NODAL	10	70444816
PALD1	10	70478801
YY1P1	10	70486325
PRF1	10	70602714
ADAMTS14	10	70672491
TBATA	10	70785355
RPS26P40	10	70794523
SGPL1	10	70815993
PCBD1	10	70888551
LINC02622	10	70939050
UNC5B	10	71212558
UNC5B-AS1	10	71217986
SLC29A3	10	71319283
CDH23	10	71511120
CDH23-AS1	10	71511873
C10orf105	10	71719778
VSIR	10	71773526
MIR7152	10	71790747
RNU7-38P	10	71844794
PSAP	10	71851285
CHST3	10	71965343
SPOCK2	10	72088511
RPL15P14	10	72189941
ASCC1	10	72215992
ANAPC16	10	72216014
DDIT4	10	72273920
DNAJB12	10	72354917
RNU6-805P	10	72391964
SNX19P4	10	72483245
COX7CP4	10	72560264
RN7SL840P	10	72582803
MICU1	10	72626082
HMGN2P34	10	72636765
MCU	10	72702461
MIR4676	10	72721029
OIT3	10	72893704
NPM1P24	10	72918534
PLA2G12B	10	72954820
RPL17P50	10	73006595
P4HA1	10	73096841
NUDT13	10	73110503
SNORA11F	10	73126207
ECD	10	73168048
FAM149B1	10	73177872
EIF4A2P2	10	73199826
DNAJC9	10	73247261
MRPS16	10	73252637
DNAJC9-AS1	10	73252724
RNU6-833P	10	73279062
CFAP70	10	73358749
ANXA7	10	73414052
RPL26P6	10	73422696
MSS51	10	73433560
PPP3CB-AS1	10	73495721
PPP3CB	10	73495996
RNU6-883P	10	73529157
RPS26P41	10	73537803
USP54	10	73591540
MYOZ1	10	73641493
SYNPO2L-AS1	10	73653959
SYNPO2L	10	73656029
AGAP5	10	73697881
RNA5SP320	10	73706490
BMS1P4	10	73728580
BMS1P4-AGAP5	10	73730466
GLUD1P3	10	73731176
DUSP8P5	10	73731824
SEC24C	10	73744392
FUT11	10	73772427
CHCHD1	10	73782047
ZSWIM8	10	73792745
ZSWIM8-AS1	10	73801399
NDST2	10	73811715
CAMK2G-AS1	10	73813518
CAMK2G	10	73874527
PLAU	10	73911117
C10orf55	10	73922770
VCL	10	73998122
AP3M1	10	74150801
ADK	10	74163895
TIMM9P1	10	74344805
RPSAP6	10	74371535
RAB5CP1	10	74424014
MRPL35P3	10	74527584
NDUFA8P1	10	74641776
POLR3DP1	10	74654956
FAM32CP	10	74744707
KAT6B	10	74826557
DUSP29	10	75073648
PPIAP13	10	75089725
DUSP13B	10	75099515
DUSP13A	10	75109206
SAMD8	10	75111631
RPS26P42	10	75125217
VDAC2	10	75210796
COMTD1	10	75235943
RPL39P25	10	75269545
HMGA1P5	10	75276646
ZNF503-AS1	10	75294191
SPA17P1	10	75382844
ZNF503	10	75401764
ZNF503-AS2	10	75403437
MIR606	10	75552458
RN7SL518P	10	76242301
RNU6-673P	10	76260903
LRMDA	10	76360451
ATP5MC1P8	10	76836568
KCNMA1-AS1	10	76901818
KCNMA1-AS2	10	77144541
KCNMA1-AS3	10	77350895
COX6CP15	10	77433782
KCNMA1	10	77498970
RNA5SP321	10	77587049
RNU6-1266P	10	77777055
IMPDH1P5	10	77781876
DLG5	10	77829442
RN7SL284P	10	77912545
DLG5-AS1	10	77926221
H2AZP5	10	77953495
POLR3A	10	78020101
RPS24	10	78033874
GNAI2P2	10	78069538
LINC00595	10	78267310
LINC00856	10	78267310
ZMIZ1-AS1	10	79067432
ZMIZ1	10	79068992
PPIF	10	79347489
ZCCHC24	10	79445624
TPRX1P1	10	79499984
EIF5AL1	10	79512533
RPS12P18	10	79544087
SFTPA2	10	79560404
MBL3P	10	79584877
SFTPA3P	10	79595660
SFTPA1	10	79610940
LINC02679	10	79632187
BEND3P3	10	79682997
NUTM2B	10	79703253
NUTM2B-AS1	10	79826290
NUTM2E	10	79834048
NPAP1P2	10	79860573
CTSLP6	10	79873903
PGGT1BP2	10	79893175
BMS1P21	10	79906605
MBL1P	10	79920327
SFTPD-AS1	10	79968213
ZNRF2P3	10	79981839
SFTPD	10	79982215
DPY19L2P5	10	79983240
C1DP3	10	80025159
C1DP2	10	80032393
C1DP4	10	80041044
TMEM254-AS1	10	80078892
TMEM254	10	80079153
RPL22P18	10	80125941
PLAC9	10	80132591
ANXA11	10	80204963
LINC00857	10	80207408
RPS12P2	10	80216119
EIF5AP4	10	80247683
MAT1A	10	80289595
ZNF519P1	10	80297720
DYDC1	10	80356714
DYDC2	10	80356790
PRXL2A	10	80408514
TSPAN14	10	80454909
TSPAN14-AS1	10	80536194
SH2D4B	10	80574059
LINC02655	10	80649515
RPS7P9	10	80717068
FARSBP1	10	80778088
WARS2P1	10	80941201
RPA2P2	10	81137335
NRG3	10	81877897
NRG3-AS1	10	82232880
RNU6-441P	10	82340771
RNU6-478P	10	83068071
MARK2P15	10	83314475
LINC02650	10	83677132
RNU6-129P	10	83764358
RNU1-65P	10	84003332
HMGN2P8	10	84081429
GHITM	10	84139561
CERNA2	10	84172094
GPR15LG	10	84175159
CDHR1	10	84198283
LRIT2	10	84225544
LRIT1	10	84241546
RGR	10	84245071
LINC00858	10	84279992
CCSER2	10	84361258
RPL12P29	10	84389626
TNPO1P1	10	84390908
CACYBPP1	10	84456056
RPS3AP5	10	84560443
LINC01519	10	85198467
LINC02647	10	85432775
LINC01520	10	85449664
RNU6-325P	10	85537379
GRID1-AS1	10	85577743
GRID1-AS2	10	85644073
RN7SKP238	10	85650260
RNA5SP322	10	86052448
MIR346	10	86264788
GRID1	10	86366493
RNU6-780P	10	86488446
WAPL	10	86521774
WAPL-DT	10	86521945
RPL7AP8	10	86631628
OPN4	10	86654547
LDB3	10	86668485
BMPR1A	10	86756618
RPAP2P1	10	86856236
RNU1-19P	10	86889569
MMRN2	10	86957585
SNCG	10	86958599
ADIRF	10	86968468
ADIRF-AS1	10	86971311
BMS1P3	10	86992253
AGAP11	10	87001636
FAM25A	10	87020294
RNU6-529P	10	87041341
GLUD1	10	87094397
SHLD2	10	87095186
RN7SL733P	10	87154369
NUTM2A	10	87225474
NUTM2A-AS1	10	87342351
LINC00863	10	87342574
NUTM2D	10	87357744
NPAP1P3	10	87376896
CTSLP1	10	87390203
FAM245A	10	87407698
MIR4678	10	87503881
MINPP1	10	87506363
RPS26P38	10	87642607
PAPSS2	10	87659853
ATAD1	10	87818213
RN7SL78P	10	87833098
CFL1P1	10	87843870
KLLN	10	87863533
MLDHR	10	87863559
PTEN	10	87864449
RPL11P3	10	87945502
MED6P1	10	88049823
RNLS	10	88583331
LIPJ	10	88586762
RPL7P34	10	88618934
LIPF	10	88664450
NAPGP1	10	88699683
LIPK	10	88706249
KRT8P38	10	88727485
LIPN	10	88760001
RCBTB2P1	10	88787061
LIPM	10	88804354
ANKRD22	10	88851829
PTCD2P2	10	88876450
STAMBPL1	10	88880248
ACTA2-AS1	10	88936059
ACTA2	10	88952752
FAS	10	88990805
MIR4679-1	10	89063336
MIR4679-2	10	89063411
CH25H	10	89207317
IFIT2	10	89289717
IFIT3	10	89330857
LIPA	10	89342634
IFIT6P	10	89362294
IFIT1B	10	89378056
IFIT1	10	89392584
IFIT5	10	89414880
SLC16A12-AS1	10	89455987
SLC16A12	10	89535649
MIR107	10	89592827
PANK1	10	89643921
PANK1-AS1	10	89645272
KIF20B	10	89701610
MTND5P42	10	89786610
LINC00865	10	89837907
MARK2P16	10	89839334
LINC01375	10	89957357
SNRPD2P1	10	89978717
RN7SKP143	10	90163960
LINC02653	10	90584893
HTR7	10	90857868
RPP30	10	90871978
ANKRD1	10	90921087
RNU6-740P	10	90922835
LINC00502	10	91033157
DDX18P6	10	91053051
NUDT9P1	10	91153349
PCGF5	10	91163030
HECTD2	10	91410344
RPS27P1	10	91544852
HECTD2-AS1	10	91575224
PPP1R3C	10	91633071
GAPDHP28	10	91667782
FAF2P1	10	91767196
TNKS2-DT	10	91798323
TNKS2	10	91798426
SRP9P1	10	91807439
FGFBP3	10	91909486
BTAF1	10	91923813
SDHCP2	10	92118664
EIF4A1P8	10	92136875
NHP2P1	10	92216332
CPEB3	10	92243277
MARCHF5	10	92299841
RNY3P12	10	92334463
MARK2P9	10	92418667
IDE	10	92541353
KIF11	10	92593111
RPL11P4	10	92597287
RN7SL644P	10	92659044
EIF2S2P3	10	92669743
HHEX	10	92690887
EXOC6	10	92848485
CYP26C1	10	93060803
CYP26C1-DT	10	93061608
CYP26A1	10	93074195
NIP7P1	10	93107383
XRCC6P1	10	93209627
RPL17P34	10	93284558
MYOF	10	93482194
CEP55	10	93496627
RNA5SP323	10	93510680
FFAR4	10	93566682
RBP4	10	93601686
PDE6C	10	93637296
FRA10AC1	10	93702554
LGI1	10	93758110
RAB11AP1	10	93881938
SLC35G1	10	93893986
PIPSL	10	93961540
PLCE1	10	94089095
PLCE1-AS2	10	94108782
HDAC1P1	10	94137748
RNU6-657P	10	94155745
PLCE1-AS1	10	94287071
NOC3L	10	94362955
TBC1D12	10	94402508
HELLS	10	94545821
CTBP2P2	10	94647996
CYP2C18	10	94683729
CYP2C19	10	94762681
MTND4P19	10	94774633
CYP2C58P	10	94873129
RPL7AP52	10	94882554
CYP2C9	10	94938626
MTND4P20	10	94941121
CYP2C59P	10	95007556
CYP2C60P	10	95009674
CYP2C8	10	95069447
PAWRP1	10	95183653
ACSM6	10	95194238
PDLIM1	10	95290999
SORBS1	10	95561369
RPS3AP36	10	95594598
ALDH18A1	10	95656662
TCTN3	10	95693930
ENTPD1	10	95756162
CC2D2B	10	95955771
RPL21P90	10	96000243
CCNJ	10	96043562
MIR3157	10	96064399
ENTPD1-AS1	10	96090155
RNU6-271P	10	96112747
ZNF518A	10	96130056
NPM1P25	10	96190219
BLNK	10	96271517
DNTT	10	96304421
OPALIN	10	96358956
TLL2	10	96513924
NPM1P26	10	96560185
TM9SF3	10	96587012
RNA5SP324	10	96619376
RPS2P36	10	96621707
PIK3AP1	10	96700878
RNU6-1274P	10	96743167
RPL13AP5	10	96750288
MIR607	10	96828764
LCOR	10	96832923
HMGN2P35	10	96915902
SLIT1-AS1	10	97102773
SLIT1	10	97185758
ARHGAP19-SLIT1	10	97224035
ARHGAP19	10	97292643
RPL12P27	10	97309958
FRAT1	10	97320006
FRAT2	10	97334729
RPL34P20	10	97393547
RRP12	10	97401283
PGAM1	10	97426244
EXOSC1	10	97445993
ZDHHC16	10	97446198
MMS19	10	97498407
UBTD1	10	97498924
ANKRD2	10	97572557
HOGA1	10	97584349
C10orf62	10	97589721
MORN4	10	97633500
PI4K2A	10	97640712
AVPI1	10	97687225
MARVELD1	10	97713623
ZFYVE27	10	97737146
SFRP5	10	97771999
GOLGA7B-DT	10	97849817
GOLGA7B	10	97849861
CRTAC1	10	98030412
R3HCC1L	10	98134688
LOXL4	10	98268233
MIR1287	10	98395307
PYROXD2	10	98415155
MIR4685	10	98431360
HPS1-AS1	10	98446353
HPS1	10	98446919
MIR6507	10	98924568
ARL5AP2	10	99013952
RPL7P36	10	99047639
HPSE2	10	99235827
CNNM1	10	99329364
GOT1	10	99430624
GOT1-DT	10	99430957
LINC01475	10	99531236
NKX2-3	10	99532942
SLC25A28	10	99620434
SLC25A28-DT	10	99621231
ENTPD7	10	99659483
EBAG9P1	10	99697949
COX15	10	99732127
CUTC	10	99732235
ABCC2	10	99782803
NANOGP6	10	99789410
DNMBP-AS1	10	99927182
DNMBP	10	100009913
CPN1	10	100081848
TPM4P1	10	100115223
CYP2C23P	10	100140151
SPCS2P2	10	100143995
ERLIN1	10	100186029
CHUK	10	100195942
CHUK-DT	10	100229661
SNORA12	10	100237302
PHB1P9	10	100248271
RNU6-422P	10	100258571
CWF19L1	10	100267637
BLOC1S2	10	100286673
PKD2L1	10	100330100
SCD	10	100347143
OLMALINC	10	100373568
WNT8B	10	100463009
SEC31B	10	100519820
NDUFB8	10	100529874
HIF1AN	10	100535933
PAX2	10	100746179
SLF2	10	100912996
SEMA4G	10	100969562
MIR608	10	100974985
MRPL43	10	100987494
TWNK	10	100987555
LZTS2	10	100998279
PDZD7	10	101031129
SFXN3	10	101031781
KAZALD1	10	101062004
TLX1NB	10	101131186
TLX1	10	101131728
LINC01514	10	101176323
SMARCE1P7	10	101181951
LBX1	10	101230322
LBX1-AS1	10	101236373
LINC02681	10	101278548
RNU2-43P	10	101307529
BTRC	10	101354128
RNU2-59P	10	101365035
POLL	10	101588198
DPCD	10	101588311
MIR3158-1	10	101601417
MIR3158-2	10	101601497
RNU6-1165P	10	101622859
FBXW4	10	101695157
LINC03046	10	101730076
FGF8	10	101776083
NPM3	10	101783417
OGA	10	101818418
KCNIP2-AS1	10	101819056
KCNIP2	10	101843796
ARMH3	10	102056144
HPS6	10	102065349
LDB1	10	102117615
PPRC1	10	102133044
NOLC1	10	102152388
ELOVL3	10	102226299
PITX3	10	102241512
GBF1	10	102365053
NFKB2	10	102395707
PSD	10	102419428
FBXL15	10	102419628
CUEDC2	10	102432590
MIR146B	10	102436512
C10orf95-AS1	10	102449980
C10orf95	10	102451543
MFSD13A	10	102461413
ACTR1A	10	102502701
SUFU	10	102504001
RPL23AP58	10	102573225
RNU6-43P	10	102591524
TRIM8-DT	10	102644140
TRIM8	10	102645130
ARL3	10	102714395
SFXN2	10	102714637
WBP1L	10	102760115
RNU6-1231P	10	102803929
CYP17A1	10	102837414
PFN1P11	10	102845473
PTGES3P4	10	102845595
BORCS7	10	102854267
BORCS7-ASMT	10	102854272
AS3MT	10	102869470
RPL22P17	10	102888188
CNNM2	10	102918317
RPS15AP29	10	103125416
MARCKSL1P1	10	103175554
NT5C2	10	103193288
ST13P13	10	103215709
RPEL1	10	103245887
INA	10	103277138
RNU11-3P	10	103312568
PCGF6	10	103351107
TAF5	10	103367981
MIR1307	10	103394401
ATP5MK	10	103396448
PDCD11	10	103396674
CALHM2	10	103452384
CALHM1	10	103458900
CALHM3	10	103479240
NEURL1-AS1	10	103517440
NEURL1	10	103555232
SH3PXD2A	10	103736866
SH3PXD2A-AS1	10	103746379
STN1	10	103918187
SLK	10	103967169
RN7SL524P	10	103974814
MIR936	10	104048186
COL17A1	10	104085814
SFR1	10	104122114
MIR609	10	104218883
CFAP43	10	104232322
GSTO1	10	104254801
MIR4482	10	104268405
GSTO2	10	104274894
ITPRIP-AS1	10	104314734
ITPRIP	10	104331478
CFAP58-DT	10	104353639
CFAP58	10	104365344
LINC02620	10	104480274
SORCS3-AS1	10	104666216
SORCS3	10	104900109
RNU6-463P	10	105534659
PPIAP38	10	105685865
YWHAZP5	10	105686322
LINC02627	10	105820350
LINC02624	10	106140291
RPL23AP59	10	106550106
SORCS1	10	106629389
RNA5SP325	10	106970021
RNA5SP326	10	107461560
LINC01435	10	108090403
PTGES3P5	10	108296099
LINC02661	10	108709528
MAPKAPK5P1	10	108848186
RN7SKP278	10	108941310
RNU5B-6P	10	109185001
RNU6-839P	10	109239639
PHB2P1	10	109528119
BTF3P15	10	109534655
XIAPP1	10	109680442
RPL21P91	10	109807651
RNU4-5P	10	109869858
XPNPEP1	10	109923438
ADD3-AS1	10	110006050
ADD3	10	110007984
SNRPGP12	10	110139426
MXI1	10	110227125
SMNDC1	10	110304902
HMGB3P5	10	110450629
DUSP5-DT	10	110460368
DUSP5	10	110497908
RPL7P35	10	110550854
SMC3	10	110567727
RN7SKP288	10	110756456
RNA5SP327	10	110761142
RBM20	10	110823588
PDCD4-AS1	10	110871749
PDCD4	10	110872430
MIR4680	10	110898090
BBIP1	10	110919164
SHOC2	10	110919601
RPL13AP6	10	110937233
MIR548E	10	110988926
ADRA2A	10	111077029
BTBD7P2	10	111322778
RPS6P15	10	111498941
GPAM	10	112183773
TECTB	10	112283431
MIR6715A	10	112299612
MIR6715B	10	112299688
GUCY2GP	10	112356574
ACSL5	10	112376210
ZDHHC6	10	112446938
VTI1A	10	112447234
MIR4295	10	112634170
LINC02935	10	112889850
TCF7L2	10	112950757
RPS15AP30	10	112987476
RNU7-165P	10	113353425
PPIAP39	10	113482616
HABP2	10	113553013
NRAP	10	113664042
CASP7	10	113679900
PLEKHS1	10	113758250
MIR4483	10	113778054
DCLRE1A	10	113854334
NHLRC2	10	113854654
ADRB1	10	114043866
RNU6-709P	10	114111414
UBE2V1P5	10	114117147
MIR2110	10	114174179
CCDC186	10	114174202
TDRD1	10	114179353
VWA2	10	114239343
AURKAP2	10	114246074
AFAP1L2	10	114404526
RN7SL384P	10	114424067
ABLIM1	10	114610717
PPIAP19	10	114690634
TAF9BP2	10	114809375
FHIP2A	10	114821775
RPL15P13	10	114900722
TRUB1	10	114938230
RNU6-1121P	10	114969568
LINC02626	10	114994657
ATRNL1	10	115132556
NTAN1P1	10	115820487
GFRA1	10	116273021
CCDC172	10	116324761
SNRPGP6	10	116409256
PNLIPRP3	10	116427847
HMGB3P8	10	116440044
RNU6-1090P	10	116538183
PNLIP	10	116546012
PNLIPP1	10	116577308
PNLIPRP1	10	116591016
PNLIPRP2	10	116620968
HSPA12A-AS1	10	116670063
SPMIP5	10	116670252
HSPA12A	10	116742564
RPL5P27	10	116749905
ENO4	10	116849512
SHTN1	10	117005187
VAX1	10	117138285
MIR3663	10	117167774
MIR3663HG	10	117169059
RPL12P26	10	117196654
KCNK18	10	117197223
SLC18A2	10	117241149
SLC18A2-AS1	10	117241997
PDZD8	10	117374481
EMX2OS	10	117542525
EMX2	10	117543157
LINC02674	10	117734918
RAB11FIP2	10	118046592
CASC2	10	118046987
LINC02944	10	118241495
FAM204A	10	118342295
LINC00867	10	118342360
SLC25A18P1	10	118572871
PRLHR	10	118595648
TOMM22P5	10	118643760
CACUL1	10	118754710
RPL17P36	10	118872602
LDHAP5	10	118933295
LINC03036	10	119026273
NANOS1	10	119030070
SNORA19	10	119060138
EIF3A	10	119080806
DENND10	10	119104113
SFXN4	10	119165563
PRDX3	10	119178807
GRK5	10	119207657
GRK5-IT1	10	119208531
RN7SL749P	10	119212857
GRK5-AS1	10	119336106
MIR4681	10	119377972
RGS10	10	119539610
TIAL1	10	119596495
RAD1P1	10	119621068
RPS8P4	10	119638456
BAG3	10	119651381
TXNP1	10	119683823
INPP5F	10	119726208
RN7SL846P	10	119768247
PHACTR2P1	10	119816642
MCMBP	10	119872885
SEC23IP	10	119892734
MIR4682	10	119958513
NACAP2	10	119997709
RPL21P16	10	120355183
PLPP4	10	120503579
LINC01561	10	120597949
LINC02930	10	120657087
WDR11-DT	10	120830874
WDR11	10	120865556
RPL19P16	10	121133723
LINC01153	10	121178700
RN7SKP167	10	121410916
FGFR2	10	121594060
RPS15AP5	10	121713607
ATE1	10	121928013
ATE1OSP	10	121948188
NSMCE4A	10	121975183
TACC2	10	122113047
BTBD16	10	122291081
RNU6-728P	10	122345690
PLEKHA1	10	122375110
MIR3941	10	122416965
ARMS2	10	122454653
HTRA1-AS1	10	122458858
HTRA1	10	122461563
DMBT1	10	122592570
SPADH	10	122672850
C10orf120	10	122699807
DMBT1L1	10	122756694
CUZD1	10	122845855
FAM24B	10	122879581
C10orf88B	10	122879851
FAM24A	10	122910610
C10orf88	10	122953117
PSTK	10	122980531
IKZF5	10	123008803
ACADSB	10	123009001
HMX3	10	123135970
HMX2	10	123148136
BUB3	10	123154408
RPS26P39	10	123171875
LINC02641	10	123429067
GPR26	10	123666355
CPXM2	10	123891815
YBX2P1	10	123991910
CHST15	10	124091561
OAT	10	124418874
NKX1-2	10	124450035
LHPP	10	124461845
RPS10P18	10	124490578
FAM53B-AS1	10	124704022
FAM53B	10	124739877
EEF1AKMT2	10	124791866
ABRAXAS2	10	124801819
NPM1P31	10	124867510
ZRANB1	10	124961767
MIR4296	10	125032870
CTBP2	10	125159941
MRPS21P6	10	125166677
RPS27P18	10	125473932
TEX36-AS1	10	125574377
ALDOAP2	10	125667950
TEX36	10	125683130
EDRF1-DT	10	125719489
EDRF1	10	125725766
EDRF1-AS1	10	125752073
MMP21	10	125774846
MIR4484	10	125819740
UROS	10	125823200
BCCIP	10	125823542
DHX32	10	125889890
RNU2-42P	10	125890678
GNG10P1	10	125960406
FANK1-AS1	10	125973126
FANK1	10	125973499
ADAM12	10	126132546
RNA5SP328	10	126145582
SAR1AP2	10	126272818
LINC00601	10	126422789
C10orf90	10	126521453
DOCK1	10	126905446
INSYN2A	10	127196291
NPS	10	127549309
FOXI2	10	127737185
BUB1P1	10	127867881
CLRN3	10	127892939
PTPRE	10	127919543
MKI67	10	128126219
LINC01163	10	128234289
LINC02667	10	128912809
MGMT	10	129468037
LINC02666	10	129784869
MIR4297	10	129843374
EBF3-AS1	10	129857638
EBF3	10	129964267
CTAGE7P	10	130106046
C10orf143	10	130110820
PPIAP32	10	130132241
GLRX3	10	130136407
LINC02646	10	130301793
MIR378C	10	130962668
TCERG1L-AS1	10	131094838
TCERG1L	10	131311721
LINC01164	10	131775468
PPP2R2D	10	131901040
BNIP3	10	131981965
JAKMIP3	10	132066012
JAKMIP3-AS1	10	132185728
DPYSL4	10	132186948
STK32C	10	132307950
LRRC27	10	132333734
PWWP2B	10	132397186
LINC03068	10	132441914
LINC02870	10	132445171
LINC01165	10	132522449
INPP5A	10	132537804
NKX6-2	10	132785456
CFAP46	10	132913389
LINC01166	10	132965290
LINC01168	10	132965520
ADGRA1-AS1	10	133086697
ADGRA1	10	133088213
RPL5P28	10	133145304
KNDC1	10	133160486
UTF1	10	133230217
VENTX	10	133237385
MIR202	10	133247620
MIR202HG	10	133247892
ADAM8	10	133276856
TUBGCP2	10	133308850
ZNF511	10	133308938
ZNF511-PRAP1	10	133309410
CALY	10	133336872
BANF1P2	10	133344906
PRAP1	10	133347368
FUOM	10	133358015
MIR3944	10	133371663
ECHS1	10	133373365
PAOX	10	133379271
MTG1	10	133394185
SPRN	10	133424572
OR6L2P	10	133431318
SCART1	10	133455091
OR7M1P	10	133481238
CYP2E1	10	133527362
SYCE1	10	133565579
OR6L1P	10	133576031
FRG2B	10	133626793
RARRES2P2	10	133637892
AGGF1P2	10	133640789
CLUHP5	10	133660635
DUX4L28	10	133664429
DUX4L25	10	133667151
DUX4L24	10	133670450
DUX4L23	10	133673749
DUX4L22	10	133677059
DUX4L21	10	133680369
DUX4L20	10	133683668
DUX4L29	10	133740606
DUX4L10	10	133743332
DUX4L11	10	133746641
DUX4L12	10	133749950
DUX4L13	10	133753250
DUX4L14	10	133756559
DUX4L15	10	133759859
RPL23AP60	10	133778246
WBP1LP10	11	75780
OR4F2P	11	87586
CICP23	11	123312
LINC01001	11	139057
RNU6-447P	11	153102
SCGB1C1	11	193078
CIMAP1A	11	196795
BET1L	11	207380
RIC8A	11	208840
MIR6743	11	209336
SIRT3	11	236347
PSMD13	11	237000
COX8BP	11	253558
NLRP6	11	278570
PGGHG	11	289135
IFITM5	11	299526
IFITM2	11	308133
IFITM1	11	313527
IFITM3	11	321747
IFITM3-AS1	11	327171
B4GALNT4	11	369509
PKP3	11	394226
SIGIRR	11	415001
RN7SL838P	11	440693
ANO9	11	441998
PTDSS2	11	450354
RNH1	11	506797
HRAS	11	535538
LRRC56	11	537514
LMNTD2-AS1	11	559183
LMNTD2	11	560431
RASSF7	11	560986
MIR210	11	568198
MIR210HG	11	568447
PHRF1	11	576478
IRF7	11	615728
CDHR5	11	624960
SCT	11	627181
DRD4	11	638163
DEAF1	11	694917
TMEM80	11	695799
EPS8L2	11	706235
TALDO1	11	747425
GATD1	11	777471
GATD1-DT	11	777603
CEND1	11	790091
SLC25A22	11	796255
PANO1	11	797511
PIDD1	11	805103
RPLP2	11	809956
SNORA52	11	811681
PNPLA2	11	819590
CRACR2B	11	827296
CD151	11	832986
POLR2L	11	842533
TSPAN4	11	843270
CHID1	11	910838
RNU6-1025P	11	948421
AP2A2	11	984191
MUC6	11	1026971
LINC02688	11	1049865
MUC2	11	1087322
MUC5AC	11	1157953
MUC5B	11	1243073
MUC5B-AS1	11	1249676
MIR6744	11	1256605
TOLLIP	11	1309617
TOLLIP-DT	11	1309769
LINC02689	11	1350392
BRSK2	11	1409400
MOB2	11	1481585
DUSP8	11	1572283
KRTAP5-AS1	11	1573413
KRTAP5-1	11	1585283
KRTAP5-2	11	1598294
KRTAP5-3	11	1608463
KRTAP5-4	11	1622138
KRTAP5-5	11	1629775
FAM99A	11	1665622
FAM99B	11	1685629
LINC02708	11	1686871
KRTAP5-6	11	1697195
IFITM10	11	1750580
PRADX	11	1760348
CTSD	11	1763916
RPL36AP39	11	1792553
SYT8	11	1834444
TNNI2	11	1839697
MIR4298	11	1859536
LSP1	11	1864668
MIR7847	11	1880045
PRR33	11	1891895
LINC01150	11	1897031
TNNT3	11	1919721
MRPL23	11	1947344
MRPL23-AS1	11	1989970
LINC01219	11	1990990
MIR675	11	1996831
H19	11	1997862
MIR483	11	2134209
IGF2	11	2140202
IGF2-AS	11	2140517
INS	11	2161204
INS-IGF2	11	2161209
TH	11	2171805
MIR4686	11	2173063
ASCL2	11	2270588
TSPAN32	11	2302141
C11orf21	11	2302507
RNU6-878P	11	2321718
RPL26P30	11	2335749
CD81-AS1	11	2377990
CD81	11	2384656
TSSC4	11	2400768
TRPM5	11	2423042
KCNQ1	11	2445165
KCNQ1OT1	11	2699995
COX6CP18	11	2771356
KCNQ1DN	11	2870033
KCNQ1-AS1	11	2870821
CDKN1C	11	2885757
SLC67A1	11	2902331
SLC67A1-AS	11	2903258
PHLDA2	11	2929392
SNORA54	11	2963893
NAP1L4	11	2992247
CARS1-AS1	11	3029201
RNU1-91P	11	3048521
CARS1	11	3057415
OSBPL5	11	3164848
MRGPRG-AS1	11	3218375
MRGPRG	11	3218813
MRGPRE	11	3232417
NDUFA5P8	11	3276045
NDUFA5P1	11	3321862
ZNF195	11	3379133
OR7E12P	11	3391752
TSSC2	11	3401759
FAM86GP	11	3422496
ENPP7P15	11	3500621
SNRPCP5	11	3531420
RPS3AP39	11	3550519
RPS24P14	11	3559657
VPS51P5	11	3591615
OR7E117P	11	3600706
XNDC1CP	11	3604300
TRPC2	11	3626447
ART5	11	3642001
ART1	11	3645121
CHRNA10	11	3671367
RNU6-1143P	11	3714875
RNU7-50P	11	3781395
NUP98	11	3782089
PGAP2	11	3797989
RHOG	11	3840841
STIM1-AS1	11	3855606
MIR4687	11	3856062
STIM1	11	3856179
PPIAP40	11	3892887
HNRNPA1P76	11	3974237
RPS29P20	11	4018948
RRM1	11	4101928
RRM1-AS1	11	4138257
OR55B1P	11	4147295
LINC02749	11	4179675
RDXP1	11	4212091
SSU72L5	11	4233217
SSU72L2	11	4242706
SSU72P6	11	4278705
SSU72L4	11	4288185
SSU72L3	11	4329790
SSU72L1	11	4339345
OR52B4	11	4368386
OR52B3P	11	4378282
TRIM21	11	4393702
OR51R1P	11	4418060
OR52P2P	11	4432277
OR52K2	11	4449295
OR52K3P	11	4474813
OR52K1	11	4482646
OR52M2P	11	4515924
OR52M1	11	4545191
C11orf40	11	4577820
OR52I2	11	4584267
OR52I1	11	4594039
TRIM68	11	4608184
OR51D1	11	4638596
OR51E1	11	4643701
OR51A9P	11	4661763
OR51C1	11	4697853
OR51E2	11	4697853
MMP26	11	4704927
OR51F5P	11	4709569
OR51C4P	11	4718612
KRT8P49	11	4724171
OR51F3P	11	4737078
OR51F4P	11	4752944
OR51F1	11	4769938
OR51N1P	11	4786754
OR52Y1P	11	4795284
OR52R1	11	4804380
OR51F2	11	4821321
OR51A8P	11	4832133
OR51S1	11	4849208
OR51H1	11	4860564
OR51H2P	11	4876557
OR51T1	11	4881859
OR51A6P	11	4890596
OR51A7	11	4905558
OR51G2	11	4919350
OR51G1	11	4924339
OR51A3P	11	4938294
OR51A4	11	4947605
OR51A2	11	4955713
OR51A5P	11	4973884
OR51L1	11	4994851
OR51P1P	11	5015138
OR52J2P	11	5037013
OR52J3	11	5046526
OR52E2	11	5059627
OR52E1	11	5069572
OR52S1P	11	5077066
OR52E3P	11	5092676
OR52J1P	11	5104153
OR52A4P	11	5121578
OR52A5	11	5138303
OR52A1	11	5154757
OR51A1P	11	5171296
OR52Z1P	11	5178664
OR51V1	11	5200682
HBB	11	5227134
HBD	11	5235370
HBBP1	11	5243537
BGLT3	11	5245546
HBG1	11	5249855
HBG2	11	5254781
OR51AB1P	11	5292380
OR51B4	11	5301946
OR51B3P	11	5315684
OR51B2	11	5324297
OR51B8P	11	5331360
OR51B6	11	5351508
TMEM258P1	11	5362615
OR51M1	11	5386594
OR51J1	11	5402597
OR51Q1	11	5422111
OR51K1P	11	5431602
OR51I1	11	5441514
OR51I2	11	5449323
OR51A10P	11	5469422
OR52D1	11	5488685
HBE1	11	5505604
OR51B5	11	5505613
UBQLN3	11	5509957
UBQLNL	11	5517565
OLFM5P	11	5524955
OR52V1P	11	5528174
OR52H1	11	5547044
OR52H2P	11	5552563
OR52B5P	11	5560967
OR52T1P	11	5567616
HNRNPA1P53	11	5572192
OR52B6	11	5580877
TRIM6	11	5596700
TRIM6-TRIM34	11	5596725
TRIM34	11	5625003
TRIM5	11	5685043
TRIM22	11	5689806
OR52U1P	11	5719290
OR52P1	11	5726502
OR56B1	11	5736448
OR52N4	11	5754243
OR56B2	11	5761153
OR52N5	11	5781011
OR52N1	11	5791265
OR52N3P	11	5800364
OR52N2	11	5808914
OR52E6	11	5841924
OR52E8	11	5857690
OR52E7P	11	5873960
OR52E4	11	5880629
OR52E5	11	5893208
OR52Q1P	11	5903767
OR56A3	11	5940501
OR56A5	11	5968494
OR52L1	11	5986985
KRT18P58	11	5994995
OR56A4	11	6005070
RNA5SP329	11	6016996
OR56A1	11	6030758
OR56A7P	11	6046747
OR52L2P	11	6058275
OR52X1P	11	6067786
OR56B4	11	6107684
OR56B3P	11	6128610
OR52B1P	11	6152549
OR52B2	11	6170326
OR52W1	11	6199224
C11orf42	11	6205557
FHIP1B	11	6234640
CNGA4	11	6239089
CCKBR	11	6259861
CAVIN3	11	6320506
SMPD1	11	6390474
APBB1	11	6412550
HPX	11	6440990
TRIM3	11	6457733
ARFIP2	11	6481323
TIMM10B	11	6481501
DNHD1	11	6558054
RRP8	11	6603591
ILK	11	6603774
TAF10	11	6612183
TPP1	11	6619376
DCHS1-AS1	11	6621451
DCHS1	11	6644849
MRPL17	11	6683340
RPL21P94	11	6686369
GVINP1	11	6721880
GVINP2	11	6748131
OR2AG2	11	6771976
OR2AG1	11	6783020
OR6A2	11	6799689
OR10A5	11	6845683
OR10A2	11	6863057
OR10A4	11	6876625
OR2D2	11	6892500
OR2D3	11	6921002
ZNF215	11	6926463
ZNF214	11	7020335
NLRP14	11	7020470
RBMXL2	11	7088998
MIR302E	11	7234766
SYT9	11	7251904
OLFML1	11	7485516
SYT9-AS1	11	7504872
PPFIBP2	11	7577078
CYB5R2	11	7674146
OVCH2	11	7705534
OR10AB1P	11	7728400
OR5P4P	11	7745990
OR5P1P	11	7773814
RPL7AP55	11	7783697
OR5P2	11	7796942
OR5P3	11	7830840
OR5E1P	11	7848700
RNU6-943P	11	7889279
OR10A6	11	7931268
OR10A3	11	7941708
NLRP10	11	7964552
COX6CP5	11	7977481
EIF3F	11	7987357
CASC23	11	8016520
TUB	11	8059902
TUB-AS1	11	8060038
RIC3	11	8168998
RIC3-DT	11	8169106
LMO1	11	8263878
STK33	11	8594197
TRIM66	11	8668184
RPL27A	11	8682810
SNORA3A	11	8684227
SNORA3B	11	8685439
DENND2B-AS1	11	8784519
DENND2B	11	8810724
RNA5SP330	11	8845263
AKIP1	11	8911245
C11orf16	11	8932983
ASCL3	11	8943016
TMEM9B	11	8964442
TMEM9B-AS1	11	8964517
NRIP3	11	9004025
NRIP3-DT	11	9004143
MIR5691	11	9090379
SCUBE2	11	9091621
KRT8P41	11	9094377
DENND5A	11	9183326
PRR13P2	11	9311689
TMEM41B	11	9314593
IPO7	11	9384764
SNORA23	11	9428773
ZNF143-AS1	11	9460702
ZNF143	11	9461014
WEE1	11	9575496
RPL23AP65	11	9606142
RPL21P97	11	9660438
SWAP70	11	9664104
RN7SKP50	11	9680924
SBF2-AS1	11	9758633
LINC02709	11	9758848
RNU7-28P	11	9843876
SBF2	11	10044615
ADM-DT	11	10303707
ADM	11	10305086
RNU6ATAC33P	11	10399317
AMPD3	11	10450404
MIR4485	11	10508326
RNF141	11	10541189
IRAG1-AS1	11	10557408
LYVE1	11	10568687
IRAG1	11	10693569
CTR9	11	10766334
SNORD97	11	10801608
EIF4G2	11	10807677
ZBED5	11	10858032
ZBED5-AS1	11	10858267
LINC02752	11	11069368
MTND5P21	11	11239759
CSNK2A3	11	11353250
GALNT18	11	11622012
MIR4299	11	11656722
MIR8070	11	11783222
USP47	11	11841987
H3P33	11	11856859
DKK3	11	12009244
LINC02547	11	12030875
LINC02989	11	12086885
MICAL2	11	12116696
MIR6124	11	12163683
PARVA	11	12377580
TEAD1	11	12675503
LINC00958	11	12989562
RASSF10-DT	11	13009157
RASSF10	11	13009316
BMAL1	11	13277830
RN7SKP151	11	13353208
BTBD10	11	13463226
PTH	11	13496089
HMGN2P36	11	13610771
FAR1	11	13668718
FAR1-IT1	11	13669327
RPL39P26	11	13685656
CENPUP1	11	13756027
LINC02548	11	13784029
LINC02545	11	13872408
RNA5SP331	11	13907590
LINC02683	11	13926089
SPON1	11	13962723
RNA5SP332	11	14134986
SPON1-AS1	11	14273691
RRAS2	11	14359144
RNU7-49P	11	14478892
COPB1	11	14499810
PSMA1	11	14520366
PDE3B	11	14643765
MORF4L1P3	11	14674555
CYP2R1	11	14891585
CALCP	11	14907518
CALCA	11	14972310
OR7E41P	11	14988694
CALCB	11	15073577
INSC	11	15120130
LINC02751	11	15585708
LINC02682	11	15910948
MIR6073	11	15969621
AKR1B1P3	11	16484671
RN7SL188P	11	16576851
SOX6	11	16604333
C11orf58	11	16738655
PLEKHA7	11	16817415
RN7SKP90	11	16842253
RPL36AP37	11	16975013
OR7E14P	11	17052025
SNORD14A	11	17074744
SNORD14B	11	17075868
RPS13	11	17077673
RNU6-593P	11	17115763
RPL34P24	11	17138265
RPL29P21	11	17193489
PIK3C2A	11	17207959
NUCB2	11	17276735
NCR3LG1	11	17351849
KCNJ11	11	17388902
SDHCP4	11	17436181
ABCC8	11	17476675
USH1C	11	17533510
OTOG	11	17548052
LINC02729	11	17696981
MYOD1	11	17719571
KCNC1	11	17772483
SERGEF	11	18012918
TPH1	11	18041325
SAAL1	11	18106070
HIGD1AP5	11	18106583
SAA3P	11	18116078
MRGPRX3	11	18126763
MRGPRX12P	11	18153277
MRGPRX4	11	18172837
GLTPP1	11	18189000
MRGPRX13P	11	18196657
SLC25A51P4	11	18209138
SAA4	11	18236806
RNA5SP333	11	18248506
SAA2-SAA4	11	18248635
SAA2	11	18248639
ST13P5	11	18261982
SAA1	11	18266261
RNA5SP334	11	18266393
HPS5	11	18322154
GTF2H1	11	18322569
MIR3159	11	18387787
LDHA	11	18394612
LDHC	11	18412327
LDHAL6A	11	18455840
YWHABP2	11	18490955
TSG101	11	18526913
UEVLD	11	18588700
MTCH1P2	11	18596571
MISFA	11	18599796
SPTY2D1	11	18634389
SRSF3P1	11	18665050
TMEM86A	11	18698791
IGSF22-AS1	11	18706481
IGSF22	11	18726181
PTPN5	11	18791774
MRGPRX8P	11	18836304
MRGPRX7P	11	18864509
MRGPRX6P	11	18887920
MRGPRX5P	11	18911396
MRGPRX1	11	18937208
MRGPRX11P	11	18957015
MRGPRX10P	11	18972703
MRGPRX9P	11	19030438
MRGPRX2	11	19060717
ZDHHC13	11	19117168
CSRP3	11	19201987
CSRP3-AS1	11	19209823
E2F8	11	19241282
PCNAP4	11	19275269
NAV2-IT1	11	19380484
RNA5SP335	11	19401981
NAV2-AS5	11	19506564
NAV2-AS4	11	19524054
MIR4486	11	19575310
LEISA1	11	19712619
MIR4694	11	19760083
NAV2-AS3	11	19981337
NAV2	11	20022697
NAV2-AS2	11	20049354
NAV2-AS1	11	20120632
DBX1	11	20160475
HTATIP2	11	20363725
PRMT3	11	20387635
HMGB1P40	11	20574186
SLC6A5	11	20599608
NELL1	11	20770022
RNA5SP336	11	21000997
NELL1-AS1	11	21262597
RNA5SP337	11	21383909
ANO5	11	22193087
SLC17A6-DT	11	22338224
SLC17A6	11	22342977
LINC01495	11	22492062
FANCF	11	22625823
GAS2	11	22666628
RNA5SP338	11	22688351
SVIP	11	22829571
CCDC179	11	22859313
LINC02718	11	23163494
WIZP1	11	23403805
MIR8054	11	23419190
THAP12P4	11	23478068
LINC02726	11	23730552
RNU6-783P	11	23849778
LINC02686	11	24262223
LUZP2	11	24497167
RPL36AP40	11	25588795
LINC02699	11	25734771
ANO3-AS1	11	26332006
ANO3	11	26332121
MUC15	11	26572121
SLC5A12	11	26722060
FIBIN	11	26994112
BBOX1	11	27041155
BBOX1-AS1	11	27219953
CCDC34	11	27363224
LGR4-AS1	11	27471729
LGR4	11	27472544
LIN7C	11	27506769
BDNF-AS	11	27506850
MIR8087	11	27515047
RNA5SP339	11	27521726
LINC00678	11	27634582
BDNF	11	27700659
CBX3P1	11	27806443
HSP90AA2P	11	27891033
MIR610	11	28056815
KIF18A	11	28108150
METTL15	11	28108388
ATP5MGP8	11	28145204
RN7SKP158	11	28261519
MIR8068	11	28477548
LINC02758	11	28679183
LINC02742	11	28741591
OR2BH1P	11	28986635
EEF1A1P47	11	29275655
LINC02755	11	29328868
LINC03096	11	29450598
LINC02546	11	29618771
HNRNPRP2	11	29669628
RN7SL240P	11	29721684
RPL7AP58	11	29725764
LINC01616	11	29982392
KCNA4	11	30016264
FSHB	11	30231015
ARL14EP-DT	11	30322986
ARL14EP	11	30323164
RPL12P30	11	30368148
MPPED2-AS1	11	30584075
MPPED2	11	30584774
DCDC1	11	31184640
CYCSP25	11	31280987
DNAJC24	11	31369860
IMMP1L	11	31509603
ELP4	11	31509779
ELP4-AS1	11	31767875
PAX6	11	31810143
PAUPAR	11	31816516
LINC03031	11	32041332
EIF4A2P5	11	32085111
RCN1	11	32094072
THEM7P	11	32254395
WT1	11	32406439
WT1-AS	11	32435720
EIF3M	11	32583836
HNRNPA3P9	11	32592771
CCDC73	11	32794634
PRRG4	11	32829927
QSER1	11	32926340
DEPDC7	11	33015910
TCP11L1	11	33039908
LINC00294	11	33076149
PIGCP1	11	33076460
CSTF3	11	33161492
CSTF3-DT	11	33161653
RPL29P23	11	33190503
HIPK3	11	33257429
KIAA1549L	11	33376466
C11orf91	11	33700611
CD59	11	33736408
FBXO3	11	33774503
FBXO3-DT	11	33774698
SPICP1	11	33787795
LINC02721	11	33822378
LMO2	11	33870312
CAPRIN1	11	34052254
NAT10	11	34105671
MMADHCP2	11	34336003
ABTB2	11	34358007
CIR1P3	11	34430880
CAT	11	34438953
ELF5	11	34513779
LINC02707	11	34570876
EHF	11	34624250
APIP	11	34916381
PDHX	11	34916636
MIR1343	11	34941837
CD44-DT	11	35138981
CD44	11	35176634
CD44-AS1	11	35214985
SLC1A2-AS1	11	35238018
SLC1A2	11	35419003
SLC1A2-AS2	11	35419009
PAMR1	11	35525670
FJX1	11	35619074
TRIM44	11	35662774
KRT18P14	11	35861498
LDLRAD3	11	35944071
WEE2P1	11	35968676
RPL12P31	11	35997675
MIR3973	11	36010098
COMMD9	11	36289425
PRR5L	11	36376376
TRAF6	11	36510264
RAG1	11	36510709
IFTAP	11	36594523
RAG2	11	36598233
RPL7AP56	11	37725666
LINC02760	11	37938601
DNAAF11P1	11	38211389
LINC02759	11	38646369
LINC01493	11	38646487
RNU6-99P	11	39261107
LRRC4C	11	40294122
RNU6-365P	11	41123012
LINC02741	11	41713428
LINC01499	11	41717716
LINC02745	11	42085497
LINC02740	11	42253688
HNRNPKP3	11	43269409
API5	11	43311996
TTC17	11	43387697
RN7SKP287	11	43435397
PPIAP41	11	43466392
CTBP2P6	11	43522036
MIR670	11	43559656
MIR670HG	11	43576464
MIR129-2	11	43581394
HSD17B12	11	43680788
RPL23AP63	11	43718676
PHB1P2	11	43733759
ALKBH3	11	43881725
SEC14L1P1	11	43897456
ALKBH3-AS1	11	43920908
C11orf96	11	43942637
ACCSL	11	44047998
ACCS	11	44066523
EXT2	11	44095882
ALX4	11	44310139
RPL7AP79	11	44540693
CD82	11	44565667
CD82-AS1	11	44605337
RPL34P22	11	44629357
LINC02704	11	44701389
TSPAN18	11	44727174
TSPAN18-AS1	11	44736692
TP53I11	11	44950845
LINC02685	11	44973793
PRDM11	11	45147343
SYT13	11	45286067
LINC02687	11	45355473
CHST1	11	45665594
MIR7154	11	45691776
LINC02716	11	45771402
LINC02690	11	45771865
SLC35C1	11	45804213
CRY2	11	45847484
MAPK8IP1	11	45891100
FREY1	11	45907271
PEX16	11	45917877
LARGE2	11	45922685
PHF21A	11	46120961
FBLIM1P2	11	46142716
LINC02710	11	46219788
LINC02489	11	46274417
CREB3L1	11	46303020
DGKZ	11	46347550
MIR4688	11	46376402
MDK	11	46381680
CHRM4	11	46391776
MIR3160-2	11	46451807
MIR3160-1	11	46451889
AMBRA1	11	46594017
HARBI1	11	46617194
ATG13	11	46617569
ARHGAP1	11	46700601
ZNF408	11	46701031
F2	11	46719213
MIR5582	11	46753192
SNORD67	11	46762499
CKAP5	11	46846240
LRP4-AS1	11	46846400
LRP4	11	46904118
CSTPP1	11	46936773
ARFGAP2	11	47176869
MIR6745	11	47179737
PACSIN3	11	47185847
DDB2	11	47215042
ACP2	11	47248809
NR1H3	11	47257714
MADD	11	47270118
MADD-AS1	11	47272092
MYBPC3	11	47352702
SPI1	11	47378505
SLC39A13-AS1	11	47395772
MIR4487	11	47400970
SLC39A13	11	47408611
PSMC3	11	47426352
RAPSN	11	47449143
CELF1	11	47524632
RN7SL652P	11	47557833
PTPMT1	11	47565591
RNU5E-10P	11	47576588
KBTBD4	11	47578967
NDUFS3	11	47579079
FAM180B	11	47586442
C1QTNF4	11	47594285
MTCH2	11	47642547
AGBL2	11	47714798
FNBP4	11	47744143
RNA5SP340	11	47804402
YPEL5P2	11	47841324
NUP160	11	47848332
PTPRJ	11	47980653
PTPRJ-AS1	11	48015855
MIR3161	11	48096782
OR4B1	11	48216810
OR4B2P	11	48227429
OR4X2	11	48245104
OR4X1	11	48263861
OR4S1	11	48306223
OR4C3	11	48324920
OR4C4P	11	48352447
OR4C5	11	48366465
OR4C2P	11	48420210
OR4C10P	11	48433147
OR4C9P	11	48464977
OR4R1P	11	48486825
OR4A47	11	48488793
OR4A48P	11	48492026
OR4A46P	11	48496348
OR4A40P	11	48512273
OR4A43P	11	48526064
OR4A45P	11	48579436
OR4A41P	11	48589760
OR4A42P	11	48610063
OR4A44P	11	48627546
ANKRD33BP2	11	48902181
TRIM51CP	11	48945694
TRIM51G	11	48983885
TRIM53CP	11	48991881
TRIM49B	11	49028162
ANKRD33BP3	11	49050159
TRIM64C	11	49059112
UBTFL7	11	49081907
TRIM77BP	11	49124570
UBTFL9	11	49134800
FOLH1	11	49208532
NOX4P1	11	49305714
CBX3P8	11	49406190
TYRL	11	49415789
GRM5P1	11	49560860
TRIM51FP	11	49839320
TRIM51DP	11	49874945
ANKRD33BP5	11	49893777
OR4A1P	11	49899186
OR4A49P	11	49915644
OR4A18P	11	49918478
OR4A19P	11	49921414
OR4R3P	11	49923049
OR4C13	11	49952391
OR4C12	11	49982535
OR4C48P	11	50018798
OR4C45	11	50032874
OR4C49P	11	50054309
GTF2IP11	11	50102898
PHKG1P3	11	50247761
SEPTIN7P11	11	50295334
LINC02750	11	50298588
OR4C50P	11	54591480
OR4C46	11	54603998
OR4C7P	11	54635955
OR4R2P	11	54657716
OR4A4P	11	54659667
OR4A3P	11	54662580
OR4A2P	11	54667298
OR4A8	11	54682877
OR4A7P	11	54692450
OR4A5	11	54706832
OR4A6P	11	54724847
TRIM48	11	55262155
TRIM51HP	11	55298270
OR4A11P	11	55318560
OR4A12P	11	55325756
OR4A16	11	55343201
OR4A15	11	55367974
OR4A9P	11	55388529
OR4X7P	11	55411526
OR4A10P	11	55430478
OR4A17P	11	55444435
OR4A13P	11	55466771
OR4A50P	11	55475943
OR4A21P	11	55491205
OR4C1P	11	55509729
OR4C14P	11	55537002
OR4C15	11	55554388
OR4C16	11	55572128
OR4C11	11	55607645
OR4P4	11	55635113
OR4S2	11	55648327
OR4C6	11	55663669
OR4V1P	11	55673536
OR4P1P	11	55683239
OR5D2P	11	55714799
OR5D3P	11	55723776
OR5D17P	11	55754977
OR5D13	11	55773438
OR5D15P	11	55786964
OR5D14	11	55795556
OR5L1	11	55811367
OR5D18	11	55819630
OR5L2	11	55827219
OR5D16	11	55838752
OR9M1P	11	55855592
ANKRD33BP6	11	55874537
TRIM51	11	55884608
OR5W1P	11	55904278
OR5W2	11	55914582
OR5I1	11	55936400
OR10AF1P	11	55948924
OR10AK1P	11	55957630
OR10AG1	11	55969229
OR7E5P	11	55980103
OR5F1	11	55994625
OR5F2P	11	56015957
OR5AS1	11	56027654
OR5AQ1P	11	56054377
OR5J1P	11	56071111
OR5BE1P	11	56082801
OR8I2	11	56093308
OR8I4P	11	56097384
OR8H2	11	56104352
OR5BN2P	11	56117256
OR8H3	11	56122373
OR5BN1P	11	56133494
OR8J3	11	56140201
OR8K4P	11	56143387
OR8K5	11	56160317
OR5J7P	11	56165500
OR5J2	11	56176618
OR8V1P	11	56189251
NAA50P1	11	56205625
OR8J2	11	56215222
OR5T2	11	56234255
OR5T3	11	56252254
OR5T1	11	56274154
OR8H1	11	56291672
OR8I1P	11	56297471
OR8K3	11	56315144
FAM8A2P	11	56332488
OR8K2P	11	56335142
OR8K1	11	56346039
OR8J1	11	56357253
RPL5P29	11	56357328
OR8U1	11	56375624
OR8L1P	11	56381635
OR5AL2P	11	56393729
OR5AL1	11	56412696
OR8U3	11	56418232
OR5M4P	11	56448668
OR5M9	11	56463401
OR5M3	11	56473352
OR5M2P	11	56480427
OR5M8	11	56491370
OR5M7P	11	56501271
OR5M6P	11	56513171
OR5M5P	11	56527503
OR5M11	11	56543257
OR5M10	11	56577721
OR5M13P	11	56598362
OR5M1	11	56614874
OR5AM1P	11	56620810
OR5M12P	11	56628932
OR5AP1P	11	56634103
OR5AP2	11	56642439
OR5AR1	11	56663686
OR2AH1P	11	56669944
TMEM230P2	11	56690465
OR9G1	11	56699095
OR9G3P	11	56740179
MIR6128	11	56743873
OR9G4	11	56748696
OR9G2P	11	56751902
OR5G1P	11	56776206
OR5G4P	11	56790965
OR5G5P	11	56802794
OR5G3	11	56820516
LINC02735	11	56848523
FADS2B	11	56890613
OR5AK3P	11	56971050
OR5AK2	11	56988914
OR5AK1P	11	57018100
OR5BQ1P	11	57029408
OR5AK4P	11	57037534
OR5AO1P	11	57045091
OR5BP1P	11	57055587
LRRC55	11	57181850
APLNR	11	57237242
TNKS1BP1	11	57324923
SSRP1	11	57335869
P2RX3	11	57338363
PRG3	11	57381150
PRG2	11	57390643
SLC43A3	11	57427115
RNA5SP341	11	57450183
RN7SKP259	11	57451690
RTN4RL2	11	57460857
SLC43A1	11	57514863
RN7SL605P	11	57528365
TIMM10	11	57530754
SMTNL1	11	57537595
UBE2L6	11	57567326
RPS4XP13	11	57577080
SERPING1	11	57597687
MIR130A	11	57641198
MIR130AHG	11	57646886
YPEL4	11	57649909
CLP1	11	57657752
ZDHHC5	11	57668173
MED19	11	57712215
TMX2	11	57712600
PPIAP42	11	57718530
SELENOH	11	57741627
BTBD18	11	57752247
CTNND1	11	57763794
OR5BA1P	11	57867279
OR5AZ1P	11	57918239
OR5BD1P	11	57946414
CYCSP26	11	58005386
RNU6-899P	11	58026812
OR6Q1	11	58030953
VN2R9P	11	58041660
OR9L1P	11	58078603
OR9Q1	11	58101656
OR9I3P	11	58109661
OR9I1	11	58125530
OR9I2P	11	58144495
OR5BL1P	11	58171098
OR9Q2	11	58189070
OR1S2	11	58204142
OR1S1	11	58212720
OR10Q1	11	58228918
EIF4A2P3	11	58243097
OR10W1	11	58268260
OR10Q2P	11	58292765
OR5BC1P	11	58318375
OR5B19P	11	58344664
OR5B10P	11	58349630
OR5B17	11	58359069
OR5B1P	11	58366763
OR5B15P	11	58388486
OR5B3	11	58406874
OR5B2	11	58425717
OR5B12	11	58441204
OR5B21	11	58508105
LPXN	11	58575883
ZFP91	11	58579063
ZFP91-CNTF	11	58594575
CNTF	11	58622665
GLYAT	11	58730328
TMA16P1	11	58796854
GLYATL2	11	58844704
GLYATL1P2	11	58884947
GLYATL1	11	58939488
GLYATL1P1	11	58978787
GLYATL1P4	11	59042737
GLYATL1-AS1	11	59058489
GLYATL1B	11	59086307
FAM111B	11	59107236
FAM111A-DT	11	59142773
FAM111A	11	59142941
DTX4	11	59178696
MPEG1	11	59213200
RN7SL42P	11	59214699
WARS1P1	11	59255360
SLC25A47P1	11	59263802
RN7SL435P	11	59291333
OR5AN2P	11	59310576
OR5BR1P	11	59334086
OR5AN1	11	59361653
OR5BB1P	11	59392292
OR5A2	11	59426412
OR5A1	11	59436469
OR4D6	11	59456961
OR4D10	11	59473315
OR4D8P	11	59491652
OR4D11	11	59503576
OR4D9	11	59511453
OR4D7P	11	59531754
LINC02739	11	59562575
MIR3162	11	59595158
OSBP	11	59615747
PATL1	11	59669035
PATL1-DT	11	59669300
RN7SKP192	11	59706383
OR10V1	11	59713845
OR10Y1P	11	59728519
OR10V3P	11	59741325
OR10V2P	11	59748811
STX3	11	59755382
FABP5P7	11	59781722
MRPL16	11	59810747
CBLIF	11	59841321
TCN1	11	59866471
OOSP3	11	59878782
SRD5A3P1	11	59898185
OOSP1	11	59938432
OOSP4A	11	59964033
OOSP4B	11	60017181
OOSP2	11	60040460
MS4A3	11	60056684
MS4A2	11	60088462
LINC02705	11	60160866
MS4A6A	11	60183075
MIR6503	11	60209156
MS4A4E	11	60230055
MS4A4A	11	60280537
MS4A6E	11	60334831
MS4A7	11	60378532
MS4A14	11	60396466
MS4A5	11	60429632
MS4A1	11	60455856
MS4A12	11	60492778
MS4A13	11	60515413
MS4A19P	11	60577856
LINC00301	11	60623703
MS4A8	11	60699689
MS4A18	11	60724720
MS4A15	11	60756953
MS4A10	11	60785333
CCDC86	11	60844289
CCDC86-AS1	11	60851081
PTGDR2	11	60855950
ZP1	11	60870512
PRPF19	11	60906541
PRPF19-DT	11	60906668
TMEM109-DT	11	60914065
TMEM109	11	60914129
TMEM132A	11	60926376
SLC15A3	11	60951646
CD6	11	60971736
RNU6-933P	11	60985167
LINC02954	11	61055416
CD5	11	61102499
VPS37C	11	61161534
PGA3	11	61206803
PGA4	11	61227110
PGA5	11	61241846
VWCE	11	61295276
DDB1	11	61333058
TKFC	11	61333269
CYB561A3	11	61361878
TMEM138	11	61362395
TMEM216	11	61392607
CPSF7	11	61429941
SDHAF2	11	61430124
RN7SL23P	11	61444149
SAXO4	11	61486120
MIR4488	11	61508596
LRRC10B	11	61508749
SYT7	11	61580872
RPLP0P2	11	61626933
LINC03144	11	61655702
DAGLA	11	61680447
MYRF	11	61752656
MYRF-AS1	11	61757650
MIR611	11	61792561
TMEM258	11	61792601
FEN1	11	61792922
MIR1908	11	61815240
FADS1	11	61816304
FADS2	11	61828262
MIR6746	11	61878278
FADS3	11	61891471
RAB3IL1	11	61917558
RNU6-1243P	11	61937894
BEST1	11	61950356
FTH1	11	61967613
LINC02733	11	62123783
INCENP	11	62124029
EEF1DP8	11	62169293
SCGB1D1	11	62190216
SCGB2A1	11	62208673
SCGB1D2	11	62242239
SCGB2A2	11	62270158
SCGB1D4	11	62299075
NPM1P35	11	62330946
ASRGL1	11	62337495
RCC2P6	11	62371146
SCGB1A1	11	62419033
AHNAK	11	62546241
MIR6747	11	62567071
EEF1G	11	62573873
TUT1	11	62591550
MTA2	11	62600346
ROM1	11	62612412
EML3	11	62612554
B3GAT3	11	62621986
GANAB	11	62646614
INTS5	11	62653302
C11orf98	11	62665191
CSKMT	11	62665312
SNORA57	11	62665422
LBHD1	11	62671633
UQCC3	11	62671634
UBXN1	11	62679075
LRRN4CL	11	62689569
BSCL2	11	62707382
GNG3	11	62707595
HNRNPUL2	11	62727330
HNRNPUL2-BSCL2	11	62727384
TTC9C	11	62728177
ZBTB3	11	62754184
POLR2G	11	62761583
TAF6L	11	62771402
TMEM179B	11	62787415
MIR6748	11	62789815
TMEM223	11	62791997
MIR6514	11	62792771
NXF1	11	62804689
RNU6-118P	11	62816067
STX5	11	62831877
STX5-DT	11	62832244
TEX54	11	62832841
WDR74	11	62839583
RNU2-2	11	62841809
SNORD22	11	62853035
SNORD30	11	62853732
SNORD28	11	62854695
SNORD27	11	62855083
SNORD26	11	62855366
SNORD25	11	62855632
SNHG1	11	62855885
SLC3A2	11	62856136
CHRM1-AS1	11	62909520
CHRM1	11	62921807
RN7SL259P	11	62936234
SLC22A6	11	62984824
SLC22A8	11	63015384
PTTG1P2	11	63033103
TUBAP7	11	63046785
RPL29P22	11	63116338
SLC22A24	11	63144094
SLC22A25	11	63229651
CCND2P1	11	63243085
SLC22A10	11	63289901
SLC22A9	11	63369777
PLAAT5	11	63491139
LGALS12	11	63506087
PLAAT4	11	63536808
PLAAT2	11	63563372
PLAAT3	11	63614436
LNCROPM	11	63616300
IMMP1LP1	11	63632233
ATL3	11	63671746
RTN3	11	63681489
ZFTA	11	63768772
RN7SL596P	11	63798071
SPINDOC	11	63813551
ATP5MGP1	11	63834943
MARK2	11	63849963
RNU6-1306P	11	63882685
RCOR2	11	63917164
NAA40	11	63938999
RNU6-45P	11	63970470
COX8A	11	63974620
OTUB1	11	63986440
FLRT1	11	64103188
MACROD1	11	64166057
STIP1	11	64186202
FERMT3	11	64206752
TRPT1	11	64226204
NUDT22	11	64226300
DNAJC4	11	64230612
VEGFB	11	64234613
FKBP2	11	64241095
PPP1R14B	11	64246559
PPP1R14B-AS1	11	64246872
PLCB3	11	64251538
BAD	11	64284698
GPR137	11	64285486
KCNK4-CATSPERZ	11	64291722
KCNK4	11	64291954
CATSPERZ	11	64300446
ESRRA	11	64305577
TRMT112	11	64317551
PRDX5	11	64318121
MIR7155	11	64341904
CCDC88B	11	64343539
RPS6KA4	11	64359175
MIR1237	11	64368602
LINC02723	11	64396158
LINC02724	11	64449064
SLC22A11	11	64555967
SLC22A12	11	64591220
NRXN2-AS1	11	64646399
NRXN2	11	64690426
RASGRP2	11	64744142
PYGM	11	64754421
SF1-DT	11	64778085
SF1	11	64778504
MAP4K2	11	64803162
MEN1	11	64810550
CDC42BPG	11	64833811
EHD1	11	64879149
MIR192	11	64891246
MIR194-2	11	64891439
MIR194-2HG	11	64893455
MIR6750	11	64898437
MIR6749	11	64902455
ATG2A	11	64917207
PPP2R5B	11	64924239
GPHA2	11	64935882
MAJIN	11	64972053
BATF2	11	64990514
ARL2-SNX15	11	65014182
ARL2	11	65014186
MIR6879	11	65018505
EEF1A1P18	11	65026515
SNX15	11	65027472
SAC3D1	11	65040970
NAALADL1	11	65048032
CDCA5	11	65083938
ZFPL1	11	65084248
TMEM262	11	65089099
VPS51	11	65096616
TM7SF2	11	65111891
ZNHIT2	11	65117687
FAU	11	65122134
MRPL49	11	65122319
MIR6751	11	65129978
SYVN1	11	65134497
HIGD1AP10	11	65145972
RNU2-23P	11	65147584
PDCL2P2	11	65160382
SPDYC	11	65170233
PGAM1P8	11	65175487
CAPN1-AS1	11	65181359
CAPN1	11	65181938
SLC22A20P	11	65213873
POLA2	11	65261962
CDC42EP2	11	65315173
DPF2	11	65333871
TIGD3	11	65355082
SLC25A45	11	65382642
FRMD8	11	65386642
NEAT1	11	65422804
MIR612	11	65444458
FAUP4	11	65455269
ENEMAL	11	65477572
LINC02736	11	65488215
MALAT1	11	65500367
TALAM1	11	65507432
SNRPGP19	11	65514923
SCYL1	11	65525100
LTBP3	11	65550608
ZNRD2-DT	11	65570371
ZNRD2	11	65570485
FAM89B	11	65572538
EHBP1L1	11	65576071
KCNK7	11	65595800
MAP3K11	11	65611301
PCNX3	11	65615785
MIR4690	11	65636310
SIPA1	11	65638152
MIR4489	11	65649192
RELA	11	65662908
RELA-DT	11	65663068
RN7SL309P	11	65695552
KAT5	11	65712424
RNASEH2C	11	65720556
KRT8P26	11	65726939
AP5B1	11	65780963
OVOL1	11	65788596
OVOL1-AS1	11	65790062
SNX32	11	65833961
CFL1	11	65858157
MUS81	11	65861358
EFEMP2	11	65872771
CTSW	11	65879838
FIBP	11	65888471
CCDC85B	11	65890673
FOSL1	11	65900419
C11orf68	11	65918711
DRAP1	11	65919502
TSGA10IP	11	65945650
SART1	11	65961734
EIF1AD	11	66002156
BANF1	11	66002511
CST6	11	66012008
CATSPER1	11	66023846
GAL3ST3	11	66049161
SF3B2	11	66052373
PACS1	11	66225525
KLC2	11	66257767
KLC2-AS1	11	66265666
KLC2-AS2	11	66268129
RAB1B	11	66268619
CNIH2	11	66278289
YIF1A	11	66289082
TMEM151A	11	66291894
CD248	11	66317044
RIN1	11	66336423
BRMS1	11	66345100
B4GAT1	11	66347633
B4GAT1-DT	11	66348082
SLC29A2	11	66371820
BRD9P1	11	66389609
RNU1-84P	11	66393449
NPAS4	11	66421091
MRPL11	11	66438830
PELI3	11	66466925
DPP3-DT	11	66480253
DPP3	11	66480439
BBS1	11	66510651
ZDHHC24	11	66546037
ACTN3	11	66546903
ACTN3-AS1	11	66560384
CTSF	11	66568545
CCDC87	11	66593063
CCS	11	66593204
RNU4-39P	11	66615090
RBM14-RBM4	11	66616630
RBM14	11	66616715
RBM4	11	66638704
RBM4B	11	66677767
RN7SL12P	11	66713009
SPTBN2	11	66727473
TOP6BL	11	66744820
C1QBPP2	11	66762399
FTLP6	11	66771667
RCE1	11	66843510
LRFN4	11	66856855
RNU7-23P	11	66919762
MIR3163	11	66934506
PC	11	66956833
C11orf86	11	66975290
SYT12	11	67022908
MIR6860	11	67045643
RHOD	11	67056847
KDM2A	11	67211756
GRK2	11	67266485
ANKRD13D	11	67290389
SSH3	11	67303543
POLD4	11	67353540
RN7SKP239	11	67362414
CLCF1	11	67373887
RAD9A	11	67391979
RNU6-1238P	11	67395311
PPP1CA	11	67401849
TBC1D10C	11	67403938
CARNS1	11	67415678
RPS6KB2	11	67428499
RPS6KB2-AS1	11	67435399
PTPRCAP	11	67437682
CORO1B	11	67443486
CABP4	11	67452436
GPR152	11	67452729
TMEM134	11	67469237
AIP	11	67483128
MIR6752	11	67490245
PITPNM1	11	67505325
CDK2AP2	11	67508162
CABP2	11	67523530
GSTP1	11	67583813
NDUFV1-DT	11	67606706
NDUFV1	11	67606940
DOC2GP	11	67616257
NUDT8	11	67629923
TBX10	11	67639763
ACY3	11	67650724
ALDH3B2	11	67674623
RPL37P2	11	67683058
UNC93B5	11	67716005
OR7E145P	11	67723455
OR7E11P	11	67736559
EVA1CP4	11	67756968
ALG1L8P	11	67785273
FAM86C2P	11	67805313
ENPP7P7	11	67873367
LINC02754	11	67886422
RNU6-46P	11	67895631
RPS3AP40	11	67926431
VPS51P17	11	67966227
OR7E1P	11	67975243
UNC93B1	11	68004081
ALDH3B1	11	68014589
GLTC1	11	68030428
NDUFS8	11	68030726
MIR7113	11	68032864
MIR4691	11	68033897
TCIRG1	11	68043467
MIR6753	11	68044794
CHKA	11	68121106
CHKA-DT	11	68121625
KMT5B	11	68213327
C11orf24	11	68271951
LRP5	11	68312653
PPP6R3	11	68460754
NDUFA3P2	11	68488840
GAL	11	68684497
TESMIN	11	68750726
CPT1A	11	68840761
LINC02701	11	68870664
MRPL21	11	68903826
IGHMBP2	11	68915919
MRGPRD	11	68980986
MRGPRF	11	69011133
MRGPRF-AS1	11	69012622
TPCN2	11	69048934
MIR3164	11	69083176
SMIM38	11	69155743
MYEOV	11	69294157
IFITM9P	11	69303807
LINC02956	11	69414307
LINC02953	11	69425655
LINC02952	11	69444734
LINC02747	11	69479957
LINC01488	11	69481690
PNCRNA-D	11	69639134
CCND1	11	69641206
LTO1	11	69675308
FGF19	11	69704341
DNAJB6P5	11	69738017
FGF4	11	69775252
FGF3	11	69818483
LINC02753	11	70064647
RNU6-1175P	11	70075363
LINC02584	11	70085311
ANO1	11	70085422
ANO1-AS1	11	70188509
FADD	11	70203295
H2AZP4	11	70279297
MIR548K	11	70283955
PPFIA1	11	70329893
CTTN-DT	11	70398426
CTTN	11	70398568
SHANK2-AS1	11	70631094
SHANK2	11	70826757
SHANK2-AS3	11	70862790
MIR3664	11	70872368
ACTE1P	11	71407772
DHCR7	11	71448358
DHCR7-DT	11	71448542
MIR6754	11	71473503
NADSYN1	11	71473663
KRTAP5-7	11	71527267
KRTAP5-8	11	71538025
KRTAP5-9	11	71548420
KRTAP5-10	11	71565563
KRTAP5-13P	11	71568680
KRTAP5-14P	11	71579848
KRTAP5-11	11	71593114
OR7E87P	11	71593454
UNC93B6	11	71603261
OR7E4P	11	71620020
VPS51P11	11	71629045
RPS3AP41	11	71669520
SNRPCP14	11	71690657
ENPP7P8	11	71722052
FAM86C1P	11	71787537
ALG1L9P	11	71804640
ZNF705EP	11	71821548
DEFB108B	11	71833956
RNA5SP342	11	71845245
DEFB130C	11	71856277
DEFB131B	11	71878453
OR7E128P	11	71893410
OR7E126P	11	71903194
XNDC1N	11	71928442
XNDC1N-ZNF705EP-ALG1L9P	11	71928454
RNF121	11	71929045
IL18BP	11	71998918
NUMA1-AS1	11	72014291
RNU6-72P	11	72047951
NUMA1	11	72070063
MIR3165	11	72072302
LRTOMT	11	72080811
LRRC51	11	72080819
LAMTOR1	11	72103261
TOMT	11	72104715
ANAPC15	11	72112519
RPEP6	11	72131282
FOLR3	11	72135710
FOLR1P1	11	72158822
FOLR1	11	72189816
FOLR2	11	72216794
INPPL1	11	72224374
PHOX2A	11	72244176
CLPB	11	72434526
ART2BP	11	72478221
ART2P	11	72519986
LINC01537	11	72570645
PDE2A-AS2	11	72584509
MIR139	11	72615130
RNU7-105P	11	72621766
PDE2A	11	72642428
PDE2A-AS1	11	72643237
ARAP1-AS1	11	72685075
ARAP1-AS2	11	72700474
RPS12P20	11	72708186
ARAP1	11	72722028
STARD10	11	72782371
MIR4692	11	72783530
ATG16L2	11	72815887
RNU6-672P	11	72869650
RPL15P16	11	72940498
FCHSD2	11	73142244
IUR1	11	73182923
P2RY2	11	73218283
OR8R1P	11	73248779
P2RY6	11	73270051
ARHGEF17-AS1	11	73309379
ARHGEF17	11	73342960
RELT	11	73376427
HMGN2P38	11	73580253
FAM168A	11	73598098
PLEKHB1	11	73647701
RAB6A	11	73761075
MRPL48	11	73787897
RN7SKP243	11	73832690
MIX23P5	11	73851211
COA4	11	73876861
PAAF1	11	73877007
ARPC3P4	11	73922196
DNAJB13	11	73964828
UCP2	11	73982830
DPPA4P3	11	73992180
UCP3	11	74007304
C2CD3	11	74170865
PPME1	11	74171322
RNA5SP343	11	74198854
P4HA3-AS1	11	74311362
P4HA3	11	74311624
HNRNPA1P40	11	74354443
PGM2L1	11	74398458
MIR548AL	11	74399237
KCNE3	11	74467495
CYCSP27	11	74482250
LIPT2-AS1	11	74493366
LIPT2	11	74493647
POLD3	11	74592625
RANP3	11	74652636
RN7SKP297	11	74685224
MIR4696	11	74720337
CHRDL2	11	74731153
RPL36AP38	11	74738796
RNF169	11	74748851
RN7SL239P	11	74845910
RPL31P46	11	74919587
XRRA1	11	74949085
SPCS2	11	74949269
RNU6-216P	11	74968292
NEU3	11	74988929
OR2AT2P	11	75072052
NPM1P50	11	75080131
OR2AT4	11	75093315
OR2AT1P	11	75131880
SLCO2B1	11	75151213
TPBGL-AS1	11	75215485
ZDHHC20P3	11	75228657
TPBGL	11	75240774
MIR326	11	75335186
ARRB1	11	75351638
RPS3	11	75399526
SNORD15A	11	75400391
SNORD15B	11	75404421
KLHL35	11	75430126
GDPD5	11	75525424
SERPINH1	11	75562368
MAP6-AS1	11	75583034
MAP6	11	75668657
MOGAT2	11	75717867
RN7SL786P	11	75742129
DGAT2-DT	11	75764063
DGAT2	11	75768778
UVRAG-DT	11	75814797
PPP1R1AP1	11	75911628
UVRAG	11	75911979
RNA5SP344	11	75934936
WNT11	11	76209648
LINC02761	11	76236712
THAP12	11	76380901
GVQW3	11	76381324
EMSY-DT	11	76444686
EMSY	11	76445038
LINC02757	11	76630422
LRRC32-AS1	11	76657039
LRRC32	11	76670120
GUCY2EP	11	76719801
TSKU-AS1	11	76783114
TSKU	11	76783823
ACER3	11	76860937
ACER3-AS1	11	77007151
B3GNT6	11	77035448
CAPN5	11	77066993
OMP	11	77102840
MYO7A	11	77170406
GDPD4	11	77301657
TOMM20P1	11	77313606
PAK1	11	77411990
RNU7-59P	11	77566994
AQP11	11	77589656
CLNS1A	11	77637775
RSF1-IT2	11	77718411
FTH1P16	11	77735026
RSF1-IT1	11	77739568
RSF1	11	77745185
AAMDC	11	77821148
RPL21P95	11	77869195
INTS4	11	77994653
KCTD14-AS2	11	78015715
KCTD14	11	78034733
THRSP	11	78063861
NDUFC2-KCTD14	11	78079844
NDUFC2	11	78079861
RNU6-126P	11	78133522
ALG8	11	78139610
KCTD21-AS1	11	78139774
KCTD21	11	78188608
USP35	11	78188929
ZNF75CP	11	78384208
GAB2	11	78417779
LINC02728	11	78428901
NARS2-AS1	11	78533176
NARS2	11	78574827
RNU6-311P	11	78579356
COPS8P3	11	78581675
TENM4	11	79076393
TENM4-AS1	11	79093286
MIR708	11	79402109
MIR5579	11	79422226
RNU6-544P	11	80527960
ARL6IP1P3	11	80653988
LINC02720	11	80762832
COX6A1P4	11	80957317
MTND4LP18	11	81552226
MTND6P25	11	81556425
MIR4300	11	81890836
MIR4300HG	11	82403905
RPS28P7	11	82689559
FAM181B	11	82733864
LINC02734	11	82781479
RBMXP3	11	82805354
EIF2S2P6	11	82835509
PRCP	11	82900437
DDIAS	11	82901733
RPL7AP54	11	82957423
SNORA70E	11	83041598
RAB30	11	83071771
RAB30-DT	11	83072098
LINC02951	11	83097196
COX5BP4	11	83106961
C1DP5	11	83111442
BCAS2P1	11	83132056
PCF11	11	83157143
PCF11-AS1	11	83187036
ANKRD42-DT	11	83193663
ANKRD42	11	83193876
CKS1BP4	11	83209399
RPL32P24	11	83213005
CCDC90B	11	83285994
CCDC90B-AS1	11	83286359
CYCSP28	11	83328926
DLG2-AS2	11	83645757
LDHAL6DP	11	83815263
DLG2	11	84377585
HNRNPA1P72	11	84546846
HNRNPCP6	11	85021655
RNU6-1292P	11	85509938
TMEM126B	11	85628603
TMEM126A	11	85647982
CREBZF	11	85665064
CCDC89	11	85686195
SYTL2	11	85722045
CCDC83	11	85864296
SLC25A1P1	11	85934737
PICALM	11	86069066
RNU6-560P	11	86153227
LINC02695	11	86193679
FNTAP1	11	86195132
EED	11	86245228
MIR6755	11	86278333
SETP17	11	86294760
HIKESHI	11	86302230
RN7SL225P	11	86324309
CCDC81	11	86395152
PTP4A1P6	11	86432098
ME3	11	86672378
PRSS23	11	86800531
MOB4P2	11	86821728
OR7E13P	11	86833449
OR7E2P	11	86857947
PRSS23-AS1	11	86925037
FZD4	11	86955395
FZD4-DT	11	86955964
HNRNPCP8	11	87024583
TMEM135	11	87037940
XIAPP2	11	87096585
PSMA2P1	11	87330052
RNU6-1135P	11	87606783
LINC02711	11	87719442
MTCYBP41	11	87816157
RAB38	11	88175437
MIR3166	11	88176502
CTSC	11	88337736
GAPDHP70	11	88409223
GRM5-AS1	11	88508162
RNU6-16P	11	88612911
GRM5	11	89063664
TYR	11	89177893
CBX3P7	11	89294246
NOX4	11	89491360
H3P34	11	89499198
FOLH1B	11	89639237
UBTFL10	11	89700764
TRIM77	11	89710474
UBTFL2	11	89753975
TRIM64DP	11	89776981
ANKRD33BP7	11	89785945
TRIM49	11	89807897
TRIM53BP	11	89841997
TRIM51BP	11	89854953
ANKRD33BP8	11	89865550
TRIM64B	11	89878487
MTND1P35	11	89908540
TRIM49D1	11	89921767
TRIM49D2	11	89925413
TRIM64	11	89966037
ANKRD33BP9	11	89978540
TRIM51EP	11	89989559
TRIM53AP	11	89999741
TRIM49C	11	90031106
ANKRD33BP10	11	90053736
TRIM64EP	11	90062999
UBTFL1	11	90085950
NAALAD2	11	90134703
CHORDC1	11	90223042
TUBAP2	11	90282560
DISC1FP1	11	90491719
MIR4490	11	90555857
MIR1261	11	90869202
OSBPL9P2	11	91115951
OSBPL9P3	11	91115961
LINC02748	11	91157994
LINC02756	11	91794345
TUBB4BP4	11	91950034
RPL7AP57	11	92161106
NDUFB11P1	11	92336496
FAT3	11	92355186
PGAM1P9	11	92367250
RPS3AP42	11	92498935
EEF1A1P49	11	92914603
LINC02746	11	92915644
SNRPGP16	11	92937441
MTNR1B	11	92969726
RPL26P31	11	93052827
SLC36A4	11	93197879
DEUP1	11	93330693
SRP14P2	11	93535468
SMCO4	11	93537926
RN7SL223P	11	93556913
CEP295	11	93695530
SCARNA9	11	93721513
SNORA25	11	93730646
SNORA32	11	93731099
SNORD6	11	93731574
SNORA1	11	93732133
SNORA8	11	93732499
SNORD5	11	93733300
SNORA18	11	93733597
MIR1304	11	93733764
SNORA40	11	93735236
TAF1D	11	93736967
C11orf54	11	93741680
MED17	11	93784401
VSTM5	11	93836345
HPRT1P3	11	93999218
HEPHL1	11	94021354
PHB1P16	11	94055972
PANX1	11	94128841
ARPC3P3	11	94188997
IZUMO1R	11	94305592
GPR83	11	94401405
MIR548L	11	94466580
MRE11	11	94493843
ANKRD49	11	94494018
C11orf97	11	94512486
FUT4	11	94543921
PIWIL4	11	94567368
LINC02700	11	94641003
PIWIL4-AS1	11	94740333
AMOTL1	11	94768349
ST13P11	11	94913047
CWC15	11	94973578
KDM4D	11	94973823
KDM4E	11	95025258
SRSF8BP	11	95037482
KDM4F	11	95048782
SRSF8	11	95067488
ENDOD1	11	95089831
BUD13P1	11	95143637
LNCRNA-IUR	11	95151732
SESN3	11	95232496
FAM76B	11	95789588
CEP57	11	95790531
RNA5SP345	11	95840124
MTMR2	11	95923864
RPL32P25	11	95963219
MIR1260B	11	96341438
MAML2	11	96343195
CCDC82	11	96389866
JRKL	11	96390013
RNA5SP346	11	96474692
JRKL-AS1	11	96507013
LINC02737	11	96508443
AKTIPP3	11	96643225
MED28P5	11	97000711
LINC02553	11	97259987
RNA5SP347	11	97657464
LINC02713	11	97957071
RN7SKP53	11	99120176
CNTN5	11	99556139
RPA2P3	11	100336856
RN7SL222P	11	100642273
PPIAP43	11	100666459
ARHGAP42-AS1	11	100687955
ARHGAP42	11	100770366
RN7SKP115	11	100839630
PGR-AS1	11	101127708
PGR	11	101128079
MTMR12P1	11	101208905
MIR3920	11	101519905
TRPC6	11	101583908
KIAA1191P2	11	101594020
PLS1P1	11	101769961
ANGPTL5	11	101907980
CEP126	11	101915038
CFAP300	11	102047456
RNA5SP535	11	102057854
YAP1-DT	11	102110457
YAP1	11	102110692
RNU6-952P	11	102313722
BIRC3	11	102317532
BIRC2	11	102347247
TMEM123	11	102452552
TMEM123-DT	11	102452866
MMP7	11	102530796
MMP20-AS1	11	102607068
MMP20	11	102607850
MMP27	11	102705769
MMP8	11	102724952
WTAPP1	11	102765390
MMP10	11	102780628
MMP1	11	102793848
MMP3	11	102843607
MMP12	11	102874982
BOLA3P1	11	102880492
RNU7-159P	11	102903953
MMP13	11	102955718
RPL21P96	11	103045237
DCUN1D5	11	103092160
DYNC2H1	11	103204911
MTCO3P15	11	103402586
MTATP6P15	11	103403422
MTCO2P15	11	103404167
MTCO1P15	11	103405834
MTND2P26	11	103407241
MTND1P36	11	103408376
PDGFDDN	11	103803140
MIR4693	11	103849906
DDI1	11	104036640
PDGFD	11	104164078
LINC02552	11	104609336
CASP12	11	104898438
CASP4LP	11	104918163
CASP4	11	104968547
CASP5	11	105023148
CASP1	11	105035143
CARD16	11	105045327
CASP1P2	11	105071541
CARD17P	11	105101414
CASP1P1	11	105123339
CARD18	11	105139769
OR2AL1P	11	105194946
GRIA4	11	105610458
HSPD1P13	11	105706299
RNU4-55P	11	105824634
RNU6-277P	11	105974931
MSANTD4	11	106022231
KBTBD3	11	106077346
AASDHPPT	11	106077627
AASDHPPT-AS1	11	106101948
LINC02719	11	106132116
GUCY1A2	11	107018445
ASS1P13	11	107176286
SMARCE1P1	11	107404589
CWF19L2	11	107457819
ALKBH8	11	107565726
ELMOD1	11	107591406
METTL5P4	11	107600868
SLN	11	107715857
SLC35F2	11	107858805
RAB39A	11	107928448
CUL5	11	108008920
ACAT1	11	108121593
NPAT	11	108196408
ATM	11	108233281
C11orf65	11	108465071
POGLUT3	11	108491217
EXPH5	11	108560165
DDX10	11	108665122
RPS2P39	11	108690956
CYCSP29	11	108822650
RNU6-654P	11	109005517
RNA5SP349	11	109120986
C11orf87	11	109422763
LINC02715	11	109823873
TFAMP2	11	109907741
RPSAP50	11	109982192
ZC3H12C	11	110131004
RDX	11	110292447
LINC02732	11	110355224
FDX1	11	110429948
ARHGAP20	11	110712437
HNRNPA1P60	11	110788976
RNA5SP350	11	111040208
RPS17P15	11	111105895
LINC02550	11	111179641
POU2AF2	11	111250893
POU2AF3	11	111298840
COLCA1	11	111300037
MIR4491	11	111347757
RNU2-60P	11	111383092
POU2AF1	11	111398598
MIR34BHG	11	111510594
BTG4	11	111512354
MIR34B	11	111512938
MIR34C	11	111513439
HOATZ	11	111514782
LAYN	11	111540713
SIK2	11	111602428
RN7SKP273	11	111683111
PPP2R1B	11	111766376
ALG9-IT1	11	111829212
GNG5P3	11	111864254
ALG9	11	111871283
FDXACB1	11	111879311
CFAP68	11	111879542
RPL37AP8	11	111889474
HSPB2	11	111912446
HSPB2-C11orf52	11	111912739
CRYAB	11	111913155
C11orf52	11	111918955
RNA5SP351	11	111928400
DIXDC1	11	111977107
DLAT	11	112025428
PPIHP1	11	112030367
RNU6-893P	11	112032598
PIH1D2	11	112074015
NKAPD1	11	112074299
TIMM8B	11	112086756
SDHD	11	112086873
IL18	11	112164093
TEX12	11	112168180
BCO2	11	112175539
KCTD9P4	11	112180773
MRPS36P4	11	112208601
RPS12P21	11	112218326
PTS	11	112226430
RPS6P16	11	112236025
PLET1	11	112260860
ST13P10	11	112268371
LINC02762	11	112289949
RNU6-44P	11	112352662
RPL23AP62	11	112461920
LINC02764	11	112555810
LINC02763	11	112601412
NCAM1-AS2	11	112962425
RNU7-187P	11	112977353
NCAM1	11	113231380
NCAM1-AS1	11	113273933
TTC12-DT	11	113314475
TTC12	11	113314898
ANKK1	11	113390706
DRD2	11	113447721
MIR4301	11	113450088
TMPRSS5	11	113706308
MTRF1LP1	11	113711720
RPS29P19	11	113751286
ZW10	11	113773729
CLDN25	11	113779796
ATF4P4	11	113790318
LRRC37A13P	11	113791466
ISG20L2P2	11	113821885
RNU6-1107P	11	113859346
USP28	11	113875532
HTR3B	11	113908992
HTR3A	11	113975160
ZBTB16	11	114059945
NNMT	11	114295063
C11orf71	11	114400464
RBM7	11	114400630
REXO2	11	114439495
NXPE2P1	11	114513431
NXPE1	11	114559876
NXPE4	11	114595783
NXPE2	11	114678527
CADM1	11	115272184
CADM1-AS1	11	115396820
RPL12P46	11	115578049
LINC02698	11	115659140
LINC00900	11	115760285
LINC02703	11	115920268
RPL15P15	11	115950801
LINC02151	11	116460784
LINC02702	11	116639443
BUD13	11	116772985
BUD13-DT	11	116773389
ZPR1	11	116788003
APOA5	11	116792405
LNC-RHL1	11	116814101
APOA4	11	116823304
APOC3	11	116829798
APOA1-AS	11	116836141
APOA1	11	116837624
RNY4P6	11	117015897
RPS27P19	11	117036051
SIK3	11	117098422
PAFAH1B2	11	117144308
SIDT2	11	117182098
TAGLN	11	117199398
PCSK7	11	117232035
RNF214	11	117232720
BACE1-AS	11	117289792
BACE1	11	117297666
CEP164	11	117336522
PRR13P3	11	117336631
DSCAML1	11	117797259
FXYD2	11	117824830
FXYD6-AS1	11	117833893
FXYD6-FXYD2	11	117876647
FXYD6	11	117876689
TMPRSS13	11	117929397
IL10RA	11	117986420
RN7SL828P	11	118067237
TMPRSS4	11	118077085
SMIM35	11	118086963
SCN4B	11	118145566
SCN2B	11	118174184
HSPE1P18	11	118209211
JAML	11	118224093
MPZL3	11	118252347
MPZL2	11	118264294
CD3E	11	118304821
CD3D	11	118342631
CD3G	11	118344360
UBE4A	11	118359632
ATP5MG	11	118401608
KMT2A	11	118482423
TTC36	11	118527472
TTC36-AS1	11	118530632
TMEM25	11	118531208
RPL5P30	11	118560690
IFT46	11	118565928
ARCN1	11	118572409
RNU6-1157P	11	118593988
PHLDB1	11	118609742
MIR6716	11	118644000
TREH	11	118679658
TREHP1	11	118690599
RNU6-376P	11	118702342
DDX6	11	118791149
COX7CP3	11	118821895
SETP16	11	118834556
CXCR5	11	118883892
MIR4492	11	118910708
BCL9L	11	118911788
RN7SL688P	11	118931216
UPK2	11	118940731
FOXR1	11	118971761
CENATAC-DT	11	118997304
CENATAC	11	118998185
RPL23AP64	11	119003446
RPS25	11	119018653
TRAPPC4	11	119018790
SLC37A4	11	119030176
HYOU1-AS1	11	119044188
HYOU1	11	119057130
VPS11-DT	11	119067678
VPS11	11	119067823
HMBS	11	119084914
H2AX	11	119095457
DPAGT1	11	119101856
C2CD2L	11	119107353
HINFP	11	119121611
ABCG4	11	119149513
NLRX1	11	119168747
NHERF4	11	119185481
DRC12	11	119195815
CBL	11	119206340
RNU6-262P	11	119289677
MIR6756	11	119313012
MCAM	11	119317132
RNF26	11	119334527
C1QTNF5	11	119340840
MFRP	11	119346617
USP2	11	119376476
USP2-AS1	11	119381799
THY1-AS1	11	119417951
THY1	11	119423176
DUXAP5	11	119445519
KRT8P7	11	119604306
RNU6-1123P	11	119656311
NECTIN1	11	119687357
NECTIN1-AS1	11	119709920
NECTIN1-DT	11	119729534
LINC02744	11	119994725
TRIM29	11	120125578
OAF	11	120211301
POU2F3-AS1	11	120265932
POU2F3	11	120300903
TLCD5	11	120325303
ARHGEF12	11	120395627
GRIK4	11	120511793
ELOCP22	11	120620267
HMGB1P42	11	120936654
TBCEL	11	121031965
TBCEL-TECTA	11	121034932
TECTA	11	121116315
TRPC6P5	11	121238304
RPS4XP12	11	121250978
SC5D	11	121292803
BMPR1AP2	11	121362865
SORL1-AS1	11	121452720
SORL1	11	121576799
RNU6-256P	11	122004355
MIR125B1	11	122099844
BLID	11	122116215
MIRLET7A2	11	122146593
MIR100	11	122152308
MIR100HG	11	122207692
RNU4ATAC10P	11	122449210
RNU4ATAC5P	11	122451474
RNU6-592P	11	122579307
GLULP3	11	122614486
UBASH3B	11	122774865
CRTAM	11	122850401
JHY	11	122882893
RNU4-23P	11	122927034
ATP5PBP5	11	122960327
BSX	11	122981834
SAE1P1	11	123017638
RPL34P23	11	123035867
RPS26P43	11	123050353
RPL31P47	11	123051161
SNORD14E	11	123058161
SNORD14D	11	123058995
SNORD14C	11	123059422
HSPA8	11	123062124
CLMP	11	123195248
LINC02727	11	123314800
PHB1P17	11	123340714
MIR4493	11	123381512
GRAMD1B	11	123467698
SF3A3P2	11	123599452
SCN3B	11	123654607
ZNF202	11	123741652
OR6X1	11	123754518
RNU1-21P	11	123763927
OR6M1	11	123806349
OR6M2P	11	123841876
OR6M3P	11	123862521
TMEM225	11	123885651
OR8D4	11	123904156
OR4D5	11	123939617
OR6T1	11	123943838
OR10S1	11	123977781
OR10G6	11	123995161
OR10G5P	11	124009655
OR10G4	11	124012997
OR10G9	11	124023013
OR10G8	11	124028194
OR10G7	11	124041325
OR10D5P	11	124054793
OR10D4P	11	124094532
OR10N1P	11	124105968
VWA5A	11	124115450
OR10D1P	11	124158421
OR10D3	11	124184244
OR8F1P	11	124207183
OR8G3	11	124211707
OR8G2P	11	124224732
OR8G7P	11	124238420
OR8G1	11	124241095
OR8G5	11	124260590
SLC5A4P1	11	124273970
OR8D1	11	124313949
OR8D2	11	124320197
OR8B7P	11	124325789
OR8B6P	11	124339662
OR8B5P	11	124358469
OR8B1P	11	124366551
OR8C1P	11	124377801
OR8B2	11	124384499
OR8B3	11	124399024
OR8X1P	11	124405102
OR8B4	11	124424871
OR8B8	11	124443427
OR8A2P	11	124460534
OR8B9P	11	124481923
OR8B10P	11	124517242
OR8A3P	11	124531625
OR8B12	11	124544493
OR8A1	11	124569997
OR8Q1P	11	124601584
PANX3	11	124611428
TBRG1	11	124622882
RNA5SP352	11	124636459
SIAE	11	124673827
SPA17	11	124673910
NRGN	11	124739942
NRGN-AS1	11	124746855
VSIG2	11	124752244
ESAM	11	124762285
ESAM-AS1	11	124762401
MSANTD2	11	124800383
MSANTD2-AS1	11	124800587
ROBO3	11	124876816
ROBO4	11	124897846
HEPN1	11	124919250
HEPACAM	11	124936345
CCDC15-DT	11	124954036
CCDC15	11	124954201
SLC37A2	11	125063335
TMEM218	11	125111612
KRT18P59	11	125113569
PKNOX2-DT	11	125164609
PKNOX2	11	125164735
PKNOX2-AS1	11	125266798
RNU6-321P	11	125277552
FEZ1	11	125496238
EI24	11	125569478
RNU6-1156P	11	125574719
STT3A	11	125592907
CHEK1	11	125626009
RNU2-35P	11	125649746
ACRV1	11	125680847
PATE1	11	125746294
PATE2	11	125778819
PATE3	11	125788127
PATE4	11	125833316
LINC03136	11	125874463
HYLS1	11	125887588
PUS3	11	125903213
DDX25	11	125904514
DDX25-AS1	11	125938916
VSIG10L2	11	125948924
CDON	11	126062643
NAP1L1P1	11	126067539
RPUSD4	11	126211630
FAM118B	11	126211775
RNU4-86P	11	126214478
RN7SL351P	11	126245035
SRPRA	11	126268899
FOXRED1	11	126269168
RPL35AP26	11	126278577
TIRAP	11	126283093
DCPS	11	126304065
TIRAP-AS1	11	126304320
GSEC	11	126355569
ST3GAL4	11	126361615
KIRREL3-AS1	11	126543947
KIRREL3-AS4	11	126655985
KIRREL3-AS2	11	126940748
MIR3167	11	126988542
KIRREL3	11	127000645
KIRREL3-AS3	11	127002910
LINC02712	11	127271102
RN7SKP121	11	127406332
RN7SKP279	11	127407851
DNAJB6P1	11	127941654
LINC02725	11	128095922
LINC02098	11	128208773
MIR6090	11	128522390
ETS1-AS1	11	128526142
ETS1	11	128587523
FLI1	11	128693984
SENCR	11	128695995
KCNJ1	11	128867296
KCNJ5	11	128891469
KCNJ5-AS1	11	128906013
TP53AIP1	11	128943035
RNU6-876P	11	128993340
ARHGAP32	11	129066813
RNU6-874P	11	129202966
ZNF123P	11	129296481
BARX2	11	129406011
RPS27P20	11	129537869
LINC01395	11	129617269
TMEM45B	11	129815860
NFRKB	11	129895557
PRDM10	11	130002794
PRDM10-DT	11	130002962
ELOBP2	11	130033220
APLP2	11	130069899
RPL34P21	11	130082781
ST14	11	130159800
NDUFAF2P2	11	130285833
DDX18P5	11	130295641
RN7SL778P	11	130310180
ZBTB44	11	130314643
ZBTB44-DT	11	130315011
ADAMTS8	11	130428546
ADAMTS15	11	130448645
BAK1P2	11	130547429
LINC02873	11	130631329
MIR8052	11	130666735
PPP1R10P1	11	130791025
LINC02551	11	130862099
SNX19	11	130908346
RN7SL167P	11	131004429
RNU6ATAC12P	11	131385249
NTM-AS2	11	131540744
NTM-AS1	11	131663608
NTM-AS3	11	131897220
NTM	11	131911441
NTM-IT	11	132284302
OPCML-IT2	11	132860077
OPCML	11	132943768
OPCML-IT1	11	133366080
LINC02743	11	133810334
SPATA19	11	133845525
MIR4697	11	133898581
IGSF9B	11	133946292
LINC02730	11	134026943
LINC02731	11	134032681
JAM3	11	134069071
PTP4A2P2	11	134124329
NCAPD3	11	134223967
VPS26B	11	134224678
THYN1	11	134253350
ACAD8	11	134253566
GLB1L3	11	134276382
GLB1L2	11	134346390
B3GAT1	11	134410891
B3GAT1-DT	11	134436478
LINC02706	11	134712394
LINC02714	11	134762042
LINC02697	11	134950708
LINC02717	11	135007841
LINC02684	11	135075903
DDX11L8	12	12310
WASH8P	12	32015
FAM138D	12	38117
IQSEC3-AS2	12	111964
IQSEC3	12	168978
IQSEC3-AS1	12	182407
SLC6A12-AS1	12	203796
SLC6A12	12	213669
SLC6A13	12	237775
KDM5A	12	334328
CCDC77	12	401634
B4GALNT3	12	541790
RNU7-103P	12	589589
NINJ2-AS1	12	642677
NINJ2	12	653565
LINC02455	12	716606
RNU4ATAC16P	12	781133
WNK1	12	861124
RAD52	12	949649
ERC1	12	991267
HTR1DP1	12	1153059
LINC00942	12	1500481
FBXL14	12	1594191
WNT5B	12	1629550
MIR3649	12	1660380
ADIPOR2	12	1691048
RPS4XP14	12	1758011
CACNA2D4	12	1811780
LRTM2	12	1820574
LINC00940	12	1936574
DCP1B	12	2004445
CACNA1C-IT1	12	2018213
CACNA1C	12	2053563
CACNA1C-AS4	12	2223463
CACNA1C-IT3	12	2269714
CACNA1C-AS3	12	2607440
LINC02371	12	2740056
IQSEC3P1	12	2753132
RPL23AP14	12	2781904
CBX3P4	12	2787582
FKBP4	12	2795026
ITFG2-AS1	12	2796306
ITFG2	12	2817230
NRIP2	12	2835536
TEX52	12	2857039
FOXM1	12	2877105
RHNO1	12	2877208
TULP3	12	2890894
RNU6-1315P	12	2954338
TEAD4	12	2959601
RPL13AP24	12	3072145
TSPAN9	12	3107448
TSPAN9-IT1	12	3149797
RPS27P3	12	3211917
LINC02827	12	3300698
LINC02417	12	3366899
PRMT8	12	3491221
RNU6-174P	12	3726327
CRACR2A	12	3753139
OTUD4P1	12	3839459
PARP11	12	3873375
PARP11-AS1	12	3899008
LINC03141	12	4013434
HSPA8P5	12	4097451
CCND2	12	4273719
CCND2-AS1	12	4275458
TIGAR	12	4321213
FGF23	12	4377060
FGF6	12	4444219
FERRY3	12	4538468
RAD51AP1	12	4538876
DYRK4	12	4590101
AKAP3	12	4649034
NDUFA9	12	4649114
GAU1	12	4720102
GALNT8	12	4754881
KCNA6	12	4809334
KCNA6-AS1	12	4830711
KCNA1	12	4910954
KCNA5	12	5043879
LINC02443	12	5244186
NTF3	12	5463628
ANO2	12	5741123
RN7SL69P	12	6095970
VWF	12	6124660
CD9	12	6200374
ATP5MFP5	12	6270425
PLEKHG6	12	6310871
TNFRSF1A	12	6342026
RN7SL391P	12	6344554
SCNN1A	12	6375379
LTBR	12	6384182
RPL31P10	12	6410013
SRP14P1	12	6438498
CD27	12	6444971
CD27-AS1	12	6451517
TAPBPL	12	6452113
VAMP1-AS1	12	6466537
VAMP1	12	6470645
MRPL51	12	6493718
NCAPD2	12	6494096
SCARNA10	12	6510222
GAPDH-DT	12	6533568
GAPDH	12	6534524
IFFO1	12	6556043
NOP2	12	6568285
CHD4-AS1	12	6578622
SCARNA11	12	6581609
CHD4	12	6606340
LPAR5	12	6635959
ACRBP	12	6647402
ING4	12	6663113
ZNF384	12	6689294
PIANP	12	6700430
RNU6-781P	12	6709452
COPS7A	12	6724130
MLF2	12	6753093
PTMS	12	6766363
LAG3	12	6772515
RN7SL380P	12	6784161
CD4	12	6789536
GPR162	12	6821829
P3H3	12	6829828
GNB3	12	6840971
CDCA3	12	6851260
USP5	12	6852145
TPI1	12	6867817
SPSB2	12	6873341
RPL13P5	12	6883996
DSTNP2	12	6884898
LRRC23	12	6904841
ENO2	12	6914591
ATN1	12	6928293
C12orf57	12	6943659
RNU7-1	12	6943816
PTPN6	12	6951320
MIR200CHG	12	6963162
MIR200C	12	6963699
MIR141	12	6964097
SCARNA12	12	6967606
PHB2	12	6970684
EMG1	12	6970911
LPCAT3	12	7018475
C1S	12	7060735
C1R	12	7092441
C1RL-AS1	12	7108459
C1RL	12	7109162
RNU6-485P	12	7118785
RBP5	12	7128867
CLSTN3	12	7130921
PEX5	12	7189713
ACSM4	12	7307372
CD163L1	12	7391573
CD163	12	7503777
GAPDHP31	12	7566369
NIFKP3	12	7605214
APOBEC1	12	7665905
GDF3	12	7695775
DPPA3	12	7711417
CLEC4C	12	7748489
NANOGNB	12	7765649
NANOG	12	7789410
SLC2A14	12	7872880
NANOGP1	12	7892576
SLC2A3	12	7936184
HSPD1P12	12	8015024
FOXJ2	12	8033360
C3AR1	12	8066348
NECAP1	12	8082280
CLEC4A	12	8123866
POU5F1P3	12	8134849
GCSHP4	12	8142697
ZNF705A	12	8170689
FAM66C	12	8193376
DEFB109F	12	8206710
FAM90A1	12	8227601
ALG1L10P	12	8227734
FAM86FP	12	8242948
LINC02449	12	8243201
ENPP7P5	12	8308855
RPS3AP43	12	8359834
LINC00937	12	8396693
VPS51P3	12	8407195
OR7E140P	12	8415805
OR7E148P	12	8428610
OR7E149P	12	8438425
CLEC6A	12	8455962
RPL15P17	12	8460618
RNU6-275P	12	8484746
SUPT4H1P2	12	8512726
CLEC4D	12	8513503
CLEC4E	12	8540877
AICDA	12	8612846
HADHAP2	12	8634367
MFAP5	12	8662713
RIMKLB	12	8697985
RPSAP51	12	8742428
LINC02972	12	8788261
A2ML1-AS2	12	8820713
A2ML1-AS1	12	8830947
A2ML1	12	8845004
PHC1	12	8914604
M6PR	12	8949622
KLRG1	12	8970429
HNRNPA1P34	12	9029089
VDAC2P2	12	9036344
LINC00612	12	9065079
A2M-AS1	12	9065174
A2M	12	9101556
KRT17P8	12	9127783
BTG1P1	12	9135084
TPT1P12	12	9156372
PZP	12	9170107
MIR1244-3	12	9239551
PTMAP4	12	9240331
LINC00987	12	9240352
A2MP1	12	9275817
DDX12B	12	9277235
LINC02367	12	9357286
DDX12P	12	9448229
KLRB1	12	9607916
RNU6-700P	12	9624228
GOT2P3	12	9641723
CLEC2D	12	9669735
NPM1P7	12	9695384
LINC02390	12	9704077
CLECL1P	12	9733030
CD69	12	9760901
GCNAP1	12	9818025
KLRF1	12	9827521
CLEC2B	12	9869832
KLRF2	12	9881489
CLEC2A	12	9932358
LINC02470	12	9943456
CLEC12A-AS1	12	9953336
CLEC12A	12	9971425
CLEC1B	12	9999194
CLEC12B	12	10010632
CLEC9A	12	10041627
RN7SKP161	12	10084186
CLEC1A	12	10099004
HNRNPABP1	12	10111738
CLEC7A	12	10130189
OLR1	12	10169182
TMEM52B	12	10172290
GABARAPL1	12	10212883
GABARAPL1-AS1	12	10214761
KLRD1	12	10307844
LINC02617	12	10338294
LINC02598	12	10361045
KLRK1-AS1	12	10363769
KLRK1	12	10390025
KLRC4-KLRK1	12	10409549
KLRC4	12	10409677
KLRC3	12	10420572
KLRC2	12	10435993
KLRC1	12	10453353
EIF2S3B	12	10505746
SLC25A39P2	12	10551535
LINC02446	12	10553363
KLRA1P	12	10598209
MAGOHB	12	10613594
STYK1	12	10674030
YBX3	12	10722652
LINC02366	12	10750226
HSPE1P12	12	10770305
TAS2R7	12	10802627
TAS2R8	12	10807286
TAS2R9	12	10810168
TAS2R10	12	10826358
PRR4	12	10849461
TAS2R12P	12	10895882
TAS2R13	12	10909562
PRH2	12	10929236
TAS2R15P	12	10965352
TAS2R50	12	10986912
TAS2R20	12	10998304
TAS2R19	12	11022620
TAS2R31	12	11031407
PRH1	12	11047114
TAS2R63P	12	11049256
TAS2R14	12	11055418
TAS2R46	12	11062294
TAS2R64P	12	11078242
TAS2R43	12	11092313
TAS2R30	12	11134644
TAS2R18P	12	11159694
SMIM10L1	12	11171194
TAS2R42	12	11186937
PRB3	12	11269223
PRB4	12	11310435
PRB1	12	11355590
PRB2	12	11395567
HIGD1AP8	12	11481383
DDX55P1	12	11512723
RNU7-60P	12	11546479
LINC01252	12	11548078
ETV6	12	11649839
BCL2L14	12	12070935
PTMAP9	12	12111163
MIR1244-4	12	12111952
RPL21P100	12	12155262
RNU6-545P	12	12226674
LRP6	12	12266983
RNU6-318P	12	12289329
RPL23AP66	12	12338776
MANSC1	12	12350241
LOH12CR2	12	12357067
BORCS5	12	12357121
DUSP16	12	12561125
CREBL2	12	12611863
RPL21P136	12	12615907
GPR19	12	12696162
CDKN1B	12	12715058
APOLD1	12	12725931
MIR613	12	12764649
STX8P1	12	12771705
DDX47	12	12813358
RPL13AP20	12	12875499
GPRC5A	12	12892415
MIR614	12	12915829
GPRC5D-AS1	12	12927727
GPRC5D	12	12951277
HEBP1	12	13000217
HTR7P1	12	13000959
FAM234B	12	13061947
GSG1	12	13095806
EMP1	12	13198281
LINC01559	12	13376693
RNA5SP353	12	13441001
RNU6-590P	12	13459776
GRIN2B	12	13675820
RN7SKP162	12	13683542
MRPS18CP4	12	14237091
RNU6-491P	12	14250341
GNAI2P1	12	14254912
RPL30P11	12	14357517
ATF7IP	12	14385313
PLBD1-AS2	12	14530119
RN7SKP134	12	14553970
PLBD1-AS1	12	14567606
PLBD1	12	14567735
GUCY2C-AS1	12	14665639
GUCY2C	12	14696591
H4C16	12	14770276
H2AJ	12	14774419
WBP11	12	14803482
C12orf60	12	14803677
SMCO3	12	14812268
ART4	12	14843294
MGP	12	14885855
ERP27	12	14929125
ARHGDIB	12	14961280
PDE6H	12	14975352
LINC01489	12	15001820
RERG-IT1	12	15114698
RERG-AS1	12	15151923
RERG	12	15221406
METTL8P1	12	15255823
PTPRO	12	15546344
RNU6-251P	12	15671810
EPS8	12	15780727
STRAP	12	15882400
DERA	12	15911356
EGLN3P1	12	15972609
SLC15A5	12	16277685
MGST1	12	16347679
SUPT16HP1	12	16402406
LMO3	12	16607206
SKP1P2	12	16989126
EEF1A1P16	12	16990670
RNU6-837P	12	17071505
RPL7P40	12	17121716
PSMC1P8	12	17384647
TIMM17BP1	12	17400399
LINC02378	12	17589579
MIR3974	12	17673299
RERGL	12	18146131
PIK3C2G	12	18261529
NDFIP1P1	12	18358967
ZKSCAN7P1	12	18493051
PSMC1P9	12	18692762
PLCZ1	12	18719613
CAPZA3	12	18738119
RPL7P6	12	19089151
BORCS8P1	12	19108183
PLEKHA5	12	19129795
RN7SL459P	12	19176589
RN7SL67P	12	19303480
PDCD5P1	12	19413153
AEBP2	12	19440324
RNU6-254P	12	19446055
EEF1A1P4	12	19457648
RNU1-146P	12	19724435
TCP1P3	12	19941521
LINC02468	12	20136085
PDE3A	12	20369486
PDE3A-AS1	12	20370188
UBE2L2	12	20450083
SLCO1C1	12	20695520
SLCO1B3	12	20810704
SLCO1B3-SLCO1B7	12	20815674
SLCO1B7	12	20962768
SLCO1B1	12	21131191
IAPP	12	21372910
SLCO1A2	12	21395417
PYROXD1	12	21437702
ELOCP31	12	21448314
RECQL	12	21501632
GOLT1B	12	21501817
SPX	12	21527368
GYS2	12	21604863
LDHB	12	21657837
KCNJ8-AS1	12	21662316
KCNJ8	12	21774862
ABCC9	12	21941332
CMAS	12	22046230
SULT6B2P	12	22134851
RNU1-149P	12	22195629
ST8SIA1	12	22334417
C2CD5	12	22544253
C2CD5-AS1	12	22544676
LRRC34P1	12	22573425
ETNK1-DT	12	22625050
ETNK1	12	22625275
RPS27P22	12	22722229
LINC02955	12	22860300
LINC02566	12	23251499
SOX5	12	23950956
MIR920	12	24212421
SOX5-AS1	12	24223258
KNOP1P1	12	24583561
LINC00477	12	24584250
RN7SL38P	12	24706788
BCAT1-AS1	12	24830421
BCAT1	12	24949061
BCAT1-DT	12	24952363
BRI3P2	12	24967504
LINC02909	12	24997439
IRAG2	12	25052538
CENPUP2	12	25093900
DNAI7	12	25195132
ETFRF1	12	25195274
KRAS	12	25250908
RNU4-67P	12	25404428
FAM133GP	12	25436238
TUBB4BP1	12	25441052
LMNTD1	12	25553283
RN7SKP262	12	25779569
TDGP1	12	25803298
MIR4302	12	25874079
RASSF8-AS1	12	25958402
RASSF8	12	25959058
BHLHE41	12	26124899
SSPN	12	26195340
ITPR2-AS2	12	26318953
SSPN-AS1	12	26335856
RNA5SP354	12	26373733
ITPR2	12	26673221
INTS13	12	26937981
FGFR1OP2	12	26938490
TM7SF3-AS1	12	26971586
TM7SF3	12	27014343
MED21	12	27022566
C12orf71	12	27082578
STK38L	12	27244289
BMAL2	12	27332892
BMAL2-AS1	12	27446623
SMCO2	12	27468716
RARS1P1	12	27496937
PPFIBP1	12	27524182
C12orf71BP	12	27594039
REP15	12	27696447
HMGB1P49	12	27702338
MRPS35-DT	12	27707576
MRPS35	12	27710829
MANSC4	12	27780236
KLHL42	12	27780260
RN7SKP15	12	27806390
PTHLH	12	27970349
IFT57P1	12	28164958
CCDC91	12	28190456
RNU4-54P	12	28319463
RNA5SP355	12	28505394
RPL29P27	12	28565141
FAR2	12	29149278
ERGIC2	12	29381158
OVCH1-AS1	12	29389632
OVCH1	12	29485343
RPL21P99	12	29658798
TMTC1	12	29783901
LINC02386	12	30296705
RNA5SP356	12	30306524
IPO8	12	30695425
CAPRIN2	12	30754857
LINC00941	12	30795837
PPIAP44	12	30861921
TSPAN11	12	30926904
TSPAN11-AS1	12	31005946
DDX11-AS1	12	31073800
DDX11	12	31073909
RPL13AP22	12	31252597
MREGP1	12	31254445
SINHCAF	12	31325921
LINC02387	12	31369286
RNU6-618P	12	31396390
ANKRD49P2	12	31535247
DENND5B-AS1	12	31589930
DENND5B	12	31591036
RNU5F-4P	12	31594206
RPL31P50	12	31597409
AK4P3	12	31652076
ETFBKMT	12	31659688
STMN1P1	12	31715781
AMN1	12	31729039
AMN1-AS1	12	31729117
H3-5	12	31792298
RNU6-1069P	12	31803090
RPL12P32	12	31948334
LINC02422	12	31959301
RESF1	12	31959438
BICD1	12	32107252
BICD1-AS1	12	32107528
RNU6-494P	12	32477471
FGD4	12	32502160
DNM1L	12	32679304
YARS2	12	32755883
PKP2	12	32834229
RPL35AP27	12	32863118
ASS1P14	12	32985838
SYT10	12	33439646
RNU6-400P	12	33576095
RNU6-472P	12	33923480
ALG10	12	34022473
TUBB8P4	12	34166954
RNA5SP357	12	34205699
DUX4L27	12	34209675
LINC02963	12	34219194
AK6P1	12	34249481
ZNF970P	12	37575587
AK6P2	12	38078999
CLUHP8	12	38082046
RNA5SP358	12	38161582
RNA5SP359	12	38163515
TUBB8P5	12	38201566
NF1P12	12	38207192
ALG10B	12	38316770
CPNE8	12	38721222
CPNE8-AS1	12	38905786
LINC02406	12	39145482
KIF21A	12	39442943
RPL7AP74	12	39467345
ABCD2	12	39619794
REDIC1	12	39626183
RPL30P13	12	40068590
SLC2A13	12	40106067
LINC02471	12	40156166
LINC02555	12	40158548
LRRK2-DT	12	40223843
LRRK2	12	40304448
MUC19	12	40532984
RNU6-713P	12	40554267
CNTN1	12	40827962
PDZRN4	12	41437683
PDZRN4-AS1	12	41442993
RNA5SP360	12	41658676
MTND2P17	12	41699182
MTND1P24	12	41700251
LINC02400	12	41764146
GXYLT1	12	42144835
YAF2	12	42238222
MIR7851	12	42323859
ZCRB1	12	42326098
PPHLN1	12	42326166
RNU6-249P	12	42398550
PRICKLE1	12	42484291
LINC02402	12	42646527
RPS27P21	12	42679124
LINC02450	12	42692216
MRPS36P5	12	43054386
LINC02461	12	43155315
ADAMTS20	12	43552061
EEF1A1P17	12	43659827
PUS7L	12	43758770
IRAK4	12	43758998
TWF1	12	43806287
TMEM117	12	43836636
ZNF75BP	12	44010143
NELL2	12	44876286
DBX2	12	45051099
DBX2-AS1	12	45051168
RACGAP1P1	12	45065351
SSBL3P	12	45071769
RNA5SP361	12	45117771
PLEKHA8P1	12	45216027
ANO6	12	45216150
MESDP1	12	45444766
LINC00938	12	45727860
ARID2	12	45729879
RN7SL246P	12	45874035
KNOP1P2	12	45882266
SCAF11	12	45969547
RPL13AP21	12	46004685
SLC38A1	12	46268756
SLC38A2	12	46370789
SLC38A2-AS1	12	46372557
SLC38A4-AS1	12	46410725
OR7A19P	12	46592573
MARK3P1	12	46682713
SLC38A4	12	46825995
AMIGO2	12	47080163
PCED1B	12	47102895
IFITM3P6	12	47135901
MIR4698	12	47187812
PCED1B-AS1	12	47216347
PPIAP45	12	47342089
LINC02416	12	47353731
MIR4494	12	47364269
LINC02156	12	47377684
ADI1P3	12	47463087
STBD1P1	12	47484689
RPAP3	12	47705999
RPAP3-DT	12	47706083
ENDOU	12	47725512
RAPGEF3	12	47758572
SLC48A1	12	47772388
HDAC7	12	47819262
LINC02354	12	47830421
VDR	12	47905009
TMEM106C	12	47963638
COL2A1	12	48004405
RNU6-1203P	12	48081319
ATP6V1FP2	12	48085062
SENP1	12	48106028
PFKM	12	48119316
MIR6505	12	48132797
ASB8	12	48157515
PHB1P18	12	48169659
CCDC184	12	48183644
OR10AD1	12	48203292
H1-7	12	48328980
ZNF641	12	48350804
OR5BK1P	12	48356614
OR5BT1P	12	48386265
OR5BJ1P	12	48395392
OR8S21P	12	48417337
OR8T1P	12	48442947
ANP32D	12	48472559
C12orf54	12	48486708
RPS10P20	12	48487946
OR8S1	12	48525632
OR5BS1	12	48559882
LALBA	12	48570056
OR11M1P	12	48627879
SNORA2C	12	48654518
MIR1291	12	48654530
SNORA2A	12	48656782
SNORA2B	12	48667593
KANSL2	12	48682204
CCNT1	12	48716745
SPMIP11	12	48727446
MIR4701	12	48772037
ADCY6	12	48789031
ADCY6-DT	12	48789190
CACNB3	12	48818396
DDX23	12	48838061
RND1	12	48862210
RNU6-600P	12	48892228
RPL32P27	12	48903813
CCDC65	12	48904119
FKBP11	12	48925485
ARF3	12	48957445
WNT10B	12	48971193
RNU6-940P	12	48975543
WNT1	12	48978322
DDN-AS1	12	48998377
DDN	12	48999375
PRKAG1	12	49018760
KMT2D	12	49031404
RHEBL1	12	49069979
DHH	12	49094801
LMBR1L	12	49110676
TUBA1B-AS1	12	49130909
TUBA1B	12	49131395
TUBA1A	12	49189001
TUBA1C	12	49246558
PRPH	12	49295758
TROAP-AS1	12	49302511
TROAP	12	49323265
C1QL4	12	49337188
DNAJC22	12	49347038
SPATS2	12	49367446
KCNH3	12	49540125
MCRS1	12	49567881
RNU6-834P	12	49593104
POLR2KP1	12	49594091
PARK7P1	12	49595148
FAM186B	12	49605618
HIGD1AP9	12	49619334
PRPF40B	12	49623557
FMNL3	12	49707393
TMBIM6	12	49741586
LSM6P2	12	49770960
NCKAP5L	12	49819224
BCDIN3D-AS1	12	49828543
BCDIN3D	12	49843100
RPL35AP28	12	49863173
FAIM2	12	49903869
LINC02396	12	49911857
LINC02395	12	49911913
AQP2	12	49950741
AQP5	12	49961872
AQP5-AS1	12	49962937
AQP6	12	49972879
RACGAP1	12	50025448
ASIC1	12	50058192
SMARCD1	12	50085347
GPD1	12	50104008
COX14	12	50112236
CERS5	12	50167302
MIR1293	12	50234212
LIMA1	12	50236701
RNU6-1093P	12	50256344
FAM186A	12	50396609
LARP4	12	50400897
DIP2B	12	50504996
RNU6-769P	12	50633273
RNU6-238P	12	50656973
ATF1	12	50764456
RN7SL519P	12	50841785
TMPRSS12	12	50842923
TMT1A	12	50924885
HIGD1C	12	50952544
RNU6-87P	12	51014241
SLC11A2	12	51026347
RNU6-1273P	12	51037499
LETMD1	12	51048342
CSRNP2	12	51083539
RPL35AP29	12	51106817
PHB1P19	12	51125381
RNU6-199P	12	51162901
TFCP2	12	51173014
POU6F1	12	51206030
DAZAP2	12	51238854
SMAGP	12	51270079
BIN2	12	51324137
CELA1	12	51346679
GALNT6	12	51391627
SLC4A8	12	51424953
SLC4A8-AS1	12	51425118
SCN8A	12	51618001
HNRNPA3P10	12	51713606
TMDD1	12	51814925
FIGNL2	12	51840272
FIGNL2-DT	12	51848199
ANKRD33	12	51888217
ACVRL1	12	51907565
ACVR1B	12	51951703
RNU6-574P	12	51987657
TAMALIN	12	52010719
NR4A1	12	52050615
NR4A1AS	12	52059417
ATG101	12	52069992
SMIM41	12	52079704
SMIM41-AS1	12	52104297
OR7E47P	12	52107278
KRT80	12	52192000
LINC00592	12	52210909
LINC02874	12	52213570
TMT1AP1	12	52229588
KRT7	12	52238703
KRT7-AS	12	52247448
KRT87P	12	52258553
KRT88P	12	52263948
KRT86	12	52276608
KRT86-AS2	12	52279156
KRT81	12	52291534
KRT86-AS1	12	52306287
KRT83-AS1	12	52311124
KRT83	12	52321398
KRT89P	12	52341197
KRT85	12	52364629
KRT84-AS1	12	52380460
KRT84	12	52385652
KRT82	12	52406335
KRT90P	12	52421867
KRT75	12	52434371
KRT6B	12	52452146
KRT6C	12	52472619
KRT6A	12	52491625
KRT5	12	52519117
KRT71	12	52553145
KRT74	12	52573816
KRT72	12	52601447
KRT73-AS1	12	52610550
KRT73	12	52618549
KRT128P	12	52634456
KRT2	12	52651441
KRT1	12	52678962
KRT77	12	52703463
KRT126P	12	52721655
KRT125P	12	52736142
BTBD10P1	12	52748776
KRT127P	12	52753821
ARL2BPP2	12	52763405
KRT76	12	52777345
KRT3	12	52796117
KRT4	12	52813616
KRT79	12	52830462
KRT78	12	52848283
RPL7P41	12	52885429
KRT8	12	52926964
KRT18	12	52949101
EIF4B	12	53006456
TNS2-AS1	12	53049280
TNS2	12	53052106
MIR6757	12	53056944
SPRYD3	12	53079385
IGFBP6	12	53097667
SOAT2	12	53103506
VTI1BP3	12	53131350
RNU6-333P	12	53138651
HIGD1AP1	12	53142053
EIF4A1P4	12	53153272
CSAD	12	53180597
ZNF740	12	53180722
ITGB7	12	53200871
RARG	12	53232214
MFSD5	12	53252095
ESPL1	12	53271208
PFDN5	12	53295548
MYG1	12	53299937
MYG1-AS1	12	53300089
AAAS	12	53321598
SP7	12	53336348
SP1	12	53380416
AMHR2	12	53423900
PRR13	12	53441749
PCBP2	12	53452430
PCBP2-OT1	12	53464468
MAP3K12	12	53493468
TARBP2	12	53501478
NPFF	12	53507487
ATF7-AS1	12	53513891
ATF7-NPFF	12	53625979
ATF7	12	53626343
RPL31P51	12	53633151
ATP5MC2	12	53676241
CALCOCO1	12	53727450
CISTR	12	53752016
RN7SKP289	12	53816185
HOXC13	12	53938831
HOXC13-AS	12	53939190
HOXC12	12	53954903
HOTAIR	12	53970964
HOXC11	12	53973127
HOXC-AS3	12	53985680
HOXC10	12	53986132
MIR196A2	12	53991738
HOXC9	12	53995509
HOXC-AS2	12	53996342
HOXC-AS1	12	53999683
HOXC6	12	54005420
HOXC8	12	54008985
HOXC5	12	54033050
MIR615	12	54033950
HOXC4	12	54037854
FAM242C	12	54125934
LINC02381	12	54126202
SMUG1	12	54188954
MIR3198-2	12	54231476
RN7SL390P	12	54255910
CBX5	12	54259586
SCAT2	12	54262606
HNRNPA1	12	54280780
NFE2	12	54300990
RNU6-950P	12	54317887
COPZ1	12	54325135
MIR148B	12	54337216
RN7SL744P	12	54344610
GPR84	12	54364486
ZNF385A	12	54385772
ITGA5	12	54413428
GPR84-AS1	12	54419340
GTSF1	12	54472635
NCKAP1L	12	54498275
PDE1B	12	54549926
PPP1R1A	12	54588628
GLYCAM1	12	54610429
LACRT	12	54634883
DCD	12	54648429
VDAC1P5	12	54803589
MUCL1	12	54834944
TESPA1	12	54974244
NEUROD4	12	55019974
OR9K1P	12	55115533
OR9K2	12	55128043
OR9R1P	12	55158847
OR10U1P	12	55194786
OR10A7	12	55221025
OR6C74	12	55244609
OR6C69P	12	55262539
OR6C72P	12	55283750
OR6C6	12	55296569
OR6C5P	12	55311835
OR6C1	12	55317452
OR6C3	12	55330394
OR6C7P	12	55342841
OR6C75	12	55363387
OR6C71P	12	55377736
OR6C66P	12	55388445
OR6C73P	12	55396340
OR6C65	12	55400529
PHC1P1	12	55414787
OR6C76	12	55426254
OR6C2	12	55444072
OR6C70	12	55470138
OR6C68	12	55492378
OR6C64P	12	55522593
OR6C4	12	55550400
OR2AP1	12	55572468
OR6U2P	12	55611623
OR10P1	12	55636892
OR10AE3P	12	55646663
PSMB3P1	12	55655168
TMT1B	12	55681736
ITGA7	12	55707884
BLOC1S1	12	55716063
RDH5	12	55720421
CD63	12	55729000
CD63-AS1	12	55729078
GDF11	12	55743260
SARNP	12	55817723
ORMDL2	12	55818203
DNAJC14	12	55829595
TMEM198B	12	55832159
MMP19	12	55842949
OLA1P3	12	55872602
GSTP1P1	12	55900300
PYM1	12	55927815
DGKA	12	55932149
PMEL	12	55966025
CDK2	12	55966832
RAB5B	12	55974105
SUOX	12	55997317
IKZF4	12	56021043
RPS26	12	56041893
ERBB3	12	56083319
PA2G4	12	56104588
RPL41	12	56116633
ZC3H10	12	56118267
ESYT1	12	56128268
MYL6B	12	56152597
MYL6B-AS1	12	56158220
MYL6	12	56158366
SMARCC2	12	56189486
RNF41	12	56221887
NABP2	12	56224328
SLC39A5	12	56230105
ANKRD52	12	56257505
COQ10A	12	56267283
CNPY2-AS1	12	56300141
CS	12	56300316
CNPY2	12	56316031
PAN2	12	56333946
IL23A	12	56334208
RNU7-40P	12	56352450
STAT2	12	56360121
APOF	12	56362817
APONP	12	56377331
TIMELESS	12	56449406
SPRYD4	12	56468578
MIP	12	56469077
GLS2	12	56488196
HSPD1P4	12	56511002
RBMS2	12	56521989
RNU6-343P	12	56588518
BAZ2A	12	56630320
SNORD59A	12	56645101
ATP5F1B	12	56645981
RN7SL809P	12	56670746
PTGES3	12	56688285
NACA	12	56725296
PRIM1	12	56752323
HSD17B6	12	56763170
SDR9C7	12	56934408
RDH16	12	56957630
GPR182	12	56994542
ZBTB39	12	57006509
TAC3	12	57016534
MYO1A	12	57050130
NEMP1	12	57078764
NAB2	12	57089104
STAT6	12	57111350
LRP1-AS	12	57147655
LRP1	12	57177407
MIR1228	12	57194504
NXPH4	12	57216829
SHMT2	12	57230103
NDUFA4L2	12	57237103
STAC3	12	57251185
RNU6-879P	12	57415296
R3HDM2	12	57430789
R3HDM2-DT	12	57431396
INHBC	12	57434784
INHBE	12	57454844
GLI1	12	57460321
ARHGAP9	12	57478174
MARS1	12	57488212
MIR6758	12	57512688
MIR616	12	57519259
DDIT3	12	57520514
MBD6	12	57522842
DCTN2	12	57547131
KIF5A	12	57572101
PIP4K2C	12	57591221
DTX3	12	57604818
ARHGEF25	12	57611890
SLC26A10P	12	57619527
B4GALNT1	12	57632679
RPL13AP23	12	57674665
OS9	12	57694140
OS9-AS1	12	57721510
AGAP2-AS1	12	57726271
AGAP2	12	57738742
TSPAN31	12	57745044
MIR6759	12	57748682
CDK4	12	57752328
MARCHF9	12	57755728
CYP27B1	12	57767078
METTL1	12	57772105
EEF1AKMT3	12	57772614
TSFM	12	57782781
RNU6-1083P	12	57806260
AVIL	12	57808935
MIR26A2	12	57824692
CTDSP2	12	57837542
GIHCG	12	57936180
ATP23	12	57941617
RN7SKP65	12	57978277
LINC02403	12	58087853
RPL21P103	12	58244378
LINC02388	12	58781716
LRIG3	12	58917064
LRIG3-DT	12	58920704
RPS6P22	12	59020169
RNU6-279P	12	59369151
RNU6-871P	12	59450772
LINC02448	12	59524171
RNU4-20P	12	59586943
SLC16A7	12	59664677
DUX4L52	12	61600843
RPL21P104	12	61775923
KRT8P19	12	61879318
RPS3P6	12	62022174
KLF17P1	12	62235515
TAFA2	12	62258955
MIR6125	12	62260359
USP15	12	62260408
RNU6-595P	12	62334197
MON2	12	62466835
MON2-AS1	12	62484932
RNU6-399P	12	62545679
MIRLET7IHG	12	62602752
MIRLET7I	12	62603686
LINC01465	12	62603690
RPL32P26	12	62658823
GAPDHP44	12	62755227
RNU1-83P	12	62850901
PPM1H	12	62887138
RPL14P1	12	62965325
LDHAL6CP	12	63003553
RSL24D1P5	12	63055765
AVPR1A	12	63150690
HNRNPA1P69	12	63271404
LINC03056	12	63345121
DPY19L2	12	63668524
RPS27P24	12	63760612
RXYLT1	12	63780010
PABPC1P4	12	63822021
RXYLT1-AS1	12	63822159
SRGAP1	12	63844766
RPL36AP41	12	63872044
RNU6-1009P	12	64204793
KICS2	12	64222272
RNU5A-7P	12	64228675
OOEPP2	12	64266413
ATP6V1E1P3	12	64338797
C12orf56	12	64341954
XPOT	12	64404457
TBK1	12	64460189
RASSF3-DT	12	64609459
RASSF3	12	64610476
MIR548C	12	64622509
MIR548Z	12	64622605
GNS	12	64759413
TBC1D30	12	64783602
RPL7P39	12	64868699
LINC02389	12	64883744
RNU6ATAC42P	12	64939023
LINC02231	12	64992793
RNU6-166P	12	65095749
WIF1	12	65121289
APOOP3	12	65134688
LEMD3	12	65169583
MSRB3	12	65278744
KRT18P60	12	65420027
LINC02454	12	65602778
MSRB3-AS1	12	65642157
PCNPP3	12	65646462
HMGA2	12	65824811
RPSAP52	12	65826198
HMGA2-AS1	12	65882041
HMGA2-AS2	12	65948479
MIR6074	12	66023726
LINC02425	12	66032376
RPL21P18	12	66037235
RNA5SP362	12	66066221
LLPH	12	66130718
LLPH-DT	12	66130751
TMBIM4	12	66169992
IRAK3	12	66189257
RBMS1P1	12	66235234
MIR6502	12	66251082
PDCL3P7	12	66276651
RN7SKP166	12	66292683
HELB	12	66302580
OSBPL9P5	12	66563524
OSBPL9P4	12	66569194
GRIP1	12	66647349
RAB11AP2	12	67132205
GGTA2P	12	67266966
CAND1	12	67269726
MRPL40P1	12	67351436
NTAN1P3	12	67424986
LINC02420	12	67442591
LINC02408	12	67443137
LINC02442	12	67588649
DYRK2	12	67648350
LINC02421	12	67718667
LINC01479	12	67929226
IFNG-AS1	12	67989477
RPL39P28	12	68001548
HNRNPA1P70	12	68035767
IFNG	12	68159740
IL26	12	68225810
IL22	12	68253553
MDM1	12	68332255
LINC02384	12	68442770
RPSAP12	12	68553882
RAP1B	12	68610923
RPL10P12	12	68627187
SNORA70G	12	68627375
ATP5PDP4	12	68642993
RPL7P42	12	68684595
NUP107	12	68686993
NUP107-DT	12	68687067
KRT8P39	12	68705634
SLC35E3	12	68746176
SZRD1P1	12	68805479
MDM2	12	68809009
RNU7-4P	12	68911921
CPM	12	68933199
PRELID2P1	12	68957677
CPSF6	12	69239604
MIR1279	12	69273218
C1GALT1P1	12	69284397
LYZ	12	69348384
YEATS4	12	69359742
RN7SL804P	12	69400903
RPS26P45	12	69422656
LINC02373	12	69431520
FRS2	12	69470406
MIR3913-2	12	69584723
MIR3913-1	12	69584823
CCT2	12	69585469
LRRC10	12	69610907
BEST3	12	69699335
RAB3IP	12	69739399
MYRFL	12	69825316
LINC02821	12	70180340
PRANCR	12	70243376
CNOT2	12	70243749
KCNMB4	12	70383250
RNU4-65P	12	70443923
PTPRB-AS1	12	70468123
PTPRB	12	70637414
FAHD2P1	12	70671918
PTPRR	12	70754688
TSPAN8	12	71158069
LGR5	12	71440033
ZFC3H1	12	71648225
THAP2	12	71665054
TMEM19	12	71686448
RAB21	12	71770536
TBC1D15	12	71839776
MRS2P2	12	71850428
TPH2	12	72031282
TRHDE-AS1	12	72272858
TRHDE	12	72417524
H3P35	12	72432075
CHCHD3P2	12	72610678
LINC02444	12	73159190
RPL31P48	12	73648666
RNU6-1012P	12	73679296
LINC02445	12	73758688
LINC02394	12	74040592
VENTXP3	12	74292324
LINC02882	12	74341332
ATXN7L3B	12	74537835
KCNC2	12	75209435
CAPS2-AS1	12	75234891
CCNG2P1	12	75258634
CAPS2	12	75330340
GLIPR1L1	12	75350758
GLIPR1L2	12	75391105
GLIPR1	12	75480818
GLIPR1-AS1	12	75489820
KRR1	12	75511611
RPL10P13	12	75689096
RN7SL734P	12	75958130
PHLDA1-AS1	12	76030494
PHLDA1	12	76031690
PHLDA1-DT	12	76031812
DENRP2	12	76057538
NAP1L1	12	76084658
RNU6-1271P	12	76139567
LNCOG	12	76259836
RN7SKP172	12	76315751
BBS10	12	76348426
OSBPL8	12	76559531
RPL7AP9	12	76599671
YWHAQP7	12	76619386
RPL21P98	12	76660405
RPL7P43	12	76721534
ZDHHC17	12	76764435
CSRP2	12	76878997
E2F7	12	77065556
LINC02464	12	77324749
NAV3	12	78007178
NAV3-AS1	12	78091737
PRXL2AP1	12	78131004
LINC02424	12	78359723
SYT1	12	78864916
MIR1252	12	79419257
SYT1-AS1	12	79479447
NOP56P3	12	79558782
PPP1R12A-AS2	12	79690144
PAWR	12	79690320
PPP1R12A	12	79817518
RNA5SP363	12	79878419
PPP1R12A-AS1	12	79935278
SNRPGP20	12	79989218
RPL7P38	12	80028893
RNU7-106P	12	80068757
RN7SKP261	12	80343792
OTOGL	12	80356418
PTPRQ	12	80439659
AKIRIN1P1	12	80561560
MYF6	12	80707633
MYF5	12	80716912
LINC01490	12	80763188
MIR617	12	80832629
MIR618	12	80935833
LIN7A	12	80937742
ACSS3	12	81078047
ACSS3-AS1	12	81125871
MIR4699	12	81158388
PPFIA2-AS1	12	81279190
PPFIA2-AS2	12	81417139
PPFIA2	12	81555320
LINC02426	12	81953739
CCDC59	12	82358396
METTL25	12	82358717
TMTC2	12	82687001
RNU6-977P	12	83021890
RPL6P25	12	83151331
SLC6A15	12	84912762
TSPAN19	12	85036252
LRRIQ1	12	85044781
ALX1	12	85280220
LINC02820	12	85354131
RASSF9	12	85836409
NTS	12	85874212
MGAT4C	12	86256351
RPL23AP68	12	87170429
CYCSP30	12	87750142
LINC02258	12	87782273
MKRN9P	12	87784568
RPS4XP15	12	87944885
C12orf50	12	88029401
RLIG1	12	88035537
RNA5SP364	12	88051701
CEP290	12	88105481
TMTC3	12	88142308
KITLG	12	88580470
RNU1-117P	12	88581639
LINC02458	12	89180076
RNU7-120P	12	89282285
MRPS6P4	12	89319364
DUSP6	12	89352405
CENPCP1	12	89500093
GALNT4	12	89524796
POC1B-AS1	12	89525600
POC1B	12	89525997
POC1B-GALNT4	12	89526230
ATP2B1	12	89708837
RNA5SP365	12	89726936
MRPL2P1	12	89752913
RNU6-148P	12	89754059
ATP2B1-AS1	12	89919641
BRWD1P2	12	89919776
LINC02392	12	90293320
LINC02822	12	90576459
LINC00615	12	90918023
CCER1	12	90955174
EPYC	12	91004972
KERA	12	91058024
LUM	12	91111494
DCN	12	91180575
LINC02823	12	91341987
LINC03130	12	91680131
LINC02404	12	91876090
LINC01619	12	92061955
BTG1	12	92145233
BTG1-DT	12	92146148
RPL21P106	12	92168400
LINC02391	12	92363832
CLLU1	12	92422745
CLLU1-AS1	12	92430604
LINC02397	12	92466533
MTCH2P2	12	92530460
PLEKHG7	12	92703153
HNRNPA1P50	12	92883773
EEA1	12	92929303
LINC02413	12	92941347
RNU6-1329P	12	92952639
DPPA3P5	12	93035261
RPL41P5	12	93083675
NACAP8	12	93124543
LINC02412	12	93173486
NUDT4	12	93377932
UBE2N	12	93441939
MRPL42	12	93467518
RN7SL737P	12	93509487
SOCS2-AS1	12	93570955
SOCS2	12	93571630
CRADD	12	93678697
CRADD-AS1	12	93737792
RN7SL630P	12	93831076
RN7SKP263	12	94009047
PLXNC1	12	94254478
RN7SL330P	12	94361220
RBMS2P1	12	94424969
CEP83	12	94459755
CEP83-DT	12	94460000
LNCHR1	12	94496442
RN7SL483P	12	94515476
NSA2P2	12	94521869
SUCLG2P2	12	94548241
MIR5700	12	94561789
MIR7844	12	94571352
LSM3P2	12	94590821
TMCC3	12	94616285
KRT19P2	12	94834147
MIR492	12	94834398
NDUFA12	12	95003695
NR2C1	12	95073531
FGD6	12	95217379
VEZT	12	95217826
CBX3P5	12	95286838
RNU6-808P	12	95290692
MIR331	12	95308420
MIR3685	12	95309923
RNU6-735P	12	95438843
RPL29P26	12	95467861
METAP2	12	95474151
USP44	12	95548821
PGAM1P5	12	95672305
LINC02410	12	95786948
NTN4	12	95790725
RNU6-247P	12	95792635
SNRPF-DT	12	95858824
SNRPF	12	95858965
CCDC38	12	95942600
AMDHD1	12	95943425
HAL	12	95996070
LTA4H	12	96035588
YPEL5P3	12	96060375
RN7SL88P	12	96102249
LINC02452	12	96168916
ELK3	12	96194545
RNU4-24P	12	96303513
CDK17	12	96400055
RN7SKP11	12	96427486
CFAP54	12	96547927
EEF1A1P33	12	96902698
NEDD1	12	96907276
LINC02409	12	97275453
RMST	12	97465026
MIR1251	12	97491909
MIR135A2	12	97563812
RNU6-36P	12	97721716
PAFAH1B2P2	12	97756548
MIR4495	12	97939121
MIR4303	12	97995448
RNU4-41P	12	98418038
SLC9A7P1	12	98457115
LINC02453	12	98503479
TMPO	12	98515632
TMPO-AS1	12	98516210
PPIAP8	12	98591214
SLC25A3	12	98593655
SNORA53	12	98599635
IKBIP	12	98644954
APAF1	12	98648316
RNA5SP366	12	99083905
ANKS1B	12	99154492
GARIN6	12	99647753
RPS4XP1	12	100009838
BLTP3B	12	100092964
BLTP3B-DT	12	100143058
RN7SL176P	12	100158765
GOLGA2P5	12	100173159
MIR1827	12	100189884
ACTR6	12	100200814
DEPDC4	12	100267055
SCYL2	12	100267389
SLC17A8	12	100357368
NR1H4	12	100473893
PIGAP1	12	100578744
GAS2L3	12	100582761
ANO4	12	100794695
SNX5P2	12	101066734
RNU6-768P	12	101199377
SLC5A8	12	101210069
UTP20	12	101280125
ARL1	12	101407749
RNU6-1068P	12	101411357
RPS27P23	12	101424441
RNU5E-5P	12	101466705
RNA5SP367	12	101472339
SPIC	12	101475336
MYBPC1	12	101606125
CHPT1	12	101697672
RNY1P16	12	101719808
SYCP3	12	101739462
RNU6-101P	12	101765509
RNA5SP368	12	101779814
RNU6-172P	12	101796502
GNPTAB	12	101830748
RNA5SP369	12	101836820
RNU6-1183P	12	101871801
HSPE1P4	12	101873623
DRAM1	12	101877639
DRAM1-AS1	12	101962414
NENFP2	12	101963901
WASHC3	12	102062009
NUP37	12	102120089
PARPBP	12	102120201
HELLPAR	12	102197585
PMCH	12	102197833
RN7SL793P	12	102217613
LINC02456	12	102298074
IGF1	12	102480622
LINC00485	12	102824504
PAH	12	102917235
ASCL1	12	102957674
C12orf42-AS1	12	103151855
C12orf42	12	103495935
LINC02401	12	103547835
STAB2	12	103733192
NT5DC3	12	103797936
TTC41P	12	103915867
HSP90B1	12	103930410
MIR3652	12	103930425
UQCC6	12	103957185
TDG	12	103965886
GLT8D2	12	104050151
HCFC2	12	104064678
RNA5SP370	12	104125236
NFYB	12	104138149
LINC02385	12	104171983
RPL18AP3	12	104265309
TXNRD1-AS1	12	104280855
TXNRD1	12	104287022
EID3	12	104303739
CHST11	12	104456969
MIR3922	12	104591633
SLC41A2	12	104958309
KRT18P20	12	104978027
NOPCHAP1	12	104986338
ALDH1L2	12	105084456
WASHC4	12	105107786
APPL2	12	105236099
C12orf75-AS1	12	105327017
C12orf75	12	105330691
CASC18	12	105706014
ST13P3	12	106015897
NUAK1	12	106085497
CKAP4	12	106276135
RNU7-94P	12	106282989
TCP11L2	12	106302825
POLR3B	12	106357793
RFX4	12	106601151
RIC8B	12	106774698
EEF1B2P4	12	106901984
RPL30P12	12	106910757
TMEM263-DT	12	106955705
TMEM263	12	106955882
MTERF2	12	106987124
CRY1	12	107093513
SETP7	12	107271394
ABTB3	12	107319898
RNA5SP371	12	107486635
PWP1	12	107685799
RPL17P38	12	107719599
PRDM4-AS1	12	107736572
PRDM4	12	107761135
ASCL4	12	107774704
WSCD2	12	108130778
CMKLR1	12	108320662
LINC01498	12	108473186
FICD	12	108515304
SART3	12	108561160
ISCU	12	108562608
TMEM119	12	108598116
SELPLG	12	108631377
MIR4496	12	108635810
RNU7-169P	12	108668448
CORO1C	12	108730652
SSH1	12	108826972
MIR619	12	108837006
DAO	12	108880112
RNU6-361P	12	108926541
SVOP	12	109021029
USP30	12	109052605
USP30-AS1	12	109053857
RNA5SP372	12	109059986
ALKBH2	12	109093488
UNG	12	109098133
ACACB	12	109212073
FOXN4	12	109299736
LINC01486	12	109359532
MYO1H	12	109439537
KCTD10	12	109462645
UBE3B	12	109477652
RNU4-32P	12	109568115
MMAB	12	109573504
MVK	12	109573834
RN7SKP250	12	109663183
FAM222A	12	109717823
FAM222A-AS1	12	109773485
TRPV4	12	109832735
MIR4497	12	109833348
RBISP3	12	109860420
RN7SL441P	12	109866509
GLTP	12	109880428
TCHP	12	109900518
GIT2	12	109996296
ANKRD13A	12	109999447
C12orf76	12	110060357
IFT81	12	110124392
ATP2A2	12	110292049
RN7SL769P	12	110360746
ANAPC7	12	110403684
HMGA1P3	12	110430282
ARPC3	12	110450302
RPL31P49	12	110460988
GPN3	12	110468263
FAM216A	12	110468781
VPS29	12	110502095
RAD9B	12	110502302
PPTC7	12	110583315
TCTN1	12	110614139
RN7SL387P	12	110625917
HVCN1	12	110689448
PPP1CC	12	110742839
RPL29P25	12	110842387
CCDC63	12	110846973
VHRT	12	110936577
LINC01404	12	110957812
MYL2	12	110969032
CUX2	12	111033994
MIR6760	12	111304142
RNA5SP373	12	111339527
PHETA1	12	111369026
LINC02356	12	111369255
HSPA8P14	12	111381867
SH2B3	12	111406063
IFITM3P5	12	111581379
ATXN2	12	111599106
ATXN2-AS	12	111599580
PCNPP1	12	111670362
BRAP	12	111685960
ACAD10	12	111686087
ALDH2	12	111766949
MIR6761	12	111799834
MAPKAPK5-AS1	12	111841933
MAPKAPK5	12	111842611
RPS2P41	12	111880249
ADAM1A	12	111899263
ADAM1B	12	111927018
SLC25A3P2	12	111992996
TMEM116	12	112013090
ERP29	12	112013388
MIR3657	12	112037715
NAA25	12	112108781
TRAFD1	12	112125554
MIR6861	12	112163321
HECTD4	12	112219580
RN7SKP71	12	112267077
RPL7AP60	12	112302663
RPL6	12	112409606
PTPN11	12	112418912
MIR1302-1	12	112695176
RPH3A	12	112791829
OAS1	12	112906995
OAS3	12	112938486
OAS2	12	112978534
IMMP1LP2	12	113015607
RPS15AP32	12	113054062
DTX1	12	113073778
RASAL1	12	113135752
CFAP73	12	113149747
MIR7106	12	113159177
DDX54	12	113185463
RITA1	12	113185560
IQCD	12	113221052
TPCN1	12	113221480
MIR6762	12	113291523
SLC8B1	12	113335108
PLBD2	12	113358576
SDS	12	113413699
SDSL	12	113422412
LHX5	12	113472075
LHX5-AS1	12	113472425
LINC01234	12	113773686
DYNLL1P4	12	113789807
RBM19	12	113966320
HAUS8P1	12	114097682
GLULP5	12	114104542
LINC02459	12	114241954
TBX5	12	114406149
TBX5-AS1	12	114408178
RN7SKP216	12	114505187
OSTF1P1	12	114588194
TBX3	12	114683512
TBX3-AS1	12	114692498
UBA52P7	12	115592983
RN7SL865P	12	115717725
LINC02463	12	115886137
MED13L	12	116007444
RNU6-1188P	12	116082570
MIR620	12	116148654
SNRPGP18	12	116169045
MIR4472-2	12	116428318
LINC02457	12	116482073
LINC00173	12	116533424
MAP1LC3B2	12	116549424
LINC03088	12	116661515
SPRING1	12	116737952
RNFT2	12	116738316
RNU6-558P	12	116782105
HRK	12	116880352
RPL36P15	12	116908312
FBXW8	12	116911000
TESC	12	117099408
TESC-AS1	12	117099497
FBXO21	12	117190466
ELOCP32	12	117246164
NOS1	12	117361629
KSR2	12	117677251
RFC5	12	118016711
WSB2	12	118061151
VSIG10	12	118103948
PEBP1	12	118136120
RPS2P5	12	118246084
TAOK3	12	118359122
SUDS3	12	118376555
LINC02460	12	118648724
RPL17P37	12	118738511
LINC02423	12	118761709
LINC02440	12	118774596
RNA5SP374	12	118829681
LINC02439	12	118833529
RN7SL508P	12	118993857
SRRM4	12	118995251
HSPB8	12	119180438
HSPB8-AS1	12	119183259
LINC00934	12	119289400
CCDC60	12	119334829
TMEM233	12	119593786
PRKAB1-AS1	12	119595149
RN7SKP197	12	119631386
PRKAB1	12	119670834
MIR1178	12	119713724
CIT	12	119784701
RPL35AP30	12	119959424
BICDL1	12	119989869
RAB35	12	120116768
RAB35-AS1	12	120116907
MIR4498	12	120155499
GCN1	12	120173102
RPLP0	12	120201095
PXN-AS1	12	120201324
RPS20P31	12	120247460
PXN	12	120265711
NME2P1	12	120282303
RNU4-2	12	120291903
RNU4-1	12	120293237
SIRT4	12	120302318
RNU6-1088P	12	120313341
PLA2G1B	12	120326936
MSI1	12	120369167
RPS27P25	12	120371388
COX6A1	12	120438113
TRIAP1	12	120446384
GATC	12	120446471
RPL31P52	12	120450803
SRSF9	12	120469728
DYNLL1	12	120469871
NRAV	12	120495940
RPL29P24	12	120523443
COQ5	12	120529155
RNF10	12	120560782
POP5	12	120581379
RPL11P5	12	120594548
CABP1-DT	12	120640538
CABP1	12	120650085
MLEC	12	120687245
UNC119B	12	120710449
MIR4700	12	120723193
ACADS	12	120725829
ARF1P2	12	120845647
SPPL3	12	120903494
CLIC1P1	12	120914400
RPL12P33	12	120916745
HNF1A	12	120978651
HNF1A-AS1	12	120980932
C12orf43	12	121016480
OASL	12	121039016
OASL2P	12	121059670
PPDPFP2	12	121079842
P2RX7	12	121132902
P2RX4	12	121210133
CAMKK2	12	121296717
ANAPC5	12	121352391
RNF34	12	121400123
MIR7107	12	121444352
KDM2B	12	121549639
KDM2B-DT	12	121580509
RNU6-1004P	12	121604902
ORAI1	12	121626550
MORN3	12	121672627
TMEM120B	12	121764196
RHOF	12	121794355
LINC01089	12	121802921
SETD1B	12	121804180
TIALD	12	121856281
HPD	12	121858861
PSMD9	12	121888794
RNU7-170P	12	121908103
CFAP251	12	121940959
BCL7A	12	122021884
LINC02985	12	122063394
MLXIP	12	122127884
IL31	12	122174221
LRRC43	12	122183124
B3GNT4	12	122203737
DIABLO	12	122226027
VPS33A	12	122266436
RPL21P1	12	122364782
CLIP1-AS1	12	122395574
CLIP1	12	122419926
ZCCHC8	12	122491743
RSRC2	12	122526944
KNTC1	12	122602397
HCAR2	12	122703357
HCAR3	12	122716811
HCAR1	12	122730844
DENR	12	122752851
CCDC62	12	122774532
HIP1R	12	122835504
VPS37B	12	122896095
ABCB9	12	122966445
OGFOD2	12	122974864
ARL6IP4	12	122980687
MIR4304	12	123010728
PITPNM2-AS1	12	123082790
PITPNM2	12	123105522
MPHOSPH9	12	123231773
MTRFR	12	123233444
CDK2AP1	12	123268269
RNA5SP375	12	123283034
MIR8072	12	123364843
SBNO1	12	123364854
SBNO1-AS1	12	123364912
KMT5A	12	123389085
RILPL2	12	123436486
COPS5P2	12	123441852
SNRNP35	12	123458140
RILPL1	12	123533718
MIR3908	12	123536409
TMED2-DT	12	123584408
TMED2	12	123584549
DDX55	12	123602129
SNORA9B	12	123616708
EIF2B1	12	123633684
GTF2H3	12	123633845
TCTN2	12	123671122
RPL27P12	12	123721639
ATP6V0A2	12	123725516
DNAH10	12	123808283
DNAH10OS	12	123934984
CCDC92	12	123972622
ZNF664	12	123973209
RFLNA	12	124289164
MIR6880	12	124337242
NCOR2	12	124409732
SCARB1	12	124863905
RNU6-927P	12	124901512
UBC	12	124914443
MIR5188	12	124915547
RPL22P19	12	124935860
DHX37	12	124989067
BRI3BP	12	124993675
THRIL	12	125027410
AACS	12	125065511
TMEM132B	12	125338034
LINC00939	12	125983407
LINC02826	12	126002078
LINC02359	12	126096170
LINC02350	12	126191378
LINC02825	12	126405528
LINC02347	12	126444848
FAM32EP	12	126458792
NDUFA5P6	12	126524248
LINC02824	12	126690479
LINC00943	12	126726861
LINC00944	12	126736985
LINC02372	12	126874683
HSPE1P20	12	126912034
LINC02405	12	127060566
LINC02376	12	127284328
RNU1-104P	12	127321355
LINC02375	12	127342991
LINC02411	12	127636409
LINC02393	12	127881617
LINC00507	12	127915402
LINC00508	12	127983858
LINC02441	12	128027168
LINC02369	12	128118148
LINC02368	12	128118217
TMEM132C	12	128267170
MIR3612	12	128294092
SLC15A4	12	128823958
GLT1D1	12	128853519
AK3P6	12	128945203
NLRP9P1	12	129013336
TMEM132D-AS1	12	129109651
TMEM132D-AS2	12	129208601
TMEM132D	12	129495012
LINC02418	12	130042383
LINC02419	12	130070829
FZD10-AS1	12	130162160
FZD10	12	130162461
PIWIL1	12	130339480
RIMBP2	12	130633920
RIMBP2-AS1	12	130658768
STX2	12	130839219
RNU6-1077P	12	130869837
RAN	12	130872079
ADGRD1	12	130976636
ADGRD1-AS1	12	130993971
ADGRD1-AS2	12	131035487
LINC01257	12	131207173
RPS6P20	12	131293176
LINC02415	12	131298854
RNA5SP376	12	131299751
LINC02370	12	131354654
RNA5SP377	12	131661063
LINC02414	12	131661974
RPS6P21	12	131667492
SFSWAP	12	131711137
SFSWAP-AS1	12	131758047
RNA5SP378	12	131801434
RNU6-1017P	12	131815368
MMP17	12	131828495
ULK1	12	131907554
PUS1-AS1	12	131929068
PUS1	12	131929293
EP400	12	131994783
SNORA49	12	132031224
EP400P1	12	132104021
DDX51	12	132144311
NOC4L	12	132144449
LINC02361	12	132189728
GALNT9	12	132275221
GALNT9-AS1	12	132275417
FBRSL1	12	132490159
MIR6763	12	132581997
LRCOL1	12	132610385
P2RX2	12	132618796
POLE	12	132662144
PXMP2	12	132687648
PGAM5	12	132710839
RNA5SP379	12	132724057
ANKLE2	12	132742906
RPS11P5	12	132825701
GOLGA3	12	132828833
RNU6-327P	12	132835500
CHFR	12	132887601
CHFR-DT	12	132887706
ZNF605	12	132956198
NANOGNBP2	12	132972890
ZNF26	12	132986430
RNU4ATAC12P	12	132995302
PTP4A1P2	12	133033503
ZNF84-DT	12	133037228
ZNF84	12	133037508
ZNF140	12	133080916
RPL23AP67	12	133125479
ZNF891	12	133130273
ZNF10	12	133130596
ZNF268	12	133181521
ANHX	12	133231497
RNU6-717P	12	133238438
FAM230C	13	18195316
GGT4P	13	18270822
KMT5AP1	13	18297554
IGSF3P1	13	18309934
ZNF962P	13	18485448
BNIP3P7	13	18491904
LINC00349	13	18539677
LONRF2P2	13	18609132
LINC00388	13	18611675
FEM1AP4	13	18665235
LINC00387	13	18672827
TERF1P5	13	18680494
FAM207BP	13	18697003
GXYLT1P1	13	18724904
CNN2P12	13	18726706
ZNF965P	13	18734080
CYP4F34P	13	18742718
SNX18P26	13	18808018
LINC00328-2P	13	18809830
RHOT1P3	13	18838098
RNU6-55P	13	18869291
ANKRD20A9P	13	18871967
RNU6-76P	13	18880054
SNX19P2	13	18895230
LINC00408	13	18905445
LINC00442	13	19008452
USP24P1	13	19019336
GTF2IP3	13	19032626
PHF2P2	13	19062718
RNA5SP24	13	19088487
CENPIP1	13	19126399
SMPD4P2	13	19171194
TUBA3C	13	19181824
PSPC1P1	13	19227432
MRPL3P1	13	19305625
LINC00421	13	19344609
ANKRD26P3	13	19344825
PARP4P2	13	19349137
CCNQP3	13	19382454
SLC25A15P2	13	19411231
CYCSP32	13	19458718
TPTE2	13	19536763
ESRRAP1	13	19561269
GOLM2P1	13	19564900
MRPS31P2	13	19570288
TPTE2-AS1	13	19574322
MPHOSPH8	13	19633695
PSPC1-AS2	13	19674624
RN7SL166P	13	19737254
PSPC1	13	19782937
ST6GALNAC4P1	13	19818619
ZMYM5	13	19863524
ZMYM2	13	19958919
KRR1P1	13	20072136
LINC01072	13	20099313
GJA3	13	20161532
PPIAP28	13	20179462
LINC00556	13	20181531
GJB2	13	20192625
GJB6	13	20232303
MIR4499	13	20433846
CRYL1	13	20525825
IFT88	13	20567165
SLC35E1P1	13	20607268
RNU2-7P	13	20612161
IL17D	13	20703495
RANP8	13	20748057
EEF1AKMT1	13	20773958
XPO4	13	20902753
CNOT4P1	13	20923233
LINC00367	13	20949428
HNRNPA1P30	13	20949599
PPIAP27	13	20956443
RPSAP54	13	20961310
LATS2-AS1	13	21005157
RNU4-9P	13	21038667
LATS2	13	21061542
RPS12P23	13	21094714
IPPKP1	13	21104371
SAP18	13	21140612
SKA3	13	21176555
MRPL57	13	21176660
LINC01046	13	21224521
ESRRAP2	13	21260032
MIPEPP3	13	21298259
GRK6P1	13	21319156
LINC00539	13	21344854
GAPDHP52	13	21358373
RNA5SP25	13	21369899
ZDHHC20-IT1	13	21377874
ZDHHC20	13	21440177
H2BP6	13	21484174
FNTAP2	13	21530690
RNU6-59P	13	21551410
MICU2	13	21604159
RPS7P10	13	21629015
FGF9	13	21674002
RN7SL766P	13	21790537
LINC00424	13	21876692
LINC00540	13	22061691
NME1P1	13	22099544
MTND3P1	13	22113338
FTH1P7	13	22696574
DDX39AP1	13	22706206
RPL7AP73	13	22803296
IPMKP1	13	22837880
RFESDP1	13	22850101
BASP1P1	13	22898005
NUS1P2	13	22915651
LINC00621	13	22915875
HMGA1P6	13	23134174
RNY3P4	13	23152686
LINC00362	13	23170888
SGCG	13	23180937
RNU6-58P	13	23217534
TATDN2P3	13	23243520
SDAD1P4	13	23267506
RPLP1P13	13	23373423
SACS	13	23375571
SACS-AS1	13	23418940
LINC00327	13	23466569
LINC00352	13	23498796
TNFRSF19	13	23579357
MTCO3P2	13	23766104
PCOTH	13	23888900
MIPEP	13	23889399
C1QTNF9B	13	23897278
ANKRD20A19P	13	23941740
IPO7P2	13	24123814
MIR2276	13	24162416
SPATA13	13	24251694
SPATA13-AS1	13	24254439
C1QTNF9	13	24307751
C1QTNF9-AS1	13	24321598
NUS1P3	13	24328211
LINC00566	13	24331450
CYCSP33	13	24400703
TPTE2P6	13	24408157
PARP4	13	24512765
PSPC1P2	13	24566843
ATP12A	13	24680411
RNY1P7	13	24703665
RPL26P34	13	24704788
IRX1P1	13	24742677
ANKRD20A10P	13	24752171
RNF17	13	24783967
CPAP	13	24922833
SLC25A15P3	13	24943575
TPTE2P1	13	24967454
RPL34P27	13	24988925
LSP1P1	13	25017404
PABPC3	13	25096136
AMER2	13	25172288
LINC01053	13	25173784
LINC00463	13	25179971
RPL23AP69	13	25206049
LINC01076	13	25210657
MTMR6	13	25287478
NUP58	13	25301632
ELOBP1	13	25366155
ATP8A2	13	25468977
RNU6-78P	13	25517119
RN7SL741P	13	25944478
RNY1P3	13	25950821
SHISA2	13	26052016
LINC00415	13	26059616
PRUNE1P1	13	26118964
ATP8A2P3	13	26154175
RNF6	13	26221832
THAP12P6	13	26234213
CDK8	13	26254165
WASF3	13	26557704
RPS3AP44	13	26576886
WASF3-AS1	13	26641364
GPR12	13	26760786
FGFR1OP2P1	13	26905362
RPS21P8	13	26977543
RPS20P32	13	27017909
USP12-AS1	13	27162855
USP12	13	27171809
LINC00412	13	27231841
RPL21	13	27251585
SNORD102	13	27255064
SNORA27	13	27255401
RASL11A	13	27270892
RNU6-70P	13	27343746
LINC01079	13	27362203
RNY1P1	13	27402587
GTF3A	13	27424721
MTIF3	13	27450178
RNU6-63P	13	27488138
LNX2	13	27620578
POLR1D	13	27621875
NPM1P4	13	27697204
GSX1	13	27792483
RNU6-73P	13	27828763
PLUT	13	27917298
PDX1	13	27920000
ATP5F1EP2	13	27945260
LINC00543	13	27954144
CDX2	13	27969364
URAD	13	27983731
RN7SL272P	13	27989584
KATNBL1P1	13	28067587
FLT3	13	28100581
CHCHD2P8	13	28107431
PAN3-AS1	13	28138497
PAN3	13	28138545
EEF1A1P3	13	28214513
RNU6-82P	13	28232501
FLT1	13	28420566
EIF4A1P7	13	28598833
POMP	13	28659153
RNU6-53P	13	28703807
SLC46A3	13	28718942
CYP51A1P2	13	28724021
POM121L13P	13	28778558
MTUS2-AS2	13	29250554
GAPDHP69	13	29306778
MTUS2	13	29428627
MTUS2-AS1	13	29487517
SLC7A1	13	29595647
UBL3	13	29850617
TIMM8BP1	13	29866169
LINC00297	13	29888436
LINC00572	13	29925378
LINC00544	13	29936014
LINC00365	13	30108895
LINC00385	13	30153748
LINC00384	13	30154458
RNU6-64P	13	30281765
PRDX2P1	13	30296147
KATNAL1	13	30307049
LINC00427	13	30319891
LINC00426	13	30374308
LINC01058	13	30422255
UBE2L5	13	30422493
HMGB1	13	30465913
MFAP1P1	13	30542897
RBM22P2	13	30543461
PTPN2P2	13	30553670
USPL1	13	30617939
ALOX5AP	13	30735543
LINC00398	13	30869022
MEDAG	13	30906488
TEX26-AS1	13	30932598
TEX26	13	30932705
LINC01066	13	30996258
WDR95P	13	31063306
HSPH1	13	31161943
B3GLCT	13	31230191
ANKRD26P4	13	31311289
RXFP2	13	31739534
EEF1DP3	13	31952580
FRY	13	32031427
FRY-AS1	13	32031676
ZAR1L	13	32313658
BRCA2	13	32315584
IFIT1P1	13	32384660
N4BP2L1	13	32428119
ATP8A2P2	13	32477274
N4BP2L2-IT2	13	32509395
N4BP2L2	13	32538778
PDS5B	13	32586536
RNY1P4	13	32763552
LINC00423	13	32911554
TOMM22P3	13	32954401
KL	13	33016428
STARD13-IT1	13	33164409
STARD13-AS	13	33271437
STARD13	13	33285736
LINC02344	13	33335329
RFC3	13	33818149
RNU5A-4P	13	33829649
VDAC1P12	13	34083310
LINC02343	13	34348041
GAMTP2	13	34574666
LINC00457	13	34593255
SCAND3P1	13	35185294
PHB1P13	13	35251070
NBEA	13	35471395
MAB21L1	13	35478721
LINC00445	13	35697496
DCLK1	13	35993545
SOHLH2	13	36214572
RNU6-71P	13	36267168
CCDC169	13	36297828
CCDC169-SOHLH2	13	36297842
SPART	13	36346445
SPART-AS1	13	36346471
CCNA1	13	36432247
H2ACP1	13	36490441
SERTM1	13	36674026
GAPDHP34	13	36740041
TCEAL4P1	13	36742465
ARL2BPP3	13	36794484
NDE1P2	13	36805302
RFXAP	13	36822324
SMAD9-IT1	13	36850046
SMAD9	13	36920180
LAMTOR3P1	13	36922539
RPL29P28	13	36927219
EIF4A1P5	13	36939494
ALG5	13	36999337
EXOSC8	13	37000788
SUPT20H	13	37059623
CSNK1A1L	13	37105664
RN7SKP1	13	37166658
RPS12P24	13	37221246
LINC01048	13	37505981
LINC00547	13	37534940
POSTN	13	37598763
RNA5SP26	13	37854970
TRPC4	13	37869772
LINC02334	13	37934579
HSPD1P9	13	37994720
UFM1	13	38349852
LINC00571	13	38350110
LINC00437	13	38567658
LINC00366	13	38567715
PRDX3P3	13	38617940
FREM2	13	38754386
RNU6-56P	13	38779424
FREM2-AS1	13	38827570
PLA2G12AP2	13	38902387
ANKRD26P2	13	38936199
STOML3	13	38990859
PROSER1	13	39034501
NHLRC3	13	39038391
NXT1P1	13	39169951
LHFPL6	13	39603209
COG6	13	39655693
MIR4305	13	39664135
RNY4P14	13	39785510
CDKN2AIPNLP3	13	39818049
AZU1P1	13	39857094
LINC00332	13	40181489
RPL17P51	13	40224862
RNY3P9	13	40226827
LINC00598	13	40377261
RN7SKP2	13	40407440
RLIMP1	13	40618738
FOXO1	13	40666278
MIR320D1	13	40727875
MRPS31	13	40771197
SLC25A15	13	40789611
MIR621	13	40810766
CYCSP34	13	40863902
TPTE2P5	13	40864352
SUGT1P3	13	40921656
RGS17P1	13	40993331
ELF1	13	41019343
WBP4	13	41061541
MIR3168	13	41101100
RN7SL597P	13	41121876
KBTBD6	13	41132802
KBTBD6-DT	13	41132939
CALM2P3	13	41171148
KBTBD7	13	41194569
MORF4L1P4	13	41200807
MTRF1	13	41263568
RAC1P3	13	41288320
NAA16	13	41343082
RNU6-57P	13	41354659
TUBBP2	13	41385183
OR7E36P	13	41432201
OR7E155P	13	41440847
OR7E37P	13	41442770
RGCC	13	41457547
MIR5006	13	41568395
RN7SL515P	13	41807677
RNU6-74P	13	41905118
KARS1P1	13	41925598
VWA8	13	41961090
VWA8-AS1	13	41961169
RPS28P8	13	42003430
MAPK6P3	13	42071093
DGKH	13	42138042
CHCHD2P11	13	42181921
FHP1	13	42255873
AKAP11	13	42271516
FABP3P2	13	42369657
LINC02341	13	42424880
TNFSF11	13	42568444
FAM216B	13	42781567
LINC01050	13	42819821
LINC00428	13	42872807
ZDHHC4P1	13	42933858
EPSTI1	13	42992232
DNAJC15	13	43023586
LINC00400	13	43158631
RPL36P19	13	43394525
ENOX1-AS2	13	43453646
ENOX1-AS1	13	43543918
ENOX1	13	43786875
LACC1	13	43879547
CCDC122	13	43879709
DGKZP1	13	43968424
NRAD1	13	44022059
SMIM2-AS1	13	44142383
LINC00390	13	44147747
MIR8079	13	44196200
LINC02938	13	44256043
SERP2	13	44373824
TUSC8	13	44405971
TSC22D1	13	44540033
TSC22D1-AS1	13	44577053
SMARCE1P5	13	44594858
LINC00330	13	44809630
NUFIP1	13	44989471
GPALPP1	13	44989564
RN7SL49P	13	45002150
RN7SKP3	13	45060729
RN7SKP4	13	45123093
GTF2F2	13	45151699
KCTD4	13	45201045
SNORA31B	13	45336447
SNORA31	13	45337609
TPT1	13	45341180
TPT1-AS1	13	45341515
RCN1P2	13	45391267
SLC25A30	13	45418363
SLC25A30-AS1	13	45418573
PPIAP25	13	45436121
COG3	13	45464959
RNA5SP27	13	45551603
TIMM9P3	13	45553136
ERICH6B	13	45585595
COX4I1P2	13	45671845
AKR1B1P4	13	45688469
LINC01055	13	45701187
CBY2	13	45702469
SIAH3	13	45851753
ZC3H13	13	46052736
CPB2-AS1	13	46052839
CPB2	13	46105038
RN7SL288P	13	46169748
LCP1	13	46182176
LRRC63	13	46211943
RN7SKP5	13	46249942
ABITRAMP1	13	46270077
LINC00563	13	46309791
RNU2-6P	13	46374590
RUBCNL	13	46387231
RNU6-68P	13	46410454
PPP1R2P4	13	46437988
OR7E101P	13	46460609
LINC01198	13	46466816
COX17P1	13	46490930
FKBP1AP3	13	46505118
LRCH1	13	46553200
ESD	13	46797158
HTR2A-AS1	13	46845281
HTR2A	13	46897034
GNG5P5	13	47307082
RN7SL700P	13	47459234
NAP1L4P3	13	47763460
RPL27AP8	13	47767085
LINC00562	13	47932622
SUCLA2	13	48001279
SUCLA2-AS1	13	48001389
NUDT15	13	48037728
MED4-AS1	13	48067918
MED4	13	48095102
POLR2KP2	13	48134534
ITM2B	13	48233219
RB1-DT	13	48303695
RB1	13	48303776
PPP1R26P1	13	48320475
PCNPP5	13	48328564
LPAR6	13	48415814
RCBTB2	13	48533086
LINC01077	13	48571043
LINC00462	13	48580940
CYSLTR2	13	48653929
PSME2P2	13	48771128
FNDC3A	13	48976609
RNU6-60P	13	48987915
RAD17P2	13	49046794
RNY3P2	13	49095391
COX7CP1	13	49187670
OGFOD1P1	13	49212294
MLNR	13	49220228
CDADC1	13	49247941
CAB39L	13	49427349
SETDB2	13	49444289
SNRPGP14	13	49488970
PHF11	13	49496016
RCBTB1	13	49585559
ARL11	13	49628500
EBPL	13	49691463
KPNA3	13	49792620
RNY4P30	13	49889728
CTAGE10P	13	49890591
RNY4P9	13	49908730
SPRYD7	13	49936334
MIR3613	13	49996501
TRIM13	13	49996757
KCNRG	13	50015349
MIR16-1	13	50049061
MIR15A	13	50049201
DLEU2	13	50082006
RPL18P10	13	50099331
ST13P4	13	50172053
DLEU1	13	50359916
RPL34P26	13	50361763
RNA5SP28	13	50813106
DLEU7	13	50843419
RNASEH2B	13	50910066
RNASEH2B-AS1	13	50910561
RNA5SP29	13	51027852
GUCY1B2	13	51064450
RPL5P31	13	51162357
C13orf42	13	51172305
PRELID3BP2	13	51195881
FAM124A	13	51222374
SERPINE3	13	51339691
MIR5693	13	51348639
INTS6	13	51451574
INTS6-AS1	13	51453372
RPS4XP16	13	51460525
RN7SL320P	13	51469753
SNRPGP11	13	51496251
MIR4703	13	51552589
RNU6-65P	13	51565412
WDFY2	13	51584476
RNY1P6	13	51586532
RN7SL413P	13	51594215
ATP5PBP1	13	51598416
DHRS12	13	51804140
TMEM272	13	51845175
CCDC70	13	51861969
CTAGE3P	13	51910621
FABP5P2	13	51966742
ATP7B	13	52011400
ALG11	13	52012413
UTP14C	13	52024691
NEK5	13	52129070
NEK3	13	52159555
THSD1P1	13	52168321
MRPS31P5	13	52194378
TPTE2P2	13	52297828
LINC02333	13	52334287
RNY4P24	13	52400004
THSD1	13	52406200
VPS36	13	52450623
CKAP2-DT	13	52455403
CKAP2	13	52455481
TPTE2P3	13	52503320
LINC00345	13	52600363
MRPS31P4	13	52617558
HNRNPA1L2	13	52642431
SUGT1-DT	13	52652395
SUGT1	13	52652764
CNMD	13	52739821
MIR759	13	52810050
PPIAP26	13	52820497
PCDH8	13	52848640
OLFM4	13	53028813
LINC01065	13	53151890
PCDH8P1	13	53199981
RN7SL618P	13	53258077
ZNF646P1	13	53409876
LINC00558	13	53838484
LINC00458	13	54132892
MIR1297	13	54312048
RPL13AP25	13	54441315
LINC02335	13	55039794
MIR5007	13	55174454
HNF4GP1	13	56000448
SPATA2P1	13	56214373
RN7SKP6	13	56885602
PRR20A	13	57140918
PRR20B	13	57147488
PRR20C	13	57147489
PRR20D	13	57160632
PRR20E	13	57167197
PRR20FP	13	57173453
MTCO2P3	13	57204379
SLC25A5P4	13	57314739
RPL31P53	13	57391518
PCDH17	13	57633096
RNA5SP30	13	57991350
LINC02338	13	58165778
LINC00374	13	58233117
RNY4P29	13	58527751
CTAGE16P	13	58528615
DNAJA1P1	13	58752233
HMGN2P39	13	59010332
POLR3KP1	13	59071803
RPP40P2	13	59262680
RNU7-88P	13	59480070
DIAPH3	13	60013178
DIAPH3-AS1	13	60013249
RN7SL375P	13	60034762
DIAPH3-AS2	13	60144630
RNY4P28	13	60187830
LINC00434	13	60268047
TARDBPP2	13	60274776
TDRD3	13	60397220
RNA5SP31	13	60613608
LINC00378	13	60619012
EIF4A1P6	13	60638097
RNY3P5	13	60789560
LINC01442	13	60917001
MIR3169	13	61199880
PCDH20	13	61415849
LINC02339	13	61427946
RAC1P8	13	61805150
LINC00358	13	62029561
LINC01075	13	62212442
LINC01074	13	62321305
LINC00459	13	62323657
RPL32P28	13	62327988
SQSTM1P1	13	62406916
LINC00448	13	62796697
LINC00376	13	63328121
LINC00395	13	63738056
OR7E156P	13	63742341
RNU6-81P	13	63783801
PPP1R2P10	13	63811608
OR7E104P	13	63837456
NFYAP1	13	63976422
LINC00355	13	64076022
LGMNP1	13	64959396
STARP1	13	65310953
HNRNPA3P5	13	65788764
LINC01052	13	65866073
MIR548X2	13	65966429
MIR4704	13	66218250
TRIM60P19	13	66268997
PCDH9-AS1	13	66303871
RNU7-87P	13	66630776
PCDH9-AS2	13	66894946
PCDH9-AS3	13	66977707
PCDH9	13	67229818
RPSAP53	13	67267706
LINC00364	13	67326309
BCRP9	13	67790407
NPM1P22	13	67832827
OR7E111P	13	67902208
OR7E33P	13	67910986
ELL2P3	13	68291280
HNRNPA1P18	13	68303302
RPL37P21	13	68331613
RPS3AP52	13	68634190
RPL12P34	13	68654572
RN7SL761P	13	68694081
LINC02342	13	68876732
LINC00550	13	68885325
ZDHHC20P4	13	68985058
SNRPFP3	13	69102056
LINC00383	13	69222335
SRSF1P1	13	69408735
RNY3P10	13	69802940
PSMC1P13	13	69895085
ATXN8OS	13	70107780
KLHL1	13	70108472
ATXN8	13	70139431
RNU6-54P	13	70459464
MTCL1P1	13	70923664
LINC00348	13	71015072
RABEPKP1	13	71296210
H3P36	13	71675067
RPL21P109	13	71704181
RPL35AP31	13	71845981
DACH1	13	71866312
RPS10P21	13	71914178
RPL18AP17	13	72460329
RPL21P110	13	72703693
RNU6-80P	13	72706123
MZT1	13	72727629
BORA	13	72727918
DIS3	13	72781934
PIBF1	13	72782155
RNU6-79P	13	72881214
PSMD10P3	13	73036401
KLF5	13	73059792
FABP5P1	13	73100985
RNU6-66P	13	73113018
RNU4-10P	13	73191528
RNY1P8	13	73227147
MARK2P12	13	73408352
LINC00392	13	73574518
LINC00393	13	73661889
KLF12	13	74133012
LINC00402	13	74288084
RNY1P5	13	74289214
RPL21P108	13	74377951
LINC00347	13	74553965
RIOK3P1	13	74828553
RNU6-38P	13	75109587
SSR1P2	13	75136154
CTAGE11P	13	75240296
LINC01078	13	75250480
TBC1D4	13	75482160
COMMD6	13	75537844
UCHL3	13	75549772
LMO7-AS1	13	75635952
FAM204CP	13	75689197
LMO7	13	75760660
LMO7DN	13	75870704
LINC00561	13	75935132
LINC01034	13	76015135
RN7SL571P	13	76134931
KCTD12	13	76886405
BTF3P11	13	76928066
ACOD1	13	76948511
RPL7P44	13	76981916
DHX9P1	13	76984868
CLN5	13	76992097
FBXL3	13	77027085
MYCBP2-AS1	13	77075527
MYCBP2-AS2	13	77081190
MYCBP2	13	77185912
SCEL	13	77535695
SCEL-AS1	13	77606533
RNY3P7	13	77623372
SPTLC1P5	13	77659413
MIR3665	13	77698116
SLAIN1	13	77730379
EDNRB-AS1	13	77818207
EDNRB	13	77919397
RN7SL810P	13	77947772
LINC01069	13	77997862
LINC00446	13	77997927
OBI1-AS1	13	78055023
SRGNP1	13	78285838
RNY3P3	13	78355328
RPL31P54	13	78422823
ELOCP23	13	78488182
POU4F1	13	78603552
OBI1	13	78659155
RPL21P111	13	78761175
LINC00331	13	78840052
HSPD1P8	13	78849231
CCT5P2	13	78908919
NIPA2P5	13	79090783
BCAS2P3	13	79166119
RNA5SP33	13	79389631
RBM26	13	79406220
RBM26-AS1	13	79406301
NDFIP2-AS1	13	79481230
NDFIP2	13	79481396
LINC01068	13	79566672
LINC01038	13	79804333
LINC00382	13	79872607
LINC01080	13	80074419
SPRY2	13	80340798
RNU6-61P	13	80369534
HNRNPA1P31	13	80620067
PWWP2AP1	13	80654755
ARF4P4	13	80888348
LINC00377	13	81030923
DPPA3P3	13	81115295
LINC00564	13	81226990
RNU6-77P	13	81265747
HIGD1AP2	13	81272891
PTMAP5	13	81690068
GYG1P2	13	82823131
RNU6-67P	13	83298167
SLITRK1	13	83882433
VENTXP2	13	83907781
UBE2D3P4	13	84020327
MTND4P1	13	84520103
MTND5P3	13	84521725
LINC00333	13	84562364
LINC00375	13	85148163
LINC00351	13	85363729
SLITRK6	13	85799433
MOB1AP1	13	85968999
DDX6P2	13	86275493
TXNL1P1	13	86725500
LINC00430	13	86909565
UBBP5	13	87219004
LIN28AP2	13	87380258
MIR4500	13	87618740
MIR4500HG	13	87671328
SLITRK5	13	87672353
LINC00397	13	87810509
TET1P1	13	87892472
LINC00373	13	88142867
RPL29P29	13	88236969
LINC00433	13	88540864
GRPEL2P1	13	88978785
LINC01047	13	89220559
LINC00440	13	89227263
TRIM60P13	13	89250100
SP3P	13	89363224
LINC01040	13	89500509
LINC02336	13	89550849
LINC00353	13	89553804
RPL7L1P1	13	89833941
PEX12P1	13	89991831
LINC00559	13	90119605
RNA5SP34	13	90135841
FAR1P1	13	90170866
KRT18P27	13	90230384
MIR622	13	90231182
LINC01049	13	90496116
RNU6-75P	13	90781869
LINC00410	13	90926597
BRK1P2	13	91023954
LINC00380	13	91089664
LINC00379	13	91183476
PPIAP23	13	91272577
MIR17HG	13	91348815
MIR17	13	91350605
MIR18A	13	91350751
MIR19A	13	91350891
MIR20A	13	91351065
MIR19B1	13	91351192
MIR92A1	13	91351314
GPC5	13	91725058
RNU4ATAC3P	13	92059844
FABP5P4	13	92180885
GPC5-AS2	13	92379531
GPC5-IT1	13	92484606
MIR548AS	13	92490163
GPC5-AS1	13	92720794
LINC00363	13	93033014
GPC6	13	93226807
HNRNPA1P29	13	93395855
GPC6-AS2	13	93836144
RNA5SP35	13	94025598
GPC6-AS1	13	94187991
DCT	13	94474219
TGDS	13	94596159
GPR180	13	94601869
RNA5SP36	13	94651529
RN7SL585P	13	94699502
LINC00391	13	94708409
SOX21	13	94712545
SOX21-AS1	13	94712716
BRD7P5	13	94759272
RPL21P112	13	94761015
LINC00557	13	94960041
RNU6-62P	13	95019235
ABCC4	13	95301401
RNY3P8	13	95310955
RNY4P27	13	95336201
MEMO1P5	13	95394049
CLDN10-AS1	13	95533910
CLDN10	13	95552715
DZIP1	13	95644038
DNAJC3-DT	13	95676935
DNAJC3	13	95677139
MTND5P2	13	95692538
MTND6P18	13	95694495
MTCYBP3	13	95694569
HMGN1P24	13	95809607
UGGT2	13	96053400
HS6ST3	13	96090107
RN7SL164P	13	96169545
MIR4501	13	96427229
AMMECR1LP1	13	96573659
HSP90AB6P	13	96885821
LINC00359	13	96948344
TULP3P1	13	96948927
RN7SKP7	13	96949533
OXGR1	13	96994476
LINC00456	13	97179589
MBNL2	13	97222334
RNA5SP37	13	97363101
RAP2A	13	97434320
PSMA6P4	13	97475742
RPL7AP61	13	97901653
IPO5	13	97976128
FTLP8	13	97987216
RNF113B	13	98177269
FARP1	13	98200319
RN7SKP8	13	98204192
MIR3170	13	98208524
FARP1-AS1	13	98435840
STK24	13	98576802
STK24-AS1	13	98577513
NUS1P4	13	98610876
CYCSP35	13	98629989
CALM2P4	13	98641239
RN7SL60P	13	98671980
SLC15A1	13	98752672
DOCK9-AS1	13	98811020
RPL7L1P12	13	98950447
DOCK9	13	98978061
RNU6-83P	13	99025234
DOCK9-DT	13	99087819
RPS6P23	13	99173593
GAPDHP22	13	99190991
UBAC2-AS1	13	99200731
UBAC2	13	99200886
RN7SKP9	13	99205708
H2AZP3	13	99215758
GPR18	13	99261736
GPR183	13	99307436
MIR623	13	99356131
HMGB3P4	13	99372173
CCR12P	13	99408914
LNCARGI	13	99432702
LINC01232	13	99498805
TM9SF2	13	99501460
LINC01039	13	99577112
CFL1P8	13	99582706
CLYBL	13	99606671
MIR4306	13	99643059
CLYBL-AS2	13	99690971
CLYBL-AS1	13	99728971
ZIC5	13	99971767
ZIC2	13	99984689
LINC00554	13	99997909
NDUFA12P1	13	100028174
ASNSP3	13	100063601
PCCA-DT	13	100088950
PCCA	13	100089113
RPL15P18	13	100151092
PCCA-AS1	13	100481199
RPS26P47	13	100540248
GGACT	13	100547383
COX5BP6	13	100624429
TMTC4	13	100674821
ARF4P3	13	100757059
NALCN-AS1	13	100866502
LINC00411	13	100944525
NALCN	13	101416442
ITGBL1	13	101452670
RNU1-24P	13	101779048
HMGB3P7	13	101801878
MIR2681	13	101967746
LIPT1P1	13	102002125
RNY1P2	13	102017069
MIR4705	13	102046004
RPL39P29	13	102263202
FGF14-AS1	13	102367489
FGF14-IT1	13	102380959
FGF14-AS2	13	102394578
FGF14	13	102402032
LINC00555	13	102589813
TPP2	13	102615897
METTL21C	13	102695044
CCDC168	13	102759072
TEX30	13	102773764
POGLUT2	13	102798972
BIVM-ERCC5	13	102799322
BIVM	13	102800346
ERCC5	13	102846047
METTL21EP	13	102880040
SLC10A2	13	103066417
LINC01309	13	103421037
ATP6V1G1P7	13	103444968
RPL7P45	13	104814327
DAOA	13	105466146
DAOA-AS1	13	105505681
LINC00343	13	105706883
RNA5SP38	13	106155490
LINC00460	13	106376568
RPL35P9	13	106425773
EFNB2	13	106535659
ARGLU1	13	106568148
ARGLU1-DT	13	106568483
ATP5MC1P5	13	106663437
PPIAP24	13	106864286
SNORD31B	13	107320963
MIR1267	13	107531248
NALF1-IT1	13	107835451
NALF1	13	107867496
LIG4	13	108215563
ABHD13	13	108218415
TNFSF13B	13	108269807
RNA5SP39	13	108301331
HCFC2P1	13	108480226
MYO16	13	108704576
MYO16-AS2	13	109101919
MYO16-AS1	13	109201483
LINC00370	13	109281869
LINC01067	13	109310135
LINC00399	13	109400403
LINC00676	13	109728357
IRS2	13	109786583
RN7SKP10	13	109915096
LINC03082	13	110047671
LINC00396	13	110053285
RN7SL783P	13	110098151
LINC03032	13	110123208
COL4A1	13	110303124
COL4A2	13	110307507
MIR8073	13	110340958
COL4A2-AS2	13	110463287
COL4A2-AS1	13	110508179
RAB20	13	110561924
NAXD	13	110615571
NAXD-AS1	13	110616353
CARS2	13	110680616
ING1	13	110713685
RPL21P107	13	110763133
LINC00567	13	110813084
PRECSIT	13	110870314
ANKRD10-IT1	13	110899172
ANKRD10	13	110915011
PARP1P1	13	110936759
SPACA7BP	13	110971603
LINC00431	13	110989980
LINC00368	13	111095826
ARHGEF7-AS2	13	111115678
ARHGEF7-IT1	13	111122652
ARHGEF7-AS1	13	111144733
ARHGEF7	13	111153701
TEX29	13	111318092
LINC02337	13	111595955
LINC00354	13	111893388
SOX1	13	112067149
SOX1-OT	13	112072235
LINC00404	13	112106739
LINC01070	13	112197318
LINC01043	13	112313467
LINC01044	13	112331225
SPACA7	13	112376388
TUBGCP3	13	112588143
ATP11AUN	13	112647044
ATP11A-AS1	13	112754693
ATP11A	13	112839276
MCF2L-AS1	13	112968824
MCF2L	13	113024681
F7	13	113105816
F10	13	113122819
F10-AS1	13	113130033
KARS1P2	13	113130416
F10-AS2	13	113154002
PROZ	13	113158642
PCID2	13	113208650
CUL4A	13	113209613
MIR8075	13	113262920
LDHBP1	13	113276616
LAMP1	13	113297241
GRTP1-AS1	13	113351645
GRTP1	13	113364128
ADPRHL1	13	113449209
DCUN1D2-AS	13	113472043
RNU1-16P	13	113479078
DCUN1D2	13	113490551
TMCO3	13	113491096
TFDP1	13	113584731
ATP4B	13	113658198
GRK1	13	113726486
LINC00552	13	113751089
TMEM255B	13	113759242
GAS6-AS1	13	113829060
GAS6	13	113864067
GAS6-DT	13	113864132
LINC00454	13	113883557
LINC00452	13	113907954
SWINGN	13	113928863
C13orf46	13	113972242
RASA3-IT1	13	114108820
RASA3	13	114132589
CFAP97D2	13	114179257
CDC16	13	114234979
MIR548AR	13	114244505
MIR4502	13	114273828
UPF3A	13	114281621
CLCP2	13	114306646
CHAMP1	13	114314526
RPL23AP97	13	114346167
LINC01054	13	114346500
RNU6-458P	14	18343038
BNIP3P6	14	18418775
OR11H12	14	18601117
ARHGAP42P5	14	18626787
LINC02297	14	18633634
SSBP3P4	14	18646221
RPL22P20	14	18692032
NF1P10	14	18712643
NEK2P1	14	18890424
NF1P7	14	18909673
MED15P1	14	18916642
POTEM	14	18967434
RNU6-1239P	14	18978847
GRAMD4P4	14	19028189
DUXAP9	14	19104100
NBEAP5	14	19130636
OR11H13P	14	19180291
CDRT15P13	14	19229945
TOMM40P1	14	19267115
NBEAP6	14	19269380
DUXAP10	14	19295921
BMS1P17	14	19316114
LINC01297	14	19345956
GRAMD4P3	14	19371822
RNU6-1268P	14	19422921
POTEG	14	19434341
MED15P6	14	19485336
NF1P4	14	19492281
NF1P11	14	19612191
SSBP3P5	14	19668829
ARHGAP42P4	14	19688261
OR11H2	14	19713883
OR11K2P	14	19734302
OR4Q3	14	19743571
OR4H12P	14	19759868
OR4M1	14	19776873
OR4N1P	14	19796345
OR4N2	14	19812852
OR4K6P	14	19847367
OR4K3	14	19869143
OR4K2	14	19875687
OR4K4P	14	19905917
OR4K5	14	19920607
OR4K1	14	19931044
OR4K16P	14	19956600
OR4K15	14	19975591
OR4Q2	14	19999913
OR4K14	14	20019307
OR4K13	14	20036038
OR4U1P	14	20043916
OR4L1	14	20060045
RNA5SP380	14	20090130
OR4T1P	14	20093353
OR4K17	14	20110739
OR4N5	14	20138820
PSMB7P1	14	20149232
GTF2IP22	14	20173813
OR11G1P	14	20179189
OR11P1P	14	20184298
OR11G2	14	20190896
OR11H5P	14	20209273
OR11H6	14	20223710
OR11H7	14	20229402
OR11H4	14	20241012
TTC5	14	20305949
SNORA79B	14	20323326
SNORD126	14	20326526
CCNB1IP1	14	20332948
RPPH1	14	20343407
PARP2	14	20343636
TEP1	14	20397801
RNA5SP382	14	20414987
KLHL33	14	20435811
OSGEP	14	20453620
APEX1	14	20455227
PIP4P1	14	20461414
PNP	14	20469541
RNASE10	14	20507995
PTCD2P1	14	20525422
SETP1	14	20528959
RNASE9	14	20560931
RNASE11-AS1	14	20587685
RNASE11	14	20588001
RNASE12	14	20591099
OR6S1	14	20641691
RNASE4	14	20684397
ANG	14	20688733
EGILA	14	20707120
RANBP20P	14	20723127
EDDM3DP	14	20734578
EDDM3A	14	20745887
EDDM3B	14	20768404
RNASE6	14	20781268
LINC03058	14	20783888
RNASE1	14	20802843
RNASE3	14	20891385
RNASE2CP	14	20919298
RNASE2	14	20955487
RN7SL189P	14	20963579
METTL17	14	20990032
SLC39A2	14	20999291
MIR6717	14	21023386
NDRG2	14	21025094
TPPP2	14	21030260
RNASE13	14	21034807
RNASE7	14	21042339
RNASE8	14	21057822
ARHGEF40	14	21070273
ZNF219	14	21098791
TMEM253	14	21098863
CKAP2P1	14	21113472
RNU6-252P	14	21113745
OR5AU1	14	21157561
SMARCE1P3	14	21162513
LINC00641	14	21206201
HNRNPC	14	21269405
RPGRIP1	14	21320755
SUPT16H	14	21384002
SNORD9	14	21392253
SNORD8	14	21397401
EIF4EBP1P1	14	21419620
RN7SL650P	14	21429806
CHD8	14	21437245
RAB2B	14	21476947
TOX4	14	21477228
METTL3	14	21511311
SALL2	14	21536902
RBBP4P5	14	21563819
OR10G3	14	21580076
OR10G1P	14	21602825
UBE2NP1	14	21612381
TRAV1-1	14	21621838
OR10G2	14	21634940
TRAV1-2	14	21642889
ARL6IP1P1	14	21650337
OR4E2	14	21653835
OR4E1	14	21673818
TRAV2	14	21712321
TRAV3	14	21723713
TRAV4	14	21736152
TRAV5	14	21749178
RPL4P1	14	21750269
TRAV6	14	21768489
TRAV7	14	21782993
TRAV8-1	14	21797287
TRAV9-1	14	21811502
TRAV10	14	21825472
TRAV11	14	21829539
TRAV12-1	14	21841240
TRAV8-2	14	21846537
TRAV8-3	14	21852558
TRAV13-1	14	21868839
TRAV12-2	14	21887857
TRAV8-4	14	21894433
TRAV8-5	14	21903077
TRAV13-2	14	21918188
TRAV14DV4	14	21924063
TRAV9-2	14	21941128
TRAV15	14	21950406
TRAV12-3	14	21965451
TRAV8-6	14	21978459
TRAV16	14	21990496
TRAV17	14	21997539
TRAV18	14	22003106
TRAV19	14	22007512
TRAV20	14	22040594
TRAV21	14	22052514
TRAV22	14	22070557
TRAV23DV6	14	22086407
TRDV1	14	22096032
TRAV24	14	22105343
TRAV25	14	22112347
TRAV26-1	14	22123318
TRAV8-7	14	22132553
TRAV27	14	22147995
TRAV28	14	22155079
TRAV29DV5	14	22163238
TRAV30	14	22168429
TRAV31	14	22177273
TRAV32	14	22185562
TRAV33	14	22190158
TRAV26-2	14	22202583
TRAV34	14	22207522
TRAV35	14	22221896
TRAV36DV7	14	22226746
TRAV37	14	22265749
TRAV38-1	14	22271968
TRAV38-2DV8	14	22281105
TRAV39	14	22304054
TRAV40	14	22314490
TRAV41	14	22320188
TRDV2	14	22422371
TRD-AS1	14	22432734
TRDD1	14	22438547
TRDD2	14	22439007
TRDD3	14	22449113
TRDJ1	14	22450089
TRDJ4	14	22455249
TRDJ2	14	22456689
TRDJ3	14	22459098
TRDC	14	22462932
TRDV3	14	22469698
TRAJ61	14	22475316
TRAJ60	14	22476306
TRAJ59	14	22476553
TRAJ58	14	22477707
TRAJ57	14	22478872
TRAJ56	14	22479521
TRAJ55	14	22481697
TRAJ54	14	22482287
TRAJ53	14	22483004
TRAJ52	14	22486228
TRAJ51	14	22487183
TRAJ50	14	22488593
TRAJ49	14	22489488
TRAJ48	14	22490491
TRAJ47	14	22492851
TRAJ46	14	22493403
TRAJ45	14	22493925
TRAJ44	14	22494821
TRAJ43	14	22495913
TRAJ42	14	22496887
TRAJ41	14	22497657
TRAJ40	14	22499689
TRAJ39	14	22501601
TRAJ38	14	22502231
TRAJ37	14	22503750
TRAJ36	14	22505110
TRAJ35	14	22506644
TRAJ34	14	22507666
TRAJ33	14	22508602
TRAJ32	14	22509341
TRAJ31	14	22510968
TRAJ30	14	22512852
TRAJ29	14	22513939
TRAJ28	14	22515623
TRAJ27	14	22516273
TRAJ26	14	22518446
TRAJ25	14	22518812
TRAJ24	14	22519969
TRAJ23	14	22520416
TRAJ22	14	22522040
TRAJ21	14	22523600
TRAJ20	14	22524325
TRAJ19	14	22525263
TRAJ18	14	22525650
TRAJ17	14	22526844
TRAJ16	14	22528527
TRAJ14	14	22530327
TRAJ13	14	22531076
TRAJ12	14	22531939
TRAJ11	14	22532502
TRAJ10	14	22533497
TRAJ9	14	22535554
TRAJ8	14	22536145
TRAJ7	14	22537622
TRAJ6	14	22539073
TRAJ5	14	22540247
TRAJ4	14	22542199
TRAJ3	14	22543179
TRAJ2	14	22544071
TRAJ1	14	22545037
TRAC	14	22547506
LINC02332	14	22557607
DAD1	14	22589217
ABHD4	14	22598299
OR6J1	14	22644352
OR6E1P	14	22702143
OXA1L-DT	14	22766561
OXA1L	14	22766690
SLC7A7	14	22816199
MRPL52	14	22829910
MMP14	14	22836580
LRP10	14	22871786
REM2	14	22883179
RBM23	14	22919119
PRMT5-AS1	14	22919621
PRMT5	14	22929358
PRMT5-DT	14	22929618
MIR4707	14	22957029
HAUS4	14	22957090
AJUBA	14	22977480
AJUBA-DT	14	22982702
C14orf93	14	23010132
PSMB5	14	23034895
PSMB11	14	23042212
CDH24	14	23056673
ACIN1	14	23071617
C14orf119	14	23095506
CIROP	14	23104968
CEBPE	14	23119698
SLC7A8	14	23154450
RNU6-1138P	14	23156414
RNF212B	14	23237944
RNU6-1046P	14	23259566
HOMEZ	14	23286117
H3P37	14	23294604
PPP1R3E	14	23301508
BCL2L2-PABPN1	14	23306835
BCL2L2	14	23306842
PABPN1	14	23321918
SLC22A17	14	23352718
EFS	14	23365633
IL25	14	23372835
CMTM5	14	23377037
MIR208A	14	23388666
MYH6	14	23408278
MIR208B	14	23418063
MYH7	14	23435662
NGDN	14	23469702
ZFHX2-AS1	14	23513002
ZFHX2	14	23550109
THTPA	14	23556203
AP1G2-AS1	14	23567224
AP1G2	14	23567509
JPH4	14	23578252
DHRS2	14	23637361
BRD7P1	14	23749236
RN7SKP205	14	23791930
LINC00596	14	23934568
DHRS4	14	23953757
DHRS4-AS1	14	23979579
DHRS4L2	14	23988891
DHRS4L1	14	24036245
CARMIL3	14	24052050
CPNE6	14	24071522
PCK2	14	24094312
NRL	14	24095135
DCAF11	14	24115207
FITM1	14	24131354
PSME1	14	24136195
EMC9	14	24141570
MIR7703	14	24143565
PSME2	14	24146607
RNF31	14	24147534
RNA5SP383	14	24158603
IRF9	14	24161306
REC8	14	24172611
IPO4	14	24188822
TM9SF1	14	24195518
TSSK4	14	24205756
CHMP4A	14	24213095
MDP1	14	24216019
NEDD8-MDP1	14	24232336
NEDD8	14	24232342
GMPR2	14	24232872
TINF2	14	24242586
TGM1	14	24263359
RABGGTA	14	24271513
DHRS1	14	24299717
NOP9	14	24300278
LTB4R2	14	24310140
CIDEB	14	24311033
LTB4R	14	24313311
ADCY4	14	24330038
RIPK3	14	24340005
NFATC4	14	24368184
NYNRIN	14	24399143
KHNYN	14	24429956
CBLN3	14	24430935
SDR39U1	14	24442565
CMA1	14	24508265
CTSG	14	24576250
GZMH	14	24609692
GZMH-AS1	14	24619096
GZMB	14	24634193
STXBP6	14	25049907
LINC02286	14	25156237
HMGN2P6	14	25267336
OR7K1P	14	25357764
LINC02306	14	25842684
CYB5AP5	14	26208036
NOVA1	14	26597082
NOVA1-DT	14	26598693
LINC02293	14	26809390
LINC02294	14	26822107
MIR4307HG	14	26873133
MIR4307	14	26908642
LINC00645	14	27612611
MIR3171	14	27633278
MIR3171HG	14	27673237
BNIP3P1	14	28264554
RPL26P3	14	28489910
EIF4A1P12	14	28593779
LINC02300	14	28613644
BTF3P2	14	28673727
FOXG1-AS1	14	28764602
FOXG1	14	28765558
LINC01551	14	28774777
LINC02282	14	28785808
LINC02281	14	28830202
LINC02327	14	28887213
RNU6-864P	14	28982410
LINC02326	14	29053188
RNU11-5P	14	29476784
PRKD1	14	29666158
RNU6-1234P	14	29811916
G2E3-AS1	14	30474472
SYF2P1	14	30542188
G2E3	14	30574535
SCFD1	14	30622337
UBE2CP1	14	30683598
RPL12P5	14	30791098
COCH	14	30874745
HIGD1AP17	14	30964347
MIR624	14	31014742
AP4S1	14	31025651
STRN3	14	31026271
RPL21P5	14	31112239
RNU6-541P	14	31142939
HECTD1	14	31207515
ATP5MC1P2	14	31320634
HEATR5A	14	31420412
HEATR5A-DT	14	31420755
DTD2	14	31457497
GPR33	14	31488039
NUBPL-DT	14	31561334
NUBPL	14	31561429
RNU6-602P	14	31662143
RNU6-455P	14	31686798
LINC02313	14	31944762
ZFAND2AP2	14	31964560
ARHGAP5-AS1	14	32076861
ARHGAP5	14	32077061
RNU6-7	14	32202045
RNU6-8	14	32203269
KIAA1143P1	14	32272301
RN7SL660P	14	32442341
AKAP6	14	32453460
MTCO1P2	14	32484800
NPAS3	14	33215182
EGLN3-AS1	14	34040097
EGLN3	14	34074349
SPTSSA	14	34462240
RPL23AP71	14	34485979
EAPP	14	34539699
RNU1-27P	14	34546714
RNU1-28P	14	34556389
RPS19P3	14	34569129
SNX6	14	34630148
RNU6-1261P	14	34675891
RPL23AP8	14	34694170
CFL2	14	34714555
RPL12P6	14	34740833
RNU7-41P	14	34845360
BAZ1A	14	34862107
BAZ1A-AS1	14	34874343
IGBP1P1	14	34939324
SRP54-AS1	14	34982526
SRP54	14	34982984
FAM177A1	14	35046453
PPP2R3C	14	35121988
PRORP	14	35122552
RPL23AP70	14	35144480
SEPTIN7P1	14	35159099
MRPL57P8	14	35219283
DPRXP3	14	35222174
RPL7AP3	14	35235651
RPL9P3	14	35262462
PSMA6	14	35292393
RPLP0P3	14	35389069
NFKBIA	14	35404140
DNAJC8P1	14	35430260
RPS3AP4	14	35468272
KRT18P6	14	35513089
INSM2	14	35534164
RALGAPA1	14	35758870
QRSL1P3	14	35765795
NUTF2P2	14	35819837
BRMS1L	14	35826443
LINC00609	14	35993582
ILF2P2	14	36055313
PTCSC3	14	36176633
RN7SKP21	14	36231774
MBIP	14	36320607
DPPA3P2	14	36371412
RNU7-93P	14	36405214
SFTA3	14	36513531
NKX2-1	14	36520590
NKX2-1-AS1	14	36524546
PHKBP2	14	36534538
RPL29P3	14	36578005
NKX2-8	14	36582614
RN7SKP257	14	36594147
PAX9	14	36661860
MIR4503	14	36952391
SLC25A21-AS1	14	37171888
SLC25A21	14	37172346
RNU6-273P	14	37187219
MIPOL1	14	37198042
RNU6-886P	14	37434573
FOXA1	14	37595110
TTC6	14	37795308
RNU6-1277P	14	37827904
LINC00517	14	37902248
SSTR1	14	38207932
CLEC14A	14	38256093
KRT8P1	14	38727275
LINC00639	14	38838458
SEC23A-AS1	14	39103208
SEC23A	14	39103234
PPIAP4	14	39108342
GEMIN2	14	39114321
RPL7AP2	14	39156742
TRAPPC6B	14	39170343
PNN	14	39175230
PNN-AS1	14	39175880
YTHDF2P1	14	39215065
MIA2	14	39265292
MIA2-AS1	14	39267087
GLRX5P3	14	39370756
COILP1	14	39387102
FBXO33	14	39432299
LINC02315	14	40954529
LRFN5-DT	14	41605368
LRFN5	14	41608183
FKBP1BP1	14	41742639
YWHAQP1	14	42808112
TUBBP3	14	43274824
HNRNPUP1	14	43300263
KRT8P2	14	43541826
ARHGAP16P	14	43595136
EIF4BP1	14	44077884
YWHAZP1	14	44291718
LINC02307	14	44385304
LINC02277	14	44480634
FSCB	14	44507283
DOCK11P1	14	44866247
RRAGAP1	14	44889041
RRAGAP1-AS1	14	44897070
DORIP1	14	44897335
KLHL28	14	44961934
TOGARAM1	14	44978849
PRPF39-DT	14	45083977
PRPF39	14	45084162
SNORD127	14	45110883
FKBP3	14	45134484
FANCM	14	45136008
MIS18BP1	14	45253192
RNU6-552P	14	45274477
DNAJC19P9	14	45290036
LINC02303	14	45715455
LINC00871	14	46446587
RPL10L	14	46651781
RPA2P1	14	46996454
RPL13AP2	14	47201104
MDGA2	14	47343118
RPS15AP3	14	47444494
MIR548Y	14	47761104
LINC00648	14	47795292
RNU6-297P	14	48341332
RPL18P1	14	48489883
ATP5MC2P2	14	49373966
RNA5SP384	14	49552633
RPL32P29	14	49577794
RPS29	14	49586380
RN7SL1	14	49586580
LRR1	14	49598940
RHOQP1	14	49599994
RPL36AL	14	49620621
MGAT2	14	49620799
DNAAF2	14	49635237
STK16P1	14	49677369
RNU6ATAC30P	14	49684544
POLE2	14	49688206
KLHDC1	14	49693127
KLHDC2	14	49768168
NEMF	14	49830801
RNU6-539P	14	49839725
RN7SL3	14	49853914
RN7SL2	14	49862849
ARF6	14	49893080
RNU6-189P	14	49901950
MIR6076	14	49966399
LINC01588	14	50003447
PDLIM1P1	14	50050368
RN7SKP193	14	50068568
VCPKMT	14	50116567
SOS2	14	50231513
MIR4504	14	50299946
L2HGDH	14	50312195
DMAC2L	14	50312496
CDKL1	14	50396862
MAP4K5	14	50532569
ATL1	14	50560065
SNRPGP1	14	50572140
RN7SL452P	14	50637981
SAV1	14	50665509
ZFP64P1	14	50705511
NIN	14	50806818
ABHD12B	14	50878970
PYGL	14	50944464
TRIM9	14	51095134
TMX1	14	51240248
LINC00519	14	51331929
LINC00640	14	51335884
SETP2	14	51436038
RNU6-1291P	14	51522864
FRMD6-AS2	14	51600086
FRMD6	14	51652031
RNA5SP385	14	51692752
RNU6-301P	14	51724103
OR7E105P	14	51756996
OR7E106P	14	51764076
OR7E159P	14	51772086
GNG2	14	51860610
RTRAF	14	51989550
NID2	14	52020262
COX5AP2	14	52117602
LINC02319	14	52129625
PTGDR	14	52267755
PTGER2	14	52314308
TXNDC16	14	52552517
GPR137C	14	52553288
ERO1A	14	52695631
PSMC6	14	52707209
STYX	14	52730173
GNPNAT1	14	52791459
FERMT2	14	52951030
DDHD1	14	53152510
DDHD1-DT	14	53217886
RPS3AP46	14	53612724
LINC02331	14	53850852
MIR5580	14	53948484
BMP4	14	53954487
ATP5F1CP1	14	53991995
CDKN3	14	54397002
CNIH1	14	54441374
GMFB	14	54488987
CGRRF1	14	54509909
SAMD4A	14	54652683
SAMD4A-AS1	14	54687924
RNU6ATAC9P	14	54859215
MIR4308	14	54878193
FDPSP3	14	54886213
GCH1	14	54902816
RPSAP13	14	55005687
WDHD1	14	55027082
SOCS4	14	55027268
MAPK1IP1L	14	55051692
LGALS3	14	55129253
DLGAP5	14	55191582
COX5AP1	14	55241080
FBXO34-AS1	14	55271309
CHMP4BP1	14	55271686
FBXO34	14	55271788
HMGN1P1	14	55395233
ATG14	14	55401566
RPL21P6	14	55414059
TBPL2	14	55448671
RPL7AP4	14	55543401
ABI1P1	14	55546674
KTN1-AS1	14	55580115
KTN1	14	55580266
RPL13AP3	14	55766177
LINC00520	14	55796687
PELI2	14	56118411
LINC02284	14	56310944
TMEM260	14	56579826
RPL36AP1	14	56683741
OTX2	14	56809268
OTX2-AS1	14	56813301
RN7SL461P	14	56824656
RNU6-1204P	14	56824986
RPL3P3	14	56978409
LINC03059	14	57112523
EXOC5	14	57268830
AP5M1	14	57269031
NAA30	14	57390605
CCDC198	14	57493851
SLC35F4-AS1	14	57578581
SLC35F4	14	57832799
RN7SKP99	14	57837660
UBA52P3	14	58141279
ARMH4	14	58152190
RN7SL598P	14	58179771
ACTR10	14	58200154
PSMA3	14	58244873
HMGB1P14	14	58284773
LINC00216	14	58288033
RNU6-341P	14	58292388
PSMA3-AS1	14	58298115
ARID4A	14	58299331
TOMM20L-DT	14	58395834
TOMM20L	14	58395929
TIMM9	14	58427175
KIAA0586	14	58434913
HSBP1P1	14	58463971
HNRNPCP1	14	58521223
RPL9P5	14	58564146
DACT1	14	58636021
RPL31P4	14	58794654
LINC01500	14	58828263
AKR1B1P5	14	59136421
PPIAP5	14	59181593
DAAM1	14	59331430
GPR135	14	59465360
L3HYPDH	14	59476111
JKAMP	14	59484521
CCDC175	14	59564490
RTN1	14	59630814
MIR5586	14	59647020
LRRC9	14	59961890
PCNX4-DT	14	60091835
PCNX4	14	60092186
SCOCP1	14	60158976
DHRS7	14	60165408
PSMA3P1	14	60179382
RPL17P2	14	60212912
PPM1A	14	60249253
LINC02322	14	60323310
RMB8AP1	14	60397757
GNRHR2P1	14	60400013
C14orf39	14	60486044
SALL4P7	14	60496885
SIX6	14	60509146
SALRNA1	14	60639216
SIX1	14	60653052
SIX4	14	60724348
MNAT1	14	60734787
MAD2L1P1	14	60779978
SRMP2	14	60920155
RNU6-398P	14	60974327
TRMT5	14	60981077
SLC38A6	14	60981444
TMEM30B	14	61281476
PRKCH-AS1	14	61322818
PRKCH	14	61361074
PRKCH-AS2	14	61545227
LINC03033	14	61570540
LINC01303	14	61570653
HIF1A	14	61695521
SNAPC1	14	61762414
SYT16	14	61812712
COX4I1P1	14	61832369
SERTAD4BP	14	62117346
LINC00644	14	62139976
ATP5F1AP4	14	62605717
KCNH5	14	63073662
PARP1P2	14	63123007
RHOJ	14	63204564
GPHB5	14	63318392
PPP2R5E	14	63543343
RPL31P5	14	63567958
GCATP1	14	63595291
HSPE1P2	14	63601509
RNU6-597P	14	63618043
RNU6-1162P	14	63630678
WDR89	14	63641857
SGPP1	14	63728060
EIF2S2P1	14	63734697
RNU7-116P	14	63736444
RPS28P1	14	63808546
MIR548H1	14	64095125
SYNE2	14	64113079
ESR2	14	64283055
TEX21P	14	64374666
MTHFD1	14	64388353
AKAP5	14	64466303
ZBTB25	14	64503789
ZBTB1	14	64503889
HSPA2	14	64538323
HSPA2-AS1	14	64540366
PPP1R36	14	64549961
NUP50P1	14	64601644
PLEKHG3	14	64718666
MIR7855	14	64785686
SPTB	14	64825055
RPPH1-2P	14	64909780
CHURC1	14	64914455
CHURC1-FNTB	14	64914493
GPX2	14	64942745
RAB15	14	64972673
FNTB	14	64987065
MIR4706	14	65044688
MAX-AS1	14	65089956
MAX	14	65102488
RNU2-14P	14	65124542
LINC02324	14	65222456
RPL21P7	14	65267690
RPL36AP2	14	65268829
PTBP1P	14	65279267
MIR4708	14	65335183
FUT8-AS1	14	65412217
FUT8	14	65412730
RPL21P8	14	65468341
MIR625	14	65471102
EIF1AXP2	14	65529574
NCOA4P1	14	65881070
FTH1P13	14	65901451
YBX1P1	14	66013789
LINC02290	14	66111610
CCDC196	14	66486371
GPHN	14	66508159
GARIN2	14	67189453
SF3B4P1	14	67199062
PALS1	14	67241421
ATP6V1D	14	67359789
EIF2S1	14	67360350
PLEK2	14	67412071
MIR5694	14	67441930
TMEM229B	14	67515176
PLEKHH1	14	67578563
PIGH	14	67600263
ARG2	14	67619959
COX7A2P1	14	67652614
RNA5SP386	14	67657211
VTI1B	14	67674613
RDH11	14	67695743
RN7SL369P	14	67705954
RPL21P9	14	67714545
RDH12	14	67719324
RN7SL213P	14	67751544
ZFYVE26	14	67816580
RAD51B	14	67886598
RN7SL706P	14	68149908
RN7SL108P	14	68236539
RPL7AP5	14	68339528
PPIAP6	14	68422196
RAD51B-AS1	14	68656186
RPL12P7	14	68693090
RNU6-921P	14	68736028
ZFP36L1	14	68796147
MAGOH3P	14	68861762
BLZF2P	14	68869951
HMGN1P3	14	68888084
BANF1P1	14	68936602
ACTN1	14	68979059
ACTN1-DT	14	68979495
RPS29P1	14	69023308
DDX18P1	14	69083398
DCAF5	14	69153003
GALNT16-AS1	14	69191779
EXD2	14	69191795
GALNT16	14	69260166
ERH	14	69398299
SLC39A9	14	69398692
PLEKHD1	14	69484728
CCDC177	14	69574871
SUSD6	14	69648685
SRSF5	14	69767151
SLC10A1	14	69797262
SMOC1	14	69879421
RPL7AP6	14	69886140
SLC8A3	14	70188815
ADAM21P1	14	70247660
COX16	14	70359683
RNU2-51P	14	70360892
SYNJ2BP-COX16	14	70417029
SYNJ2BP	14	70417058
ADAM21	14	70434644
ADAM20P1	14	70483756
RNU6-659P	14	70496107
ADAM20	14	70535009
KRT18P7	14	70594552
MED6	14	70600659
RN7SL77P	14	70610086
TTC9-DT	14	70641298
TTC9	14	70641790
LINC01269	14	70698517
MAP3K9	14	70809509
MAP3K9-DT	14	70809903
TMEM183AP4	14	70859429
PCNX1	14	70978378
GTF3AP2	14	71044640
PTTG1P1	14	71085833
SIPA1L1	14	71321055
SIPA1L1-AS1	14	71321281
SNORD56B	14	71398337
RN7SL683P	14	71448689
RGS6	14	72352093
MIR7843	14	72516820
DPF3	14	72731667
DCAF4	14	72926487
RPL36P3	14	72929930
ZFYVE1	14	72986964
RN7SL586P	14	73040914
RBM25-AS1	14	73058392
RBM25	14	73058576
PSEN1	14	73136492
PAPLN	14	73237571
PAPLN-AS1	14	73246018
RNU6-419P	14	73246880
NUMB	14	73458516
RIOX1	14	73490933
HEATR4	14	73531204
ACOT1	14	73537268
NT5CP2	14	73539781
ACOT2	14	73569202
NT5CP1	14	73571667
ACOT4	14	73591873
ACOT6	14	73612517
NDUFB8P1	14	73631475
DNAL1	14	73645017
RNU6-240P	14	73659660
PNMA1	14	73714384
MIDEAS	14	73757748
MIR4505	14	73758747
MIDEAS-AS1	14	73787357
LINC02274	14	73830135
PTGR2	14	73851916
ZNF410	14	73886860
FAM161B	14	73950094
COQ6	14	73950302
ENTPD5	14	74019265
BBOF1	14	74019446
ALDH6A1	14	74084442
LIN52	14	74084963
RN7SL530P	14	74174456
VSX2	14	74239449
ABCD4	14	74302945
SUB1P2	14	74305425
VRTN	14	74347691
RPS2P2	14	74378418
SYNDIG1L	14	74426086
MIR4709	14	74480204
RAP1AP	14	74482985
NPC2	14	74493314
ISCA2	14	74493761
LTBP2	14	74612168
AREL1	14	74713080
FCF1	14	74713170
YLPM1	14	74813435
METTL5P1	14	74873684
PROX2	14	74876145
DLST	14	74881923
RPS6KL1	14	74923243
PGF	14	74955574
EIF2B2	14	75002943
RNU6-689P	14	75020761
MLH3	14	75051457
ACYP1	14	75064020
ZC2HC1C	14	75069633
HIF1AP1	14	75116600
NEK9	14	75126990
TMED10	14	75176604
RNU4ATAC14P	14	75202169
FOS-AS1	14	75273851
FOS	14	75279643
DPPA5P4	14	75292495
LINC01220	14	75294381
JDP2-AS1	14	75427656
JDP2	14	75428217
BATF	14	75522469
FLVCR2	14	75579584
FLVCR2-AS1	14	75579588
RNA5SP387	14	75604173
ERG28	14	75660876
TTLL5	14	75661638
TGFB3-AS1	14	75970924
TGFB3	14	75982257
IFT43	14	75985781
GPATCH2L	14	76151947
ESRRB	14	76391769
CYCSP1	14	76633714
RPSAP3	14	76635661
H1-8P2	14	76690742
VASH1-DT	14	76761388
VASH1	14	76769881
ANGEL1	14	76812871
LRRC74A	14	76826387
RPL22P2	14	76886750
RN7SKP17	14	76890263
LINC01629	14	76959614
RN7SL356P	14	76967765
IRF2BPL	14	77028708
LINC02288	14	77041052
LINC02289	14	77076192
CIPC	14	77098422
ZDHHC22	14	77141791
FAM204DP	14	77173652
TMEM63C	14	77181780
MIR1260A	14	77266218
NGB	14	77271206
POMT2	14	77305620
GSTZ1	14	77321038
SAMD15	14	77377034
TMED8	14	77377095
NOXRED1	14	77423517
VIPAS39	14	77457580
AHSA1	14	77458087
ISM2	14	77498782
RN7SL587P	14	77547846
SPTLC2	14	77593125
COX6CP11	14	77653055
RPL21P10	14	77683989
ZMYND19P1	14	77696591
ALKBH1	14	77708010
SLIRP	14	77708089
SLIRP-OT1	14	77760904
SNW1	14	77761155
ADCK1	14	77800117
FXNP1	14	78060278
RNA5SP388	14	78177921
RPS26P48	14	78231619
NRXN3	14	78988779
DIO2-AS1	14	80211337
DIO2	14	80212178
HMGN2P2	14	80822524
CEP128	14	80941719
TSHR	14	80955621
GPRASP3P1	14	80981988
RPL17P3	14	81001786
NMNAT1P1	14	81032529
TSHR-AS1	14	81166223
SNORA79	14	81202834
GTF2A1-AS1	14	81221089
GTF2A1	14	81221095
DYNLL1P1	14	81246563
UNGP3	14	81260239
DYNLL1P2	14	81412970
STON2	14	81436207
LINC02308	14	81450365
SEL1L	14	81533844
LINC01467	14	81623007
EEF1A1P2	14	81661428
LINC02311	14	81743386
RPL9P6	14	81777613
EIF3LP1	14	81916231
LINC02301	14	82642617
ENSAP2	14	82693055
RNU7-51P	14	83048579
RNU6ATAC28P	14	83750384
LINC02305	14	83915362
MTND4P33	14	84172841
MTND5P35	14	84173791
MTCYBP27	14	84176419
RNU6-976P	14	84739942
LINC02329	14	85385927
LINC00911	14	85393919
FLRT2-AS1	14	85530027
FLRT2	14	85531260
LINC02328	14	85934697
LINC02316	14	86062954
LINC02309	14	86331598
LINC01148	14	86905778
LINC02296	14	87462016
LINC02330	14	87655294
SHLD2P2	14	87952527
GALC	14	87993138
RNU6-835P	14	87996448
GPR65	14	88005150
HISLA	14	88024584
LINC01147	14	88036711
KCNK10-AS1	14	88175391
KCNK10	14	88323520
SPATA7	14	88385690
RNU4-22P	14	88513498
PTPN21	14	88551460
ZC3H14	14	88563040
EML5	14	88665361
RNU4-92P	14	88820297
TTC8	14	88824658
MPPE1P1	14	89111223
CAP2P1	14	89291594
FOXN3-AS3	14	89350265
FOXN3-AS4	14	89399995
FOXN3	14	89417136
FOXN3-AS1	14	89417354
FOXN3-AS2	14	89576216
RN7SKP107	14	89621918
RN7SKP255	14	89712511
CHORDC2P	14	89738391
RAB42P1	14	89892128
EFCAB11	14	89954540
TDP1	14	89955970
KCNK13	14	90061998
GLRXP2	14	90107675
PSMC1	14	90256555
NRDE2	14	90312516
RPL21P11	14	90367179
LINC02960	14	90383493
CALM1	14	90397932
LINC02317	14	90455017
LINC00642	14	90455241
TTC7B-AS1	14	90642640
TTC7B	14	90685119
LINC02321	14	90828192
RPS6KA5	14	91060607
RNU7-30P	14	91091077
DGLUCY	14	91114245
SNORA11B	14	91126425
GPR68	14	91244896
CCDC88C	14	91408758
CCDC88C-DT	14	91418171
PPP4R3A	14	91510432
POLR3GP1	14	91603433
NANOGP7	14	91605319
CATSPERB	14	91732059
TC2N	14	91836553
FBLN5	14	91947236
TRIP11	14	92040054
ATXN3	14	92106572
NDUFB1	14	92121722
CPSF2	14	92121970
RNU6-366P	14	92265702
SLC24A4	14	92408379
RIN3	14	92576234
LGMN	14	92748623
GOLGA5	14	92794337
LINC02833	14	92891407
LINC02287	14	92907482
CHGA	14	92923176
ITPK1-AS1	14	93067452
ITPK1	14	93115447
CYB5AP3	14	93138066
MOAP1	14	93184897
LYSET	14	93184993
GON7	14	93207055
UBR7	14	93207270
RPL36AP4	14	93244010
BTBD7	14	93333032
COX8C	14	93347182
UNC79	14	93430956
RNU6-1258P	14	93437510
PRIMA1	14	93788420
FAM181A-AS1	14	93926356
FAM181A	14	93927344
MIR4506	14	93948302
ASB2	14	93976719
CCDC197	14	93997285
OTUB2	14	94026359
DDX24	14	94081157
IFI27L1	14	94081324
IFI27	14	94110737
IFI27L2	14	94129604
PPP4R4	14	94174338
SERPINA10	14	94293207
SERPINA6	14	94323344
SERPINA2	14	94366698
SERPINA1	14	94390581
SERPINA11	14	94452800
SERPINA9	14	94476224
SERPINA12	14	94509469
SERPINA4	14	94561466
SERPINA5	14	94581459
SERPINA3	14	94613056
ADIPOR1P2	14	94631863
SERPINA13P	14	94641021
RPSAP4	14	94726288
GSC	14	94770113
GSC-DT	14	94770271
RPL15P2	14	94801463
LINC02279	14	94962640
MIR3173	14	95137986
DICER1	14	95157415
DICER1-AS1	14	95157680
CLMN	14	95296243
LINC02292	14	95320390
SYNE3-AS1	14	95516116
SYNE3	14	95516635
SCARNA13	14	95533629
SNHG10	14	95534644
GLRX5	14	95535059
LINC02318	14	95573551
TCL6	14	95650499
TCL1B	14	95686426
TCL1A	14	95714104
TUNAR	14	95876411
C14orf132	14	96039372
BDKRB2	14	96204839
CKS1BP1	14	96223108
BDKRB1	14	96261342
ATG2B	14	96316849
GSKIP	14	96363547
RNU2-33P	14	96384624
AK7	14	96392142
PEBP1P1	14	96424209
RPL23AP10	14	96457041
PAPOLA-DT	14	96502319
PAPOLA	14	96502704
RN7SKP108	14	96638514
LINC02299	14	96741171
VRK1	14	96797400
LINC02304	14	97180513
LINC02325	14	97458827
LINC02291	14	97686654
LINC02312	14	97763410
LINC01550	14	97978078
LINC02295	14	98135986
RN7SL714P	14	98351664
LINC02914	14	98711620
RPL3P4	14	98973301
BCL11B	14	99271524
RNU6-91P	14	99444306
SETD3	14	99480815
CCNK	14	99481421
CCDC85C	14	99572975
HHIPL1	14	99645136
CYP46A1	14	99684349
EML1	14	99793413
RNU1-47P	14	99945315
VDAC3P1	14	99964529
EVL	14	100084831
MIR151B	14	100109514
MIR342	14	100109655
DEGS2	14	100159595
YY1-DT	14	100238055
YY1	14	100239887
MIR6764	14	100277357
SLC25A29	14	100305809
MIR345	14	100307859
RN7SL523P	14	100319370
SLC25A47	14	100323340
WARS1-AS1	14	100333790
WARS1	14	100375643
WDR25	14	100376502
RN7SKP92	14	100487544
BEGAIN	14	100568788
LINC00523	14	100663057
DLK1	14	100726892
MIR2392	14	100814491
MEG3	14	100831006
MIR770	14	100852390
MIR493	14	100869060
MIR337	14	100874493
MIR665	14	100875033
MIR431	14	100881007
MIR433	14	100881886
MIR127	14	100882979
MIR432	14	100884483
MIR136	14	100884702
MIR493HG	14	100888346
SNORD112	14	100897920
RTL1	14	100903722
MIR370	14	100911139
SNORD113-1	14	100924824
SNORD113-2	14	100927342
SNORD113-3	14	100929919
SNORD113-4	14	100936491
SNORD113-5	14	100938187
SNORD113-6	14	100939556
SNORD113-7	14	100941126
SNORD113-8	14	100943451
SNORD113-9	14	100945649
SNORD114-1	14	100949833
MEG8	14	100950068
SNORD114-2	14	100951856
SNORD114-3	14	100953349
SNORD114-4	14	100954374
SNORD114-5	14	100955370
SNORD114-6	14	100957166
SNORD114-7	14	100963054
SNORD114-9	14	100966029
SNORD114-10	14	100967052
SNORD114-11	14	100968111
SNORD114-12	14	100968948
SNORD114-13	14	100969879
SNORD114-14	14	100972103
SNORD114-15	14	100972670
SNORD114-16	14	100973595
SNORD114-17	14	100974806
SNORD114-18	14	100975825
SNORD114-19	14	100976477
SNORD114-20	14	100981004
SNORD114-21	14	100981975
SNORD114-22	14	100982926
SNORD114-23	14	100983876
SNORD114-24	14	100984777
SNORD114-25	14	100986057
SNORD114-26	14	100987046
SNORD114-27	14	100988161
SNORD114-28	14	100989130
SNORD114-29	14	100990091
SNORD114-30	14	100991919
SNORD114-31	14	100993236
MIR379	14	101022066
MIR411	14	101023325
MIR299	14	101023794
MIR380	14	101025017
MIR1197	14	101025564
MIR323A	14	101025732
MIR758	14	101026020
MIR329-1	14	101026785
MIR329-2	14	101027100
MIR494	14	101029634
MIR1193	14	101030052
MIR543	14	101031987
MIR495	14	101033755
MIR376C	14	101039690
MIR376A2	14	101040069
MIR654	14	101040219
MIR376B	14	101040436
MIR376A1	14	101040782
MIR300	14	101041363
MIR1185-1	14	101042977
MIR1185-2	14	101044198
MIR381	14	101045920
MIR487B	14	101046455
MIR539	14	101047321
MIR889	14	101047901
MIR544A	14	101048658
MIR655	14	101049550
MIR487A	14	101052446
MIR382	14	101054306
MIR134	14	101054687
MIR668	14	101055258
MIR485	14	101055419
MIR323B	14	101056219
MIR154	14	101059755
MIR496	14	101060573
MIR377	14	101062050
MIR541	14	101064495
MIR409	14	101065300
MIR412	14	101065447
MIR369	14	101065598
MIR410	14	101065912
MIR656	14	101066724
MEG9	14	101069322
LINC02285	14	101120835
LINC02314	14	101442083
LINC00524	14	101459052
DIO3OS	14	101560385
MIR1247	14	101560422
DIO3	14	101560817
LINC02320	14	101731187
LINC00239	14	101731413
RNU6-790P	14	101803227
PPP2R5C	14	101809867
NPM1P20	14	101844122
DYNC1H1	14	102033157
RN7SL472P	14	102077472
HSP90AA1	14	102087052
WDR20	14	102139914
MOK	14	102264651
ZNF839	14	102319766
CINP	14	102362869
TECPR2	14	102376655
RNU6-244P	14	102501676
ANKRD9	14	102509742
MIR4309	14	102539644
LINC02323	14	102579778
RN7SL546P	14	102583177
RPL23AP11	14	102662708
RCOR1	14	102715834
TRAF3	14	102777631
RNU6-1316P	14	102865856
AMN	14	102928668
CDC42BPB	14	103004151
RPL13P6	14	103041469
LBHD2	14	103084210
EXOC3L4	14	103094725
LINC00677	14	103122856
TNFAIP2	14	103123468
NDUFB4P11	14	103139675
RPL21P12	14	103148597
GCSHP2	14	103184204
LINC00605	14	103189597
RPL21P13	14	103241492
RAP2CP1	14	103279223
RPL17P4	14	103282933
EIF5-DT	14	103332367
EIF5	14	103334896
SNORA28	14	103337849
HMGB3P26	14	103364820
RPSAP5	14	103374916
MARK3	14	103385541
RPL10AP1	14	103412761
CKB	14	103522499
TRMT61A-DT	14	103529072
TRMT61A	14	103529190
RNU7-160P	14	103550345
BAG5	14	103562318
COA8	14	103563124
RNU4-68P	14	103567405
KLC1	14	103629232
KLC1-AS1	14	103684015
XRCC3	14	103715424
ZFYVE21	14	103715811
PPP1R13B	14	103747390
PPP1R13B-DT	14	103872074
ATP5MJ	14	103921526
RD3L	14	103942545
TDRD9	14	103955198
RN7SL634P	14	104013642
ASPG	14	104085700
MIR203A	14	104117405
MIR203B	14	104117503
KIF26A-DT	14	104137898
KIF26A	14	104138564
LINC02691	14	104223604
RNU6-684P	14	104401048
CEND1P1	14	104450979
C14orf180	14	104580467
TMEM179	14	104604750
LINC02280	14	104665558
MIR4710	14	104677749
INF2	14	104702512
ADSS1	14	104741920
SIVA1	14	104753159
AKT1	14	104795711
ZBTB42	14	104800596
VESTAR	14	104821201
RPS26P49	14	104831171
RPS2P4	14	104836852
CEP170B	14	104865287
PLD4	14	104924880
AHNAK2	14	104962941
CLBA1	14	104986336
CDCA4	14	105021092
GPR132	14	105063432
LINC02298	14	105092831
MIR6765	14	105150864
JAG2	14	105168752
NUDT14	14	105181282
BTBD6	14	105248560
BRF1	14	105274936
PACS2	14	105314872
RPS20P33	14	105374618
TEX22	14	105398551
MTA1-DT	14	105419391
MTA1	14	105429345
CRIP2	14	105474817
CRIP1	14	105486867
TEDC1	14	105491241
TMEM121	14	105526828
ATP5MC1P1	14	105537239
ELK2BP	14	105549694
IGHA2	14	105588395
IGHE	14	105601728
MIR8071-1	14	105621116
IGHG4	14	105626066
MIR8071-2	14	105640168
IGHG2	14	105644790
COPDA1	14	105649057
IGHGP	14	105669843
ELK2AP	14	105673314
IGHA1	14	105708665
IGHEP1	14	105722527
IGHG1	14	105743071
IGHG3	14	105771405
ATP6V1G1P1	14	105785831
IGHD	14	105845677
IGHM	14	105856218
MIR4539	14	105857572
MIR4507	14	105858175
MIR4538	14	105858242
MIR4537	14	105859553
IGHJ6	14	105863258
IGHJ3P	14	105863465
IGHJ5	14	105863862
IGHJ4	14	105864260
IGHJ3	14	105864635
IGHJ2P	14	105864852
IGHJ2	14	105865250
IGHJ1	14	105865458
IGHD7-27	14	105865561
IGHJ1P	14	105865678
IGHD1-26	14	105881053
IGHD6-25	14	105881556
IGHD5-24	14	105883922
IGHD4-23	14	105884888
IGHD3-22	14	105886061
IGHD2-21	14	105888578
IGHD1-20	14	105891207
IGHD6-19	14	105891719
IGHD5-18	14	105893561
IGHD4-17	14	105894523
IGHD3-16	14	105895670
FAM30A	14	105897034
IGHD2-15	14	105897987
IGHD1-14	14	105900654
IGHD6-13	14	105901162
IGHD5-12	14	105902671
IGHD4-11	14	105903631
IGHD3-10	14	105904527
IGHD3-9	14	105904711
IGHD2-8	14	105907241
IGHD1-7	14	105909923
IGHD6-6	14	105910427
IGHD5-5	14	105912276
IGHD4-4	14	105913237
IGHD3-3	14	105914389
IGHD2-2	14	105916856
IGHD1-1	14	105919518
IGHV6-1	14	105940253
IGHVII-1-1	14	105945389
ADAM6	14	105971717
IGHV1-2	14	105987083
IGHVIII-2-1	14	106001824
IGHV1-3	14	106005574
IGHV4-4	14	106012420
IGHV7-4-1	14	106025630
IGHV2-5	14	106038365
IGHVIII-5-1	14	106039764
IGHVIII-5-2	14	106045860
IGHV3-6	14	106055998
IGHV3-7	14	106062683
IGHV3-64D	14	106088573
IGHV5-10-1	14	106108464
IGHV3-11	14	106117204
IGHVIII-11-1	14	106120473
IGHV1-12	14	106122709
IGHV3-13	14	106130072
IGHVIII-13-1	14	106142577
IGHV1-14	14	106146131
IGHV3-15	14	106154163
IGHVII-15-1	14	106163802
IGHV3-16	14	106165730
IGHVIII-16-1	14	106171052
IGHV1-17	14	106174760
SLC20A1P2	14	106180519
IGHV1-18	14	106185394
IGHV3-19	14	106196990
IGHV3-20	14	106211453
IGHV3-21	14	106235594
IGHV3-22	14	106258223
IGHVII-22-1	14	106263626
IGHVIII-22-2	14	106264715
IGHV3-23	14	106269140
IGHV1-24	14	106277043
HOMER2P2	14	106287657
LINC00226	14	106287697
IGHV3-25	14	106289479
IGHVIII-25-1	14	106293808
IGHV2-26	14	106301862
IGHVIII-26-1	14	106309666
IGHVII-26-2	14	106314975
IGHV7-27	14	106318236
IGHV4-28	14	106324760
IGHVII-28-1	14	106329684
IGHV3-32	14	106331563
IGHV3-30	14	106335613
IGHVII-30-1	14	106342980
IGHV3-30-2	14	106344833
IGHV4-31	14	106349792
IGHVII-30-21	14	106354704
IGHV3-29	14	106356591
IGHV3-33	14	106360324
IGHVII-33-1	14	106367664
IGHV3-33-2	14	106369546
IGHV4-34	14	106374145
IGHV7-34-1	14	106377733
IGHV3-35	14	106389858
IGHV3-36	14	106393231
IGHV3-37	14	106397114
IGHV3-38	14	106411021
IGHVIII-38-1	14	106418299
IGHV4-39	14	106422218
IGHV7-40	14	106425654
IGHVII-40-1	14	106441007
IGHV3-41	14	106443583
HOMER2P1	14	106461055
IGHV3-42	14	106463691
IGHV3-43	14	106470800
IGHVII-43-1	14	106473000
IGHVIII-44	14	106478393
LINC00221	14	106482444
IGHVIV-44-1	14	106489756
IGHVII-44-2	14	106494383
IGHV1-45	14	106507491
IGHV1-46	14	106511856
IGHVII-46-1	14	106515854
IGHV3-47	14	106519027
IGHVIII-47-1	14	106531471
IGHV3-48	14	106538344
IGHV3-49	14	106557477
IGHVII-49-1	14	106564598
IGHV3-50	14	106566555
IGHV5-51	14	106579236
IGHV8-51-1	14	106583807
IGHVII-51-2	14	106584976
IGHV3-52	14	106586826
IGHV3-53	14	106593347
IGHVII-53-1	14	106599924
IGHV3-54	14	106601792
IGHV4-55	14	106606551
IGHV7-56	14	106610196
IGHV3-57	14	106619173
IGHV1-58	14	106622855
IGHV4-59	14	106627825
IGHV3-60	14	106631653
RNA5SP389	14	106636672
IGHVII-60-1	14	106637973
IGHV4-61	14	106639657
IGHV3-62	14	106643585
IGHVII-62-1	14	106650785
IGHV3-63	14	106652681
IGHV3-64	14	106658258
IGHV3-65	14	106666532
IGHVII-65-1	14	106672073
IGHV3-66	14	106675544
IGHV1-67	14	106681042
SLC20A1P1	14	106684350
IGHVII-67-1	14	106686562
IGHVIII-67-2	14	106687200
IGHVIII-67-3	14	106692888
IGHVIII-67-4	14	106695397
IGHV1-68	14	106704286
IGHV1-69	14	106715181
IGHV2-70D	14	106724093
IGHV3-69-1	14	106728615
IGHV1-69-2	14	106737547
IGHV1-69D	14	106762588
IGHV2-70	14	106771020
IGHV3-71	14	106775618
IGHV3-72	14	106791233
IGHV3-73	14	106803233
IGHV3-74	14	106811131
IGHVII-74-1	14	106821414
IGHV3-75	14	106824147
IGHV3-76	14	106828163
IGHVIII-76-1	14	106832052
MIR5195	14	106850999
IGHV5-78	14	106851417
IGHVII-78-1	14	106865895
IGHV3-79	14	106868092
IGHV4-80	14	106873186
IGHV7-81	14	106875071
IGHVIII-82	14	106879812
RNU6-978P	15	19883614
IGHV1OR15-9	15	19965101
SLC20A1P3	15	19968352
IGHV1OR15-2	15	19973218
IGHV3OR15-7	15	19988117
IGHD5OR15-5A	15	20003862
IGHD4OR15-4A	15	20004815
IGHD3OR15-3A	15	20005935
IGHD2OR15-2A	15	20008432
IGHD1OR15-1A	15	20011169
FAM30B	15	20012741
BCAR1P1	15	20074334
RN7SL584P	15	20096029
BMS1P15	15	20153776
RHPN2P1	15	20277503
CHEK2P2	15	20282983
HERC2P3	15	20505462
GOLGA6L6	15	20541800
MPHOSPH10P4	15	20549444
GOLGA8CP	15	20562375
RN7SL759P	15	20570886
SPATA31E2P	15	20599195
IGHV1OR15-6	15	20639890
NBEAP1	15	20688408
RNU6-498P	15	20738679
LONRF2P3	15	20775998
GRAMD4P5	15	20813299
MIR3118-2	15	20832795
RNU6-749P	15	20855357
POTEB2	15	20866314
ZNF519P2	15	20901609
NF1P1	15	20935658
MIR5701-1	15	20940252
OR11J2P	15	20960675
OR11J5P	15	20970215
LINC01193	15	20979019
IGHD5OR15-5B	15	21010516
IGHD4OR15-4B	15	21011469
IGHD3OR15-3B	15	21012589
IGHD2OR15-2B	15	21015078
IGHD1OR15-1B	15	21017816
FAM30C	15	21019388
BCAR1P2	15	21081447
RN7SL400P	15	21103138
BMS1P16	15	21160305
NBEAP4	15	21260147
RNU6-1235P	15	21307749
LONRF2P4	15	21345085
CXADRP2	15	21373881
GRAMD4P6	15	21383821
MIR3118-3	15	21406385
POTEB3	15	21440451
NF1P9	15	21509404
MIR5701-2	15	21513959
LINC02203	15	21552815
OR11K1BP	15	21596526
OR1Q1BP	15	21609102
OR4H6BP	15	21614118
OR4M2B	15	21637909
OR4N4C	15	21651844
OR4N3BP	15	21683038
MIR3118-4	15	21843750
RNU6-631P	15	21866316
POTEB	15	21877491
ZNF519P3	15	21912590
NF1P2	15	21946641
MIR5701-3	15	21951242
OR11J7P	15	21971706
OR11J6P	15	21981245
OR11H3P	15	22010529
OR4M2-OT1	15	22015233
OR11K1P	15	22031846
OR4Q1P	15	22044476
OR4H6P	15	22056709
OR4M2	15	22075384
OR4N4	15	22094522
OR4N3P	15	22125511
RPS8P10	15	22152897
IGHV1OR15-1	15	22160868
IGHV1OR15-3	15	22178542
IGHV4OR15-8	15	22185402
IGHV1OR15-4	15	22195317
MIR1268A	15	22225329
SPATA31E3P	15	22401208
RN7SL545P	15	22429489
GOLGA8EP	15	22437902
MPHOSPH10P9	15	22451209
GOLGA6L22	15	22458903
HERC2P7	15	22484840
HERC2P2	15	22495570
GOLGA8IP	15	22608184
RN7SL495P	15	22609377
WHAMMP3	15	22664359
PDCD6IPP1	15	22727104
NIPA1	15	22786644
NIPA2	15	22838691
CYFIP1	15	22980345
TUBGCP5	15	23039548
ELMO2P1	15	23083094
GOLGA6L1	15	23136822
MPHOSPH10P5	15	23144422
GOLGA8DP	15	23157428
RN7SL106P	15	23165897
ABCB10P1	15	23179869
MIR4509-1	15	23197827
GOLGA6L26	15	23334196
MPHOSPH10P6	15	23341848
GOLGA8S	15	23354748
RN7SL536P	15	23363272
HERC2P6	15	23430839
GOLGA6L2	15	23447238
MIR4508	15	23562131
MKRN3	15	23565717
MAGEL2	15	23647867
NDN	15	23687305
RNU6-741P	15	23777543
PWRN4	15	23912445
PWRN2	15	24169874
PWRN1	15	24343558
NPAP1	15	24675775
SNRPN	15	24905768
RPL5P1	15	24909825
RPS27P2	15	24911125
SNURF	15	24955004
SNORD107	15	24981994
PWAR5	15	24985053
SNORD64	15	24985100
SNORD108	15	24986925
SNORD109A	15	25041974
SNORD116-1	15	25051477
SNORD116-2	15	25054210
SNORD116-3	15	25056860
SNORD116-4	15	25059538
SNORD116-5	15	25062333
SNORD116-6	15	25065026
SNORD116-7	15	25067788
SNORD116-8	15	25070432
SNORD116-9	15	25073107
SNORD116-10	15	25074114
SNORD116-11	15	25075929
SNORD116-12	15	25077051
SNORD116-13	15	25079058
SNORD116-14	15	25080142
SNORD116-15	15	25081287
SNORD116-16	15	25082768
SNORD116-17	15	25083588
SNORD116-18	15	25085385
SNORD116-19	15	25086527
SNORD116-20	15	25087662
SNORD116-21	15	25088804
SNORD116-22	15	25089923
SNORD116-23	15	25091786
SNHG14	15	25093766
SNORD116-24	15	25094037
SNORD116-25	15	25097663
SNORD116-26	15	25099499
SNORD116-27	15	25101575
SNORD116-28	15	25104642
SNORD116-29	15	25106521
SNORD116-30	15	25108268
PWAR1	15	25135642
DMAC1P1	15	25169676
SNORD115-1	15	25170723
SNORD115-2	15	25172635
SNORD115-3	15	25174927
SNORD115-4	15	25176832
SNORD115-5	15	25178738
SNORD115-6	15	25180497
SNORD115-7	15	25182385
SNORD115-8	15	25184306
SNORD115-9	15	25185631
SNORD115-10	15	25187536
SNORD115-11	15	25189414
SNORD115-12	15	25191416
SNORD115-13	15	25193321
SNORD115-14	15	25194921
SNORD115-15	15	25197576
SNORD115-16	15	25199448
SNORD115-17	15	25201323
SNORD115-18	15	25203227
SNORD115-19	15	25204357
SNORD115-20	15	25206262
SNORD115-21	15	25208083
SNORD115-22	15	25209918
SNORD115-23	15	25211796
SNORD115-24	15	25213648
SNORD115-25	15	25215541
SNORD115-26	15	25218617
SNORD115-27	15	25220497
SNORD115-28	15	25222348
SNORD115-29	15	25223246
SNORD115-30	15	25225203
SNORD115-31	15	25227109
SNORD115-32	15	25228967
SNORD115-33	15	25230838
SNORD115-34	15	25232387
SNORD115-35	15	25234247
SNORD115-36	15	25236085
SNORD115-37	15	25237986
SNORD115-38	15	25239838
SNORD115-39	15	25241746
SNORD115-40	15	25243614
SNORD115-41	15	25245478
SNORD115-42	15	25247345
SNORD115-43	15	25249198
SNORD115-44	15	25250859
SNORD115-45	15	25264510
SNORD115-46	15	25266591
SNORD115-47	15	25268466
SNORD115-48	15	25269783
SNORD109B	15	25278343
UBE3A	15	25438694
LINC02250	15	25578806
RNA5SP390	15	25738508
ATP10A	15	25784360
MIR4715	15	25848825
ATP10A-DT	15	25865285
LINC02346	15	25923527
LINC00929	15	26115809
LINC02248	15	26395089
GABRB3	15	26742000
GABRA5	15	26867163
TVP23BP1	15	26964917
GABRG3-AS1	15	27161279
GABRG3	15	27271541
RNA5SP391	15	27280436
SERPINE4P	15	27340524
RPL5P32	15	27895704
OCA2	15	28099310
HERC2	15	28198029
RPL41P2	15	28315651
HERC2P1	15	28332237
GOLGA6L24	15	28358084
MPHOSPH10P7	15	28365731
GOLGA8F	15	28378664
RN7SL238P	15	28387196
ABCB10P3	15	28402868
MIR4509-2	15	28426491
MIR4509-3	15	28490845
ABCB10P4	15	28508808
GOLGA8G	15	28532970
GOLGA6L25	15	28553568
HERC2P11	15	28579400
HERC2P9	15	28589928
RN7SL719P	15	28703790
WHAMMP2	15	28737583
GOLGA8M	15	28738384
PDCD6IPP2	15	28801366
GOLGA6L7	15	28848659
APBA2	15	28886234
NSMCE3	15	29269822
ENTREP2	15	29570976
TUBBP8	15	29612570
LCIIAR	15	29674302
HMGN2P5	15	29730713
TJP1	15	29822470
NCAPGP2	15	30005205
SYNGR2P1	15	30044455
GOLGA8J	15	30083323
RN7SL673P	15	30091662
DNM1P28	15	30102093
ULK4P3	15	30110302
GOLGA8T	15	30135419
RN7SL469P	15	30143733
DNM1P30	15	30153409
LINC02249	15	30195950
RNU6-17P	15	30254508
CHRFAM7A	15	30393600
RN7SL196P	15	30405597
GOLGA8R	15	30413440
WHAMMP4	15	30470779
MPHOSPH10P3	15	30507377
GOLGA8Q	15	30555148
RN7SL796P	15	30560644
DNM1P50	15	30571089
ULK4P2	15	30579285
GOLGA8H	15	30604028
RN7SL628P	15	30612724
ARHGAP11B-DT	15	30625715
ARHGAP11B	15	30625966
GOLGA8UP	15	30791573
RN7SL82P	15	30800160
HERC2P10	15	30815271
TMEM183AP3	15	30883231
FAN1	15	30903903
RNU6-466P	15	30956350
MTMR10	15	30991599
MIR211	15	31065141
TRPM1	15	31084899
LINC02352	15	31215872
LINC03034	15	31229435
KLF13	15	31353043
UBE2CP4	15	31420128
DEPDC1P1	15	31768201
OTUD7A	15	31870677
CHRNA7	15	32030757
RNU6-18P	15	32284152
DNM1P31	15	32384937
RN7SL185P	15	32394613
GOLGA8K	15	32403292
ULK4P1	15	32428316
DNM1P32	15	32436503
RN7SL539P	15	32446964
GOLGA8O	15	32455268
GOLGA6L23P	15	32491586
MPHOSPH10P2	15	32500346
LINC02256	15	32536364
WHAMMP1	15	32536926
GOLGA8N	15	32594189
RN7SL286P	15	32602121
ARHGAP11A-SCG5	15	32614654
ARHGAP11A-DT	15	32615119
ARHGAP11A	15	32615515
SCG5	15	32643558
SCG5-AS1	15	32673067
GREM1	15	32718187
GREM1-AS1	15	32718930
HNRNPA1P71	15	33012119
FMN1	15	33068032
TMCO5B	15	33246603
RYR3-DT	15	33310574
RYR3	15	33835946
CHRM5	15	33968720
AVEN	15	34039149
RPL32P2	15	34086314
EMC7	15	34101865
PGBD4	15	34102083
KATNBL1	15	34210064
EMC4	15	34225033
SLC12A6	15	34337462
NOP10	15	34343145
NUTM1	15	34343362
LPCAT4	15	34366981
ACTG1P15	15	34374603
MIR1233-1	15	34382150
GOLGA8A	15	34437458
HNRNPLP2	15	34490571
FSCN1P1	15	34494420
DNM1P5	15	34520608
MIR1233-2	15	34528371
GOLGA8B	15	34582877
LINC02252	15	34671095
GJD2	15	34754998
GJD2-DT	15	34755112
ACTC1	15	34795434
TUBAP11	15	34850395
RPL36AP8	15	34943080
AQR	15	34969725
ZNF770	15	34988278
NANOGP8	15	35085295
PRELID1P4	15	35122084
ANP32AP1	15	35237326
NUTF2P6	15	35282596
RBM17P4	15	35299440
MIR3942	15	35372364
HNRNPA1P45	15	35400691
DPH6	15	35546153
DPH6-DT	15	35546254
MIR4510	15	35926856
LINC02853	15	36047568
COX6CP4	15	36571985
CDIN1	15	36579844
LARP4P	15	36617089
TPST2P1	15	36627775
CSNK1A1P1	15	36818113
MIR8063	15	36972901
MEIS2	15	37097367
TMCO5A	15	37934633
LINC02345	15	38004730
LINC01852	15	38072967
LINC02895	15	38226883
SPRED1	15	38252466
FAM98B	15	38459151
RASGRP1	15	38564635
LINC02694	15	38671855
LINC02915	15	39250682
THBS1-IT1	15	39586561
THBS1	15	39587452
THBS1-AS1	15	39588882
FSIP1	15	39782812
GPR176	15	39919951
GPR176-DT	15	39921049
EIF2AK4	15	39934181
H3P38	15	39951708
SRP14	15	40039158
SRP14-DT	15	40039293
BMF-AS1	15	40088832
BMF	15	40108745
BUB1B	15	40161073
BUB1B-PAK6	15	40218500
PAK6	15	40252549
PAK6-AS1	15	40252939
ANKRD63	15	40283064
PLCB2-AS1	15	40300670
PLCB2	15	40303491
RPLP0P10	15	40313289
INAFM2	15	40324454
RNA5SP392	15	40331648
CCDC9B	15	40340340
PHGR1	15	40351034
DISP2	15	40361623
KNSTRN	15	40382979
IVD	15	40407946
BAHD1	15	40441127
CHST14	15	40471035
RNU6-516P	15	40529570
CCDC32	15	40565011
RPUSD2	15	40569315
KNL1	15	40594272
RN7SL376P	15	40615928
RAD51-AS1	15	40695098
RAD51	15	40695171
RMDN3	15	40755245
SUMO2P15	15	40760597
GCHFR	15	40764125
C15orf62	15	40769980
DNAJC17	15	40807460
ZFYVE19	15	40807734
PPP1R14D	15	40828709
SPINT1	15	40844205
SPINT1-AS1	15	40844423
RHOV	15	40874232
VPS18	15	40894450
DLL4	15	40929340
ISCA1P4	15	40948869
CHAC1	15	40953471
INO80-AS1	15	41020653
INO80	15	41070837
CYCSP2	15	41108878
CIBAR1P1	15	41163162
RN7SL497P	15	41192265
EXD1	15	41230697
CHP1	15	41231274
OIP5-AS1	15	41284006
OIP5	15	41332591
NUSAP1	15	41332883
NDUFAF1	15	41402493
RTF1	15	41417132
RNU6-1169P	15	41448844
ITPKA	15	41493874
LTK	15	41513829
RPAP1	15	41544250
ELOCP2	15	41557027
TYRO3	15	41559118
MGA	15	41660415
MIR626	15	41691585
MAPKBP1	15	41774697
JMJD7	15	41828110
JMJD7-PLA2G4B	15	41828117
PLA2G4B	15	41838847
RNA5SP393	15	41852029
MIR4310	15	41866551
SPTBN5	15	41872312
EHD4-AS1	15	41921417
EHD4	15	41972555
PLA2G4E-AS1	15	41972793
PLA2G4E	15	42021041
PLA2G4D	15	42084038
PLA2G4F	15	42156610
VPS39	15	42191170
MIR627	15	42199666
VPS39-DT	15	42208400
TMEM87A	15	42273425
GANC	15	42274244
BNIP3P5	15	42313687
CAPN3	15	42404802
RNU6-188P	15	42427697
ZNF106	15	42452905
SNAP23	15	42495644
LRRC57	15	42548786
HAUS2	15	42548847
MYL12BP1	15	42571927
EIF4EBP2P2	15	42581488
STARD9	15	42629842
CDAN1	15	42737118
TTBK2-AS1	15	42737192
KRT8P50	15	42802405
TTBK2	15	42920761
FDPSP4	15	42940358
UBR1	15	43106022
RPS3AP47	15	43116493
SPCS2P1	15	43131008
TMEM62	15	43133719
CCNDBP1	15	43185442
EPB42	15	43215188
TGM5	15	43253658
ATP5PDP1	15	43268388
TGM7	15	43289631
LCMT2	15	43330577
MAPDA	15	43330690
ZSCAN29	15	43370907
TUBGCP4	15	43371103
RN7SL487P	15	43391727
TP53BP1	15	43493095
MAP1A	15	43514283
PPIP5K1	15	43590155
CKMT1B	15	43593601
RNU6-554P	15	43602543
STRC	15	43613187
RNU6-610P	15	43637738
CATSPER2	15	43648844
PDIA3P2	15	43649123
PPIP5K1P1	15	43684339
CKMT1A	15	43693040
RNU6-353P	15	43702363
STRCP1	15	43718184
RNU6-354P	15	43734285
CATSPER2P1	15	43746336
PDIA3	15	43746439
ELL3	15	43776572
SERF2	15	43792325
MIR1282	15	43793759
SERINC4	15	43799615
HYPK	15	43800455
MFAP1	15	43824686
WDR76	15	43826999
PIN4P1	15	43876244
ACTBP7	15	43990184
FRMD5	15	44059380
GAPDHP55	15	44063511
GOLM2	15	44288840
GAPDHP43	15	44354691
CTDSPL2-DT	15	44427144
CTDSPL2	15	44427793
HNRNPMP1	15	44449344
EIF3J-DT	15	44536921
EIF3J	15	44543933
SPG11	15	44636755
PATL2	15	44676890
B2M	15	44711518
TRIM69	15	44736528
SORD2P	15	44861850
RNU1-119P	15	44884616
RNU6-1108P	15	44927703
TERB2	15	44956710
RNU6-1332P	15	44962830
RNU6-966P	15	44973558
RNU1-78P	15	45003028
SORD	15	45023211
DUOX2	15	45113454
DUOXA2	15	45114326
DUOXA1	15	45129878
DUOX1	15	45138818
SHF	15	45187705
H3P39	15	45215547
SLC28A2	15	45252243
SLC28A2-AS1	15	45279232
RNU6-953P	15	45354885
GATM	15	45378544
AFG2B	15	45402375
C15orf48	15	45430610
MIR147B	15	45433050
SLC30A4-AS1	15	45450118
SLC30A4	15	45522623
SNORA41B	15	45537250
HMGN2P46	15	45555482
DPPA5P2	15	45566776
BLOC1S6	15	45587467
SQOR	15	45635048
MTND5P40	15	46341354
RNU6-1014P	15	46660658
RN7SKP101	15	46720512
RN7SKP139	15	47272597
SEMA6D	15	47717444
RPL7AP62	15	47730935
LINC01491	15	47846257
SLC24A5	15	48121014
MYEF2	15	48158921
CTXN2	15	48178429
CTXN2-AS1	15	48191625
SLC12A1	15	48206918
DUT	15	48331456
DUT-AS1	15	48331846
FBN1	15	48445412
FBN1-DT	15	48645906
CEP152-AS1	15	48783177
CEP152	15	48811008
SHC4	15	48877839
EID1	15	48878135
KRT8P24	15	48971803
SECISBP2L	15	49019647
RN7SL577P	15	49042643
COPS2	15	49155599
NDUFAF4P1	15	49156329
MIR4716	15	49169153
GALK2	15	49170247
RPL15P19	15	49178741
RN7SL307P	15	49199194
FGF7	15	49423242
FAM227B	15	49620809
DTWD1	15	49621076
RNA5SP394	15	49982443
ATP8B4	15	50113329
SLC27A2	15	50182230
RN7SL494P	15	50244931
HDC	15	50265666
RNU6-94P	15	50347529
GABPB1-IT1	15	50354861
GABPB1	15	50355155
GABPB1-AS1	15	50355305
MIR4712	15	50360329
AHCYP7	15	50417385
USP8	15	50424438
RNA5SP395	15	50463381
USP50	15	50545593
TRPM7	15	50589310
RN7SL354P	15	50688900
SPPL2A	15	50765694
RPL32P30	15	50798670
AP4E1	15	50908686
DCAF13P3	15	50944663
TNFAIP8L3	15	51094906
MIR4713HG	15	51157735
MIR4713	15	51242190
CYP19A1	15	51282384
MIR7973-1	15	51314034
MIR7973-2	15	51314107
GLDN	15	51341946
DMXL2	15	51471293
SCG3	15	51681532
SCG3-AS1	15	51695765
LYSMD2	15	51738111
TMOD2	15	51751615
TMOD3	15	51839480
RNU6-90P	15	51907200
LEO1	15	51971777
MAPK6-DT	15	52019095
MAPK6	15	52019232
BCL2L10	15	52112771
GNB5	15	52162174
CERNA1	15	52180008
MIR1266	15	52277200
MYO5C	15	52295768
MYO5A	15	52381306
EEF1B2P1	15	52505191
ARPP19	15	52569136
ATOSA	15	52678756
ONECUT1	15	52789866
LINC02490	15	52804500
RPSAP55	15	52885595
EEF1A1P22	15	52938518
RNU2-53P	15	53651977
WDR72	15	53759631
RNU6-449P	15	53764204
HNRNPA1P74	15	54321565
UNC13C	15	54382558
RSL24D1	15	55196902
RAB27A	15	55289767
PIGBOS1	15	55319129
PIGB	15	55319242
MIR628	15	55373034
CCPG1	15	55408279
PIERCE2	15	55408539
DNAAF4-CCPG1	15	55498350
DNAAF4	15	55498373
PYGO1	15	55588345
PRTG	15	55740596
NEDD4	15	55993570
CNOT6LP1	15	56007176
RN7SL568P	15	56029981
CD24P2	15	56071421
RFX7	15	56244363
RNU6-1287P	15	56274636
HMGB1P33	15	56323193
TEX9	15	56365441
MNS1	15	56465085
ZNF280D	15	56733487
LINC03065	15	56887058
TCF12-DT	15	56918439
TCF12	15	56919368
HNRNPA3P11	15	57247893
SNORD13D	15	57278673
LINC00926	15	57306374
LINC01413	15	57318968
NDUFB10P1	15	57326447
CGNL1	15	57376512
RNU6-844P	15	57405175
MYZAP	15	57591953
GCOM1	15	57592033
POLR2M	15	57706719
ALDH1A2-AS1	15	58065225
ALDH1A2	15	58102489
AQP9	15	58138336
MTCO3P23	15	58150275
MTND3P12	15	58150635
MTND5P32	15	58152606
MTCYBP23	15	58154960
LIPC	15	58421034
LIPC-AS1	15	58498735
HMGB1P51	15	58672296
HSP90AB4P	15	58693125
RN7SKP95	15	58704154
ADAM10	15	58749713
SNORD3P1	15	58760681
MINDY2-DT	15	58771010
MINDY2	15	58771224
ZNF444P1	15	58865006
RPL21P14	15	58869659
SLTM	15	58933587
RNF111	15	58988032
RPL21P113	15	59050385
CCNB2	15	59105136
MIR2116	15	59171262
LDHAL6B	15	59206843
RNU4-80P	15	59212788
MYO1E	15	59318762
RNU6-212P	15	59341417
NSA2P4	15	59402004
RPL7AP75	15	59408154
FAM81A	15	59438245
RPL21P114	15	59525881
RPL21P117	15	59553093
RNA5SP396	15	59574222
GCNT3	15	59609880
GTF2A2	15	59657492
PIGHP1	15	59676757
BNIP2	15	59689286
RPS3AP6	15	59768352
NMNAT1P5	15	59964942
FOXB1	15	60004311
MESTP2	15	60054092
RPL36AP44	15	60390371
ANXA2	15	60397970
ICE2	15	60479110
RORA-AS1	15	60479194
CYCSP38	15	60558080
RORA-AS2	15	60681569
RNA5SP397	15	60736769
RORA	15	60967742
LINC02349	15	61729764
VPS13C	15	61958653
VPS13C-DT	15	62060514
C2CD4A	15	62066977
NPM1P47	15	62083305
C2CD4B	15	62165502
GOLGA2P11	15	62270680
MIR8067	15	62304734
MIR6085	15	62343029
HMGN1P26	15	62362331
TLN2	15	62561383
MIR190A	15	62823957
TPM1	15	63042830
TPM1-AS	15	63048967
LACTB	15	63122222
RPS27L	15	63157476
RAB8B	15	63189602
APH1B	15	63277614
CA12	15	63381845
LINC02568	15	63390177
USP3	15	63504665
FBXL22	15	63597389
USP3-AS1	15	63600760
HERC1	15	63700621
MIR422A	15	63871019
DAPK2	15	64046322
CIAO2A	15	64093878
SNX1	15	64096003
SNX22	15	64151735
PPIB	15	64163012
CSNK1G1	15	64337750
PCLAF	15	64381444
TRIP4	15	64387854
ZNF609	15	64460987
GAPDHP61	15	64529671
RPL21P15	15	64631914
RNU6-549P	15	64671263
OAZ2	15	64703204
MIR1272	15	64762515
RBPMS2	15	64775589
PIF1	15	64825625
PLEKHO2	15	64841915
ANKDD1A	15	64911916
SPG21	15	64989734
MTFMT	15	65029625
SLC51B	15	65047539
RASL12	15	65067991
KBTBD13	15	65076746
UBAP1L	15	65106384
PDCD7	15	65129170
CLPX	15	65185348
CILP	15	65211468
RNU6-686P	15	65229861
SNORA24B	15	65285591
PARP16	15	65286878
RNU5A-1	15	65296051
RNU5B-1	15	65304677
IGDCC3	15	65378017
IGDCC4	15	65411085
DPP8	15	65517672
HACD3	15	65530498
RNU6-19P	15	65553187
INTS14	15	65611133
SLC24A1	15	65621938
SNORD13E	15	65696936
MIR4511	15	65719332
DENND4A	15	65776780
HNRNPA1P44	15	65817481
RAB11A	15	65869466
MEGF11	15	65971225
MIR4311	15	66040233
DIS3L-AS1	15	66293491
DIS3L	15	66293582
SCARNA14	15	66347342
TIPIN	15	66356703
RPL9P25	15	66379915
MAP2K1	15	66394340
ATP5MFP6	15	66415198
RPL35AP32	15	66446777
MIR4512	15	66497034
SNAPC5	15	66497759
SNORD18C	15	66501318
SNORD18B	15	66502091
SNORD16	15	66502910
SNORD18A	15	66503314
RPL4	15	66504845
ZWILCH	15	66505312
LCTL	15	66565969
LINC01169	15	66675590
SMAD6	15	66703077
SMASR	15	66956518
HMGN2P47	15	67001085
SMAD3-DT	15	67059230
SMAD3	15	67125716
SMAD3-AS1	15	67146939
RPS24P16	15	67232446
AAGAB	15	67254659
IQCH	15	67258169
IQCH-AS1	15	67521599
C15orf61	15	67521690
MAP2K5-DT	15	67542604
MAP2K5	15	67542823
HNRNPA1P5	15	67627852
SKOR1	15	67824533
SKOR1-AS1	15	67839089
RNU6-1	15	67840045
PIAS1	15	68054447
CALML4	15	68205410
CLN6	15	68229703
HMGN2P40	15	68254549
FEM1B	15	68284607
ITGA11	15	68363739
CORO2B	15	68579065
CARS1P1	15	68749501
MIR4312	15	68801925
ANP32A	15	68820885
SPESP1	15	68930520
NOX5	15	69031793
EWSAT1	15	69074265
GLCE	15	69208214
PAQR5-DT	15	69298781
PAQR5	15	69305533
KIF23	15	69414352
RPLP1	15	69452818
LINC02896	15	69461806
KIF23-AS1	15	69462776
DRAIC	15	69561957
LINC03137	15	69566351
GEMIN8P1	15	69804046
MIR629	15	70079468
TLE3	15	70096798
RNU6-745P	15	70193236
LINC02205	15	70505403
LINC02204	15	70586606
SALRNA3	15	70615547
SALRNA2	15	70635249
UACA	15	70699666
RPL29P30	15	70797099
LARP6	15	70854008
KRT8P9	15	70858714
THAP10	15	70892421
LRRC49	15	70893051
RPL5P3	15	71063989
CT62	15	71115479
HMGB1P6	15	71165415
THSD4-AS1	15	71189063
RPL17P39	15	71341712
THSD4	15	71547228
NR2E3	15	71810573
RNA5SP399	15	71858570
MYO9A	15	72007030
EIF5A2P1	15	72041653
RNU2-65P	15	72045183
SENP8	15	72117615
RPL21P115	15	72134641
GRAMD2A	15	72170311
PKM	15	72231190
PARP6	15	72272498
CELF6-AS1	15	72278876
CELF6	15	72319882
HEXA	15	72375988
HEXA-AS1	15	72376093
RPL12P35	15	72379710
TMEM202	15	72398305
PHB1P20	15	72450657
TMEM202-AS1	15	72474234
ARIH1	15	72474614
MIR630	15	72587217
LINC02259	15	72636942
GOLGA6B	15	72656627
RN7SL853P	15	72664577
HIGD2B	15	72686156
BBS4	15	72686218
ADPGK	15	72783730
ADPGK-AS1	15	72786632
NPM1P42	15	72900260
NEO1	15	73052500
FKBP1AP2	15	73143518
NPM1P43	15	73162928
HCN4	15	73368958
REC114	15	73443164
MRPS15P1	15	73483943
NPTN-IT1	15	73569294
NPTN	15	73633365
CD276	15	73684458
INSYN1-AS1	15	73752323
INSYN1	15	73752794
TBC1D21	15	73873608
LOXL1-AS1	15	73927806
LOXL1	15	73936415
STOML1	15	73992256
PML	15	73994803
DNM1P33	15	74062780
RN7SL429P	15	74072676
GOLGA6A	15	74073013
COMMD4P2	15	74098414
ISLR2	15	74129949
ISLR	15	74174088
STRA6	15	74202858
CCDC33	15	74251522
CCDC33-AS1	15	74319716
PPIAP46	15	74361552
CYP11A1	15	74366197
LINC02255	15	74379064
MIR6881	15	74411432
SEMA7A	15	74433829
UBL7	15	74461133
UBL7-DT	15	74461285
ARID3B	15	74541622
CLK3-AS1	15	74604975
CLK3	15	74616096
EDC3	15	74695998
CYP1A1	15	74725494
CYP1A2	15	74748836
CSK	15	74782605
MIR4513	15	74788757
LMAN1L	15	74812839
CPLX3	15	74826627
MIR6882	15	74840707
ULK3	15	74843145
SCAMP2	15	74873321
MPI	15	74890052
FAM219B	15	74906807
COX5A	15	74938076
RPP25	15	74956772
SCAMP5	15	74995576
PPCDC	15	75023607
RPL36AP45	15	75186968
C15orf39	15	75202043
TRCG1P	15	75234834
NIFKP4	15	75252934
GOLGA6C	15	75258334
RN7SL489P	15	75268430
GOLGA6D	15	75282835
RN7SL327P	15	75292706
DNM1P34	15	75302664
ANP32BP1	15	75322509
COMMD4	15	75336061
NEIL1-AS1	15	75347161
NEIL1	15	75347624
MIR631	15	75353685
MAN2C1	15	75365600
RPL13P4	15	75388267
SIN3A	15	75451694
PTPN9	15	75579299
SNUPN	15	75625707
IMP3	15	75648251
SNX33	15	75648834
CSPG4	15	75712848
CIMAP1C	15	75724041
DNM1P35	15	75738985
PPIAP47	15	75746769
MIR4313	15	75762315
GOLGA6EP	15	75775594
RN7SL319P	15	75785134
DNM1P49	15	75792683
UBE2Q2	15	75843489
RN7SL510P	15	75895040
FBXO22	15	75903958
NRG4	15	76012422
TMEM266	15	76059970
TYRO3P	15	76261690
ETFA	15	76311408
ISL2	15	76336808
MIR3713	15	76586647
RN7SKP217	15	76736641
SCAPER	15	76905114
RCN2	15	76931762
RN7SL278P	15	76977210
KRT8P23	15	76980451
PSTPIP1	15	76995373
TSPAN3	15	77071100
PEAK1	15	77420097
HMG20A	15	77420805
LINGO1-AS1	15	77646339
LINGO1-AS2	15	77663245
LINGO1	15	77803233
CSPG4P13	15	77894684
RN7SL214P	15	77916982
GOLGA6FP	15	77926825
COMMD4P1	15	77942747
ADAMTS7P3	15	77976042
TBC1D2B	15	78039814
SH2D7	15	78085184
CIB2	15	78131271
IDH3A	15	78149377
ACSBG1	15	78234525
DNAJA4-DT	15	78264030
DNAJA4	15	78264562
SKIC8	15	78299598
CRABP1	15	78340351
IREB2	15	78438284
HYKK	15	78507582
PSMA4	15	78540478
CHRNA5	15	78565571
CHRNA3	15	78620789
CHRNB4	15	78660532
RPL18P11	15	78661576
GOLGA6GP	15	78727177
ADAMTS7	15	78811406
RPL21P116	15	78863729
MORF4L1	15	78872974
RNU6-415P	15	78898936
CTSH	15	78945005
RASGRF1	15	78998266
MIR184	15	79209788
HNRNPCP3	15	79236332
ANKRD34C	15	79282722
ANKRD34C-AS1	15	79283911
TMED3	15	79311145
MINAR1	15	79432336
TFDP1P3	15	79560304
RPL7L1P15	15	79668816
RNU6-667P	15	79817450
MTHFS	15	79897005
ST20	15	79915256
ST20-AS1	15	79922771
ST20-MTHFS	15	79923744
BCL2A1	15	79971182
ZFAND6	15	80059996
FAH	15	80152960
CTXND1	15	80244033
LINC00927	15	80341795
ARNT2-DT	15	80404036
ARNT2	15	80441231
MIR5572	15	80581103
RNU6-380P	15	80663772
ABHD17C	15	80695310
CEMIP	15	80779376
MIR549A	15	80842073
MESD	15	80989808
MIR4514	15	80997473
TLNRD1	15	81000923
CFAP161	15	81099408
ANP32BP3	15	81118340
IL16	15	81198177
STARD5	15	81324155
TMC3-AS1	15	81324538
TMC3	15	81374184
LINC01418	15	81871056
MEX3B	15	82046068
LINC01583	15	82088613
RNU1-77P	15	82174385
EFL1	15	82262603
SAXO2	15	82262826
ADAMTS7P1	15	82298553
GOLGA6L10	15	82349456
UBE2Q2P2	15	82391844
GOLGA6L9-AS1	15	82418651
GOLGA6L9	15	82430018
UBE2Q2P6	15	82445719
CSPG4P10	15	82459472
GOLGA2P10	15	82477926
GOLGA6L17P	15	82519654
DNM1P38	15	82534139
RPS17	15	82540456
CPEB1	15	82640792
CPEB1-AS1	15	82648105
AP3B2	15	82709030
ACTG1P17	15	82727425
SNHG21	15	82750562
SCARNA15	15	82755945
FSD2	15	82806070
WHAMM	15	82809629
HOMER2	15	82952719
RAMAC	15	82986212
C15orf40	15	83011599
FABP5P8	15	83044368
BTBD1	15	83067241
MIR4515	15	83067335
TM6SF1	15	83107657
HDGFL3	15	83207532
BNC1	15	83284060
SH3GL3	15	83447378
ADAMTSL3	15	83674208
RNU6-401P	15	83717427
TUBAP4	15	83739784
RNU6-1339P	15	83824953
EFL1P1	15	84080168
DNM1P41	15	84169896
UBE2Q2P16	15	84172973
CSPG4P11	15	84186752
GOLGA2P7	15	84205319
RN7SL331P	15	84205700
GOLGA6L4	15	84237752
UBE2Q2P8	15	84255913
RN7SL417P	15	84394072
DNM1P51	15	84401731
CSPG4P5	15	84408005
UBE2Q2P11	15	84421837
UBE2Q2P12	15	84500599
GOLGA6L5P	15	84516785
LINC00933	15	84570924
UBE2Q2P1	15	84571001
ZSCAN2	15	84601021
SCAND2P	15	84631963
ZSCAN2-AS1	15	84632818
EGLN1P1	15	84633874
WDR73	15	84654272
NMB	15	84658381
SEC11A	15	84716110
ZNF592	15	84748888
ALPK3	15	84817356
SLC28A1	15	84884658
RNU6-339P	15	84938522
RNU6-796P	15	84939723
PDE8A	15	84981934
NIFKP8	15	85182083
CSPG4P12	15	85191438
RN7SL428P	15	85210299
GOLGA6L3P	15	85240472
ADAMTS7P4	15	85270892
MIR7706	15	85380596
RNU7-79P	15	85389884
FABP5P9	15	85415228
AKAP13	15	85635097
RNU6-1280P	15	85651628
AKAP13-AS1	15	85670948
LINC02883	15	85752901
MIR1276	15	85770578
KLHL25	15	85786607
RNU6-231P	15	85821855
MIR548AP	15	85825635
LINC01584	15	86116717
RNA5SP400	15	86138379
AGBL1	15	86262625
AGBL1-AS1	15	86316963
RNU6-185P	15	87474289
LINC00052	15	87576928
MED28P6	15	88144165
NTRK3-AS1	15	88252707
NTRK3	15	88256332
MRPL46	15	88467388
MRPS11	15	88467701
DET1	15	88546637
LINC01586	15	88604970
MIR1179	15	88608107
MIR7-2	15	88611825
MIR3529	15	88611924
AEN	15	88621381
ISG20	15	88638919
ACAN	15	88803616
HAPLN3	15	88895530
MFGE8	15	88913370
KRT18P47	15	88960070
CARMAL	15	89041020
ABHD2	15	89104304
RNU7-195P	15	89120779
HMGB1P8	15	89136495
RLBP1	15	89221609
FANCI	15	89243993
POLG	15	89326705
MIR6766	15	89326810
POLGARF	15	89333809
POLG-DT	15	89335043
MIR9-3	15	89368017
MIR9-3HG	15	89377938
RHCG	15	89496582
LINC00928	15	89524034
TICRR	15	89575550
KIF7	15	89655458
PLIN1	15	89679391
RPL36AP43	15	89688243
PEX11A	15	89690754
WDR93	15	89690830
RNU6-132P	15	89714232
MESP1	15	89751193
MRPL15P1	15	89752296
MESP2	15	89760601
ANPEP	15	89806629
MIR5094	15	89850721
MIR5009	15	89884030
RNU6-1111P	15	89886591
AP3S2	15	89893978
RNU7-111P	15	89897576
ARPIN-AP3S2	15	89908406
ARPIN	15	89912811
ZNF710	15	90002234
MIR3174	15	90006755
ZNF710-AS1	15	90079425
IDH2	15	90102471
IDH2-DT	15	90102614
RN7SL346P	15	90166233
SEMA4B	15	90201347
RPS12P26	15	90206572
CIB1	15	90233931
GDPGP1	15	90234209
TTLL13	15	90249669
NGRN	15	90265672
PERPP2	15	90275129
GOLGA2P8	15	90291962
RN7SL736P	15	90293939
GABARAPL3	15	90349197
ZNF774	15	90352316
NDUFA3P4	15	90385814
IQGAP1	15	90467482
CRTC3	15	90535074
HSPE1P3	15	90634725
LINC01585	15	90660225
CRTC3-AS1	15	90717153
BLM	15	90717385
RN7SL363P	15	90856207
FURIN	15	90872897
FES	15	90884475
MAN2A2	15	90906850
HDDC3	15	90932550
UNC45A	15	90935293
RCCD1-AS1	15	90955225
RCCD1	15	90955330
PRC1-AS1	15	90974801
PRC1	15	90994509
VPS33B-DT	15	90994858
VPS33B	15	91022573
SV2B	15	91100902
THRAP3P2	15	91743955
SLCO3A1	15	91941318
DUXAP6	15	92281484
NPM1P5	15	92285841
ST8SIA2	15	92394041
ENO1P2	15	92420860
C15orf32	15	92484334
LINC00930	15	92574517
FAM174B	15	92656203
HMGN1P38	15	92711808
RPL31P6	15	92719393
H2AZ2P1	15	92734195
FTLP20	15	92762757
ASB9P1	15	92795647
CHASERR	15	92882719
MIR3175	15	92904399
CHD2	15	92941298
YBX2P2	15	93066606
RGMA	15	93073671
SEPHS1P2	15	93431217
LINC02207	15	93863038
LINC01579	15	93900599
LINC01581	15	94099350
H3P40	15	94168349
MCTP2	15	94231722
LINC02852	15	94587136
LETR1	15	95326917
LINC00924	15	95368386
RNU2-3P	15	95745804
LINC02157	15	96235859
NR2F2-AS1	15	96327021
NR2F2	15	96331618
MIR1469	15	96333261
SCDAL	15	96341574
TUBAP12	15	96389056
PGAM1P12	15	96442313
RN7SKP254	15	96486582
FAM149B1P1	15	96756987
SPATA8-AS1	15	96783331
SPATA8	15	96783411
RN7SKP181	15	96842069
LINC02253	15	97234288
RN7SL677P	15	97353497
RNA5SP401	15	97472252
LINC00923	15	97522071
ARRDC4	15	97960715
LINC02251	15	98003078
RNU6-1186P	15	98074763
LINC01582	15	98088809
LINC02351	15	98420998
FAM169BP	15	98514382
IRAIN	15	98647457
MIR4714	15	98784426
IGF1R	15	98890441
PGPEP1L	15	99005567
LUNAR1	15	99014724
SYNM	15	99101648
SYNM-AS1	15	99105824
SYNM-AS2	15	99131806
TTC23-AS1	15	99139317
TTC23	15	99249562
LRRC28	15	99251505
HSP90B2P	15	99257632
HNRNPA1P62	15	99285576
LINC02244	15	99402686
LINC03080	15	99435408
RPL7P5	15	99552117
MEF2A	15	99566002
LYSMD4	15	99733391
RN7SL484P	15	99791209
DNM1P46	15	99801179
RNA5SP402	15	100074190
ADAMTS17	15	100341159
SPATA41	15	100350020
CERS3-AS1	15	100372939
CERS3	15	100544279
RNU6-322P	15	100551922
PRKXP1	15	100558954
RNU6-181P	15	100560792
LINS1	15	100602157
ASB7	15	100602608
GCAWKR	15	100849765
ALDH1A3	15	100879830
ALDH1A3-AS1	15	100919295
LRRK1	15	100973156
LRRK1-AS1	15	101086158
CHSY1	15	101235147
SELENOS	15	101277451
SNRPA1	15	101295217
SNRPA1-DT	15	101295388
PCSK6-AS1	15	101334463
PCSK6	15	101382124
SNRPCP18	15	101562536
LINC02348	15	101614457
RNU6-807P	15	101648312
TM2D3	15	101652297
TARS3	15	101724445
UBE2Q2P13	15	101746020
DNM1P47	15	101751553
RN7SL209P	15	101773513
GOLGA8VP	15	101781989
OR4F6	15	101803509
OR4F15	15	101812202
OR4F14P	15	101828741
OR4F13P	15	101845382
OR4F28P	15	101875964
WBP1LP5	15	101887767
OR4F4	15	101923113
OR4G2P	15	101927707
OR4G6P	15	101938470
FAM138E	15	101953471
MIR1302-10	15	101960596
WASH3P	15	101966075
MIR6859-3	15	101973524
DDX11L9	15	101978791
DDX11L10	16	11861
MIR6859-4	16	17119
WASH4P	16	18068
WASIR2	16	22847
IL9RP3	16	38321
POLR3K	16	53608
SNRNP25	16	53899
RHBDF1	16	72621
MPG	16	78225
NPRL3	16	138651
HBZ	16	147686
HBZP1	16	163122
HBM	16	164482
HBAP1	16	168679
HBA2	16	172892
HBA1	16	176701
HBQ1	16	180459
LUC7L	16	229398
C4orf46P1	16	231134
FAM234A	16	234837
RGS11	16	275927
ARHGDIG	16	280595
PDIA2	16	283172
AXIN1	16	352678
MRPL28	16	370452
PGAP6	16	381975
NME4	16	397204
DECR2	16	401913
RAB11FIP3	16	425647
LINC00235	16	527407
CAPN15	16	528967
MIR5587	16	535316
MIR3176	16	543277
PRR35	16	560407
NHLRC4	16	567005
PIGQ	16	571403
RAB40C	16	590077
WFIKKN1	16	630112
METTL26	16	636342
MCRIP2	16	641885
WDR90	16	656433
RHOT2	16	668179
RHBDL1	16	675710
STUB1-DT	16	679818
STUB1	16	680421
JMJD8	16	684334
WDR24	16	690322
FBXL16	16	700827
METRN	16	715338
ANTKMT	16	721145
CCDC78	16	726449
HAGHL	16	727265
CIAO3	16	740934
MSLN	16	761078
MIR662	16	770183
MSLNL	16	780377
RPUSD1	16	788335
CHTF18	16	788652
GNG13	16	800623
LMF1-AS1	16	921053
LMF1	16	967494
CEROX1	16	981322
SOX8	16	981762
SSTR5	16	1072751
SSTR5-AS1	16	1073645
C1QTNF8	16	1096711
CACNA1H	16	1153192
LNCPTCTS	16	1160176
TPSG1	16	1225278
TPSB2	16	1230166
TPSAB1	16	1240703
TPSD1	16	1256064
PRSS29P	16	1263212
TPSP2	16	1289072
UBE2I-AS1	16	1299635
UBE2I	16	1309656
RPS20P2	16	1329078
BAIAP3	16	1338367
TSR3	16	1351853
GNPTG	16	1351955
UNKL	16	1405265
UNKL-AS1	16	1408373
UQCC4	16	1420751
PERCC1	16	1431078
CCDC154	16	1437903
CLCN7	16	1475026
RPS3AP2	16	1477830
PTX4	16	1488944
TELO2	16	1493563
TMEM204	16	1533666
IFT140	16	1610674
CRAMP1	16	1614412
JPT2	16	1678290
MAPK8IP3-AS1	16	1714208
MIR3177	16	1734985
MAPK8IP3	16	1747068
NME3	16	1771540
MRPS34	16	1773147
EME2	16	1775077
SPSB3	16	1782537
NUBP2	16	1782996
IGFALS	16	1793732
HAGH	16	1826816
FAHD1	16	1827086
MEIOB	16	1872154
LINC02124	16	1879551
LINC00254	16	1884232
HS3ST6	16	1918415
MSRB1	16	1943159
RPL3L	16	1954690
NDUFB10	16	1959543
SNORA10	16	1962466
SNORA64	16	1963106
RPS2	16	1964805
SNHG9	16	1964947
SNORA78	16	1965184
RNF151	16	1966856
TBL3	16	1972086
NOXO1	16	1982512
GFER	16	1984258
SYNGR3	16	1990073
ZNF598	16	2006054
RN7SL219P	16	2013181
NPW	16	2014855
NHERF2	16	2026915
NTHL1	16	2047814
TSC2	16	2048741
MIR1225	16	2090284
PKD1-AS1	16	2091487
PKD1	16	2105398
MIR6511B1	16	2106753
MIR4516	16	2133119
MIR3180-5	16	2136129
RAB26	16	2148632
SNORD60	16	2155105
SNHG19	16	2155427
TRAF7	16	2155800
CASKIN1	16	2189496
MLST8	16	2205484
BRICD5	16	2210848
PGP	16	2214369
E4F1	16	2223594
DNASE1L2	16	2236468
ECI1-AS1	16	2240487
ECI1	16	2251582
RNPS1	16	2267831
MIR3677HG	16	2268483
MIR3677	16	2270713
MIR940	16	2271747
MIR4717	16	2274620
ABCA3	16	2340597
ABCA17P	16	2340922
CCNF	16	2429449
MIR6767	16	2445392
TEDC2	16	2460126
MIR6768	16	2463967
TEDC2-AS1	16	2468213
NTN3	16	2471297
TBC1D24	16	2482787
ATP6V0C	16	2513976
AMDHD2	16	2520402
CEMP1	16	2531412
MIR3178	16	2532005
PDPK1	16	2538034
PDPK2P	16	2642432
ERVK13-1	16	2673427
KCTD5	16	2682528
PRSS27	16	2720224
SRRM2-AS1	16	2752561
SRRM2	16	2760033
ELOB	16	2777272
PRSS33	16	2787501
SNORA3C	16	2796532
PRSS41	16	2798470
PRSS21	16	2817291
EIF1P4	16	2822993
ZG16B	16	2830303
PRSS30P	16	2842689
PRSS22	16	2858028
FLYWCH2	16	2883242
FLYWCH1	16	2911999
RPL23AP86	16	2923202
FLYWCH1-AS1	16	2955211
KREMEN2	16	2964245
PAQR4	16	2969344
PKMYT1	16	2980418
GREP1	16	2990651
CLDN9	16	3012923
CLDN6	16	3018183
TNFRSF12A	16	3020369
THOC6	16	3024041
HCFC1R1	16	3024254
BICDL2	16	3036936
MMP25	16	3046561
MMP25-AS1	16	3056232
IL32	16	3065610
RNU1-125P	16	3069523
RNU1-22P	16	3086143
ZSCAN10	16	3099265
ZNF205	16	3112579
ZNF213-AS1	16	3134849
ZNF213	16	3135135
CASP16P	16	3144015
OR1F1	16	3188212
OR1F2P	16	3215611
ZNF200	16	3235162
MEFV	16	3256607
LINC00921	16	3263800
ZNF263	16	3283449
TIGD7	16	3305431
ZNF75A	16	3305514
RPL7L1P19	16	3323925
OR2C1	16	3355889
MTCO1P28	16	3369246
MTND1P8	16	3370906
ZSCAN32	16	3400998
ZNF174	16	3401244
ZNF597	16	3443504
NAA60	16	3450259
MIR6126	16	3485469
C16orf90	16	3495484
CLUAP1	16	3501014
NLRC3	16	3577383
SLX4	16	3611579
DNASE1	16	3654860
TRAP1	16	3691133
CREBBP	16	3776459
DPPA3P6	16	3840528
LINC02861	16	3950515
ADCY9	16	4114026
SRL	16	4242078
LINC01569	16	4253794
TFAP4	16	4272894
GLIS2	16	4316043
GLIS2-AS1	16	4328335
PAM16	16	4351298
VASN	16	4371848
CORO7	16	4415933
CORO7-PAM16	16	4416587
DNAJA3	16	4425874
NMRAL1	16	4474617
HMOX2	16	4476404
CDIP1	16	4538467
C16orf96	16	4556340
SUB1P3	16	4563128
UBALD1	16	4614875
MGRN1	16	4624868
RN7SL850P	16	4633881
MIR6769A	16	4671318
NUDT16L1	16	4693707
ANKS3	16	4734219
DNAAF8	16	4734507
ZNF500	16	4766677
SEPTIN12	16	4788346
SMIM22	16	4795390
ROGDI	16	4802636
GLYR1	16	4847277
UBN1	16	4852215
PPL	16	4937145
SEC14L5	16	4958324
NAGPA	16	5033780
C16orf89	16	5065939
ALG1	16	5071829
EEF2KMT	16	5097775
ENPP7P14	16	5148685
VPS51P1	16	5207088
LINC02164	16	5220843
RPS3AP48	16	5270174
SNRPCP20	16	5289409
NPM1P3	16	5365797
LINC01570	16	5616254
MIR8065	16	5632467
RNU7-99P	16	6748908
RNU6-457P	16	6873899
RNU6-328P	16	7004112
RBFOX1	16	7303282
LINC02152	16	8298492
TMEM114	16	8589838
METTL22	16	8621740
RN7SL743P	16	8683254
RNU7-63P	16	8705517
ABAT	16	8712979
TMEM186	16	8797642
PMM2	16	8797847
CARHSP1	16	8868401
CARHSP1-DT	16	8869167
LITAFD	16	8882413
USP7	16	8936701
USP7-AS1	16	8962607
HAPSTR1	16	9091785
RPL21P119	16	9156881
LINC01177	16	9444985
LINC01195	16	9455505
LINC02177	16	9478024
RNA5SP403	16	9564497
RNA5SP404	16	9600097
IMPDH1P11	16	10111382
GRIN2A	16	10180090
RN7SL493P	16	10222073
ATF7IP2	16	10386089
RNU6-633P	16	10496272
LINC01290	16	10528202
EMP2	16	10580275
TEKT5	16	10690119
MTCYBP33	16	10719762
MTND6P33	16	10719833
MTND5P33	16	10721464
MTND4P34	16	10723068
MTND4LP24	16	10723355
MTND3P13	16	10723766
MTCO3P24	16	10724617
MTATP6P24	16	10725296
NUBP1	16	10743842
TVP23A	16	10818613
CIITA	16	10877233
DEXI	16	10942295
CLEC16A	16	11024313
RPL7P46	16	11027024
HNRNPCP4	16	11242653
SOCS1	16	11256204
TNP2	16	11269429
PRM3	16	11273629
PRM2	16	11276480
PRM1	16	11281330
MIR548H2	16	11306527
RMI2	16	11312900
LITAF	16	11587268
SNN	16	11668747
TXNDC11	16	11742762
TXNDC11-AS1	16	11743004
ZC3H7A	16	11776520
BCAR4	16	11828843
RSL1D1	16	11851520
RSL1D1-DT	16	11851627
COX6CP1	16	11904137
GSPT1	16	11915915
NPIPB2	16	11943566
TNFRSF17	16	11965213
UBL5P4	16	11968743
SNX29	16	12019517
RPS23P6	16	12081237
MIR4718	16	12720321
CPPED1	16	12803854
RPL35AP34	16	12881170
SHISA9	16	12902318
TMF1P1	16	13458326
ERCC4	16	13920191
RPS26P52	16	13922679
LINC02185	16	14016027
LINC02186	16	14021077
MRTFB	16	14071344
TVP23CP2	16	14200357
MIR193BHG	16	14302392
MIR193B	16	14303967
MIR365A	16	14309285
LINC02130	16	14364768
LINC03107	16	14418872
RN7SL274P	16	14602094
PARN	16	14630250
BFAR	16	14632943
RNU7-125P	16	14643788
PLA2G10	16	14694292
NPIPA3	16	14708944
PLA2G10BP	16	14733347
NPIPA2	16	14745435
PLA2G10EP	16	14770075
ABCC6P2	16	14824726
NOMO1	16	14833798
MIR3179-1	16	14901508
MIR3670-1	16	14907717
MIR3180-1	16	14911220
PKD1P3	16	14911551
MIR6511A1	16	14925937
MIR6770-1	16	14930820
NPIPA1	16	14937428
PDXDC1	16	14975104
MIR1972-1	16	15010397
NTAN1	16	15055943
RRN3	16	15094262
NPIPP1	16	15123498
MIR6511B2	16	15134145
PKD1P6	16	15154564
MIR3180-4	16	15155002
PLA2G10GP	16	15358978
NPIPA5	16	15379670
MPV17L	16	15395919
BMERB1	16	15434587
MIR6506	16	15611095
MARF1	16	15643093
MIR484	16	15643294
NDE1	16	15650252
MYH11	16	15856994
RNU6-213P	16	15877266
CEP20	16	15888611
RPL15P20	16	15932294
ABCC1	16	15949594
RPL17P40	16	16095209
ABCC6	16	16223479
NOMO3	16	16245584
MIR3179-2	16	16300159
MIR3670-2	16	16306370
MIR3180-2	16	16309879
PKD1P1	16	16310341
MIR6511A2	16	16324588
MIR6770-2	16	16329305
NPIPA6	16	16333312
PKD1P2	16	16356224
MIR6511A3	16	16368876
NPIPA7	16	16372441
PLA2G10FP	16	16398594
SPRING1P3	16	16953468
TCERG1P2	16	17094927
XYLT1	16	17403501
RPL7P47	16	17932720
PLA2G10IP	16	18313294
NPIPA8	16	18332662
MIR6511A4	16	18344079
PKD1P4	16	18352476
NPIPA9	16	18372785
MIR6770-3	16	18379410
PKD1P5	16	18401940
MIR3180-3	16	18402271
MIR3670-3	16	18405762
MIR3179-3	16	18411977
MIR3670-4	16	18488365
MIR3179-4	16	18494576
NOMO2	16	18562097
ABCC6P1	16	18571227
RPS15A	16	18790272
ARL6IP1	16	18801548
SMG1	16	18896874
SMG1-DT	16	18926498
TMC7	16	18983996
RNU6-1340P	16	19012157
COQ7	16	19067661
COQ7-DT	16	19067822
ITPRIPL2	16	19113948
ITPRIPL2-AS1	16	19121629
SYT17	16	19169021
CLEC19A	16	19285779
LINC02858	16	19334011
TMC5	16	19417828
RNU4-46P	16	19498610
GDE1	16	19521843
CCP110	16	19523942
VPS35L	16	19555725
KNOP1	16	19718173
IQCK	16	19718315
IQCK-AS1	16	19766071
LARP7P2	16	19819628
GPRC5B	16	19884853
GPR139	16	20073828
SNRPEP3	16	20239247
GP2	16	20327470
UMOD	16	20352712
PDILT	16	20404646
ACSM5	16	20411276
ACSM2A	16	20451570
ACSM2B	16	20576285
ACSM5P1	16	20607107
ACSM1	16	20697680
THUMPD1	16	20741815
ACSM3	16	20764003
RNU6-944P	16	20784509
ERI2	16	20806469
REXO5	16	20806527
DCUN1D3	16	20900065
LYRM1	16	20900776
DNAH3	16	21150807
LDAF1	16	21158713
ZP2	16	21211566
ANKS4B	16	21233699
CRYM	16	21278359
ABCA15P	16	21315911
SNX29P1	16	21376648
NPIPB3	16	21425381
SMG1P3	16	21501886
MIR3680-1	16	21506135
SLC7A5P2	16	21520365
METTL9	16	21599592
RNU6-1005P	16	21642054
RNU6-196P	16	21642294
IGSF6	16	21652607
OTOA	16	21694696
RRN3P1	16	21820384
NPIPB4	16	21857658
SMG1P4	16	21916024
ABCA3P1	16	21938865
UQCRC2	16	21953361
PDZD9	16	22001110
MOSMO	16	22008209
VWA3A	16	22092541
SDR42E2	16	22162504
EEF2K	16	22206550
POLR3E	16	22297444
CDR2	16	22374854
CDR2-DT	16	22374873
MFSD13B	16	22382436
RRN3P3	16	22436763
SMG1P1	16	22437401
NPIPB5	16	22513534
OTOAP1	16	22568365
LINC02890	16	22613483
HS3ST2	16	22814329
USP31	16	23118280
SCNN1G	16	23182744
SCNN1B	16	23302325
RN7SKP23	16	23412380
COG7	16	23453170
CCNYL7	16	23500905
GGA2	16	23510436
SUB1P4	16	23537061
EARS2	16	23557054
UBFD1	16	23557752
NDUFAB1	16	23596297
PALB2-AS1	16	23605841
PALB2	16	23641288
DCTN5	16	23641493
PLK1	16	23678971
ERN2	16	23713221
CHP2	16	23754764
PRKCB	16	23836229
MIR1273H	16	24203116
LINC02194	16	24236104
CACNG3	16	24256310
RNU7-24P	16	24400117
RBBP6	16	24540547
LINC01567	16	24671062
TNRC6A	16	24791588
SLC5A11	16	24845989
ARHGAP17	16	24959981
LINC02175	16	25067014
SCML2P2	16	25069570
LCMT1-AS1	16	25111555
LCMT1	16	25111778
LCMT1-AS2	16	25148999
RN7SL557P	16	25185538
AQP8	16	25216947
ZKSCAN2	16	25257818
ZKSCAN2-DT	16	25258283
LINC02191	16	25433686
CYCSP39	16	25454647
HS3ST4	16	25789352
MIR548W	16	26025237
RNA5SP405	16	26028912
HMGN2P3	16	26032811
HSPE1P16	16	26063097
LINC02195	16	26595655
C16orf82	16	27066927
EEF1A1P38	16	27135179
LINC02129	16	27177313
KDM8	16	27203975
NSMCE1	16	27268739
NSMCE1-DT	16	27268872
IL4R	16	27313983
IL21R	16	27427261
IL21R-AS1	16	27453393
GTF3C1	16	27496019
KATNIP	16	27623529
RNU6-159P	16	27863251
RNU6-1241P	16	27998401
GSG1L	16	28063472
TPRKBP2	16	28111647
XPO6	16	28167660
RNY1P10	16	28183318
GAPDHP35	16	28240668
SBK1	16	28275885
NPIPB6	16	28360081
MIR6862-1	16	28391051
EIF3CL	16	28403830
CDC37P2	16	28413703
NPIPB7	16	28471039
CLN3	16	28492029
APOBR	16	28494641
IL27	16	28509442
NUPR1	16	28538974
SGF29	16	28553976
SULT1A2	16	28597068
SULT1A1	16	28610023
NPIPB8	16	28638065
CDC37P1	16	28701540
EIF3C	16	28711491
MIR6862-2	16	28724252
PLA2G10DP	16	28740781
NPIPB9	16	28751787
PLA2G10KP	16	28777534
ATXN2L	16	28825368
MIR4721	16	28844007
TUFM	16	28846337
SH2B1	16	28863781
ATP2A1	16	28879052
ATP2A1-AS1	16	28879942
RABEP2	16	28925396
CD19	16	28931971
NFATC2IP	16	28950990
MIR4517	16	28958583
NFATC2IP-AS1	16	28966436
SPNS1	16	28974801
LAT	16	28985123
NPIPB10P	16	29038655
PLA2G10CP	16	29107445
RRN3P2	16	29115689
SNX29P2	16	29355787
NPIPB11	16	29404029
SMG1P6	16	29447026
BOLA2-SMG1P6	16	29454351
BOLA2	16	29454359
SLX1B	16	29454562
SLX1B-SULT1A4	16	29455157
SULT1A4	16	29460560
PLA2G10HP	16	29478879
NPIPB12	16	29505816
SMG1P2	16	29594966
MIR3680-2	16	29599265
SLC7A5P1	16	29613640
CA5AP1	16	29636328
SPN	16	29663248
QPRT	16	29679137
RN7SKP127	16	29731404
C16orf54	16	29745779
ZG16	16	29778284
KIF22	16	29790752
MAZ	16	29807775
PRRT2	16	29812191
PAGR1	16	29816152
MVP-DT	16	29820366
MVP	16	29829590
CDIPT	16	29863204
CDIPTOSP	16	29863825
SEZ6L2	16	29899259
ASPHD1	16	29900492
KCTD13	16	29926205
KCTD13-DT	16	29926836
TMEM219	16	29962101
TAOK2	16	29977294
HIRIP3	16	29996057
INO80E	16	29996242
DOC2A	16	30012329
C16orf92	16	30023530
TLCD3B	16	30031271
ALDOA	16	30065767
PPP4C	16	30076006
TBX6	16	30091753
YPEL3	16	30096205
YPEL3-DT	16	30096714
GDPD3	16	30109947
MAPK3	16	30123179
CORO1A	16	30183621
CORO1A-AS1	16	30184563
BOLA2B	16	30193687
SLX1A	16	30193907
SLX1A-SULT1A3	16	30194446
SULT1A3	16	30199883
PLA2G10JP	16	30218220
NPIPB13	16	30247581
SMG1P5	16	30335054
CD2BP2	16	30355284
CD2BP2-DT	16	30355436
TBC1D10B	16	30368007
MYL11	16	30374035
SEPTIN1	16	30382577
ZNF48	16	30386866
ZNF771	16	30407597
SNORA80C	16	30419759
DCTPP1	16	30429824
SEPHS2	16	30445874
ITGAL	16	30476545
RNU7-61P	16	30483195
ITGAL-AS1	16	30499554
MIR4518	16	30503919
ZNF768	16	30526693
ZNF747	16	30534919
ZNF747-DT	16	30535069
RPL7L1P16	16	30538231
ZNF764	16	30558272
ZNF688	16	30571692
ZNF785	16	30585707
ZNF689	16	30610386
PRR14	16	30650963
FBRS	16	30661322
RNU6-416P	16	30675402
SRCAP	16	30698561
RNU6-1043P	16	30701435
SNORA30	16	30710537
TMEM265	16	30740642
PHKG2	16	30748435
CFAP119	16	30762070
RNF40	16	30762322
ZNF629	16	30787192
MIR4519	16	30875323
MIR762HG	16	30875779
MIR762	16	30893903
BCL7C	16	30894132
CTF1	16	30896626
CTF2P	16	30910208
FBXL19-AS1	16	30923279
FBXL19	16	30925112
ORAI3	16	30949102
SETD1A	16	30957868
HSD3B7	16	30985210
STX1B	16	31010517
STX4	16	31033571
ZNF668	16	31073249
ZNF646	16	31074423
PRSS53	16	31088943
VKORC1	16	31094902
BCKDK	16	31108406
KAT8	16	31117697
PRSS8	16	31135673
PRSS36	16	31150034
NDUFA3P6	16	31174573
FUS	16	31180150
PYCARD-AS1	16	31201871
PYCARD	16	31202758
TRIM72	16	31214119
PYDC1	16	31217135
ITGAM	16	31273738
ITGAX	16	31355188
ITGAD	16	31408638
COX6A2	16	31428348
ZNF843	16	31442915
ARMC5	16	31458838
TGFB1I1	16	31472162
SLC5A2	16	31483942
RUSF1	16	31508384
RUSF1-DT	16	31508454
AHSP	16	31527914
VN1R64P	16	31546805
LINC02190	16	31553596
VN1R65P	16	31554105
FRG2KP	16	31564783
YBX3P1	16	31569475
KRBOX5P1	16	31603531
VN1R66P	16	31648307
RBM22P12	16	31680847
CLUHP3	16	31703168
KRBOX5	16	31713269
VN1R67P	16	31802497
VN1R3	16	31808844
RBM22P13	16	31863633
ZNF267	16	31873832
IGHV1OR16-1	16	32034853
IGHV1OR16-3	16	32059084
IGHV3OR16-9	16	32066065
HERC2P4	16	32187070
ABHD17AP8	16	32199902
TP53TG3D	16	32253344
CHEK2P7	16	32363695
ACTR3BP3	16	32380049
PABPC1P13	16	32441159
ABCD1P3	16	32478250
FAM153DP	16	32602575
TP53TG3	16	32675866
ABHD17AP7	16	32729537
HERC2P5	16	32742353
IGHV2OR16-5	16	32847713
BCAP31P2	16	32869985
SLC6A10P	16	32885501
IGHV3OR16-15	16	32903442
IGHV3OR16-6	16	32915074
IGHV1OR16-2	16	32978461
IGHV3OR16-10	16	32995048
IGHV1OR16-4	16	33002333
IGHV3OR16-8	16	33009175
HERC2P8	16	33128086
ABHD17AP9	16	33140850
TP53TG3C	16	33194284
TP53TG3E	16	33304325
TP53TG3B	16	33360879
TP53TG3F	16	33459631
CHEK2P6	16	33570935
BMS1P8	16	33698504
ENPP7P13	16	33769421
IGHV3OR16-12	16	33802764
IGHV3OR16-13	16	33827214
IGHV3OR16-17	16	33845229
IGHV3OR16-11	16	33859352
ARHGAP23P1	16	33937024
IGHV3OR16-7	16	33938799
IGHV3OR16-16	16	33950420
BCAP31P1	16	33991551
DUX4L45	16	34136792
PCMTD1P2	16	34139189
DUX4L46	16	34142006
DUX4L47	16	34142456
LINC00273	16	34160036
RNA5-8SP2	16	34162959
BCLAF1P2	16	34268649
CCNYL1B	16	34381077
LINC02184	16	34979889
CCNYL3	16	35032940
CLUHP11	16	35068211
NAMPTP3	16	35085896
VPS35P1	16	35090501
VN1R68P	16	35118956
VN1R69P	16	35134514
UBE2MP1	16	35170241
SLC25A1P4	16	35173316
TP53TG3GP	16	35208236
RARRES2P5	16	35222048
FGFR3P5	16	35235984
FRG2JP	16	35247534
RARRES2P6	16	35255633
AGGF1P8	16	35258630
FRG2HP	16	35336889
RARRES2P9	16	35344559
AGGF1P9	16	35347385
C2orf69P4	16	35352482
LINC01566	16	35363554
FRG2GP	16	35385086
AGGF1P4	16	35390003
FRG2IP	16	35407349
RARRES2P7	16	35414747
AGGF1P5	16	35420291
C2orf69P3	16	35425364
ZNF971P	16	35448146
FRG2DP	16	35479439
RARRES2P10	16	35486225
AGGF1P6	16	35489237
C2orf69P2	16	35492324
TP53TG3HP	16	35506937
RARRES2P8	16	35543645
AGGF1P7	16	35547917
C2orf69P1	16	35552909
C1QL1P1	16	35574834
KIF18BP1	16	35645180
RNA5SP406	16	35734393
RNA5SP407	16	35734639
RNA5SP408	16	35735372
RNA5SP409	16	35735625
RNA5SP410	16	35745989
RNA5SP411	16	35746523
LINC02167	16	35746552
RNA5SP412	16	35746772
RNA5SP413	16	35747032
RNA5SP414	16	35748520
RNA5SP415	16	35750061
RNA5SP416	16	35751574
RNA5SP417	16	35751828
RNA5SP418	16	35752826
RNA5SP419	16	35753796
RNA5SP420	16	35754046
RNA5SP421	16	35754555
RNA5SP422	16	35754923
RNA5SP423	16	35755177
HMGN2P41	16	35803280
VN1R70P	16	35836886
PPP1R1AP2	16	35912120
RNU6-845P	16	46556191
ANKRD26P1	16	46568915
SHCBP1	16	46618672
RAB43P1	16	46626992
VPS35	16	46689171
ORC6	16	46689682
MYLK3	16	46748344
C16orf87	16	46831115
CKBP1	16	46844618
GPT2	16	46884364
DNAJA2	16	46973672
DNAJA2-DT	16	46973740
NETO2	16	47143946
ITFG1-AS1	16	47144323
RPL23AP72	16	47150566
ITFG1-AS2	16	47299447
ITFG1	16	47461061
PHKB	16	47461339
RNA5SP425	16	47505432
EIF4BP5	16	47566884
NDUFA5P11	16	47598996
LINC02133	16	47791573
LINC02192	16	47887258
LINC02134	16	47965675
ABCC12	16	48130931
ABCC11	16	48233724
LONP2	16	48244388
UBA52P8	16	48334854
SIAH1	16	48384883
MOCS1P1	16	48496990
RPS2P44	16	48578369
N4BP1	16	48610179
KLF8P1	16	48718083
RNU6-257P	16	48731801
MTND4LP25	16	49066729
CBLN1	16	49281660
SYNAGE	16	49282128
C16orf78	16	49373804
LINC02179	16	49466106
ADAM3B	16	49518601
MRPS21P7	16	49708006
MRPS21P8	16	49764454
ZNF423	16	49789546
RPL34P29	16	49935028
NCOA5LP	16	49968730
CNEP1R1	16	50025257
ACTG1P16	16	50059231
HEATR3	16	50066246
HEATR3-AS1	16	50066308
RNY4P3	16	50098264
RPL10P14	16	50151577
TENT4B	16	50153733
ADCY7	16	50276842
MIR6771	16	50292616
BRD7	16	50365306
LINC02178	16	50396887
NKD1	16	50586810
NKD1-AS1	16	50613684
SNX20	16	50681318
NOD2	16	50693619
CYLD	16	50742122
MIR3181	16	50742305
CYLD-AS1	16	50742815
CYLD-AS2	16	50803338
LINC02168	16	50806612
RNA5SP426	16	50869575
LINC02128	16	50880088
LINC02127	16	51017613
SOD1P2	16	51107571
SALL1	16	51151521
UNGP1	16	51277852
HNRNPA1L3	16	51599596
RN7SKP142	16	51671563
LINC01571	16	51755348
LINC00919	16	52078508
LINC02180	16	52085231
CASC22	16	52271583
TOX3	16	52547146
CASC16	16	52606957
LINC03064	16	52608167
PHB1P21	16	52934813
MTCH2P4	16	53011286
CHD9NB	16	53052848
CHD9	16	53157164
RNA5SP427	16	53337453
MPHOSPH10P1	16	53373083
RBL2	16	53434470
RNU6-1153P	16	53443332
AKTIP	16	53503230
RPGRIP1L	16	53703841
FTO	16	53879844
LINC02169	16	54270864
IRX3	16	54286724
LINC02140	16	54370464
LINC02183	16	54573602
CRNDE	16	54928339
IRX5	16	54931097
MTND5P34	16	55007982
RN7SL841P	16	55291675
IRX6	16	55324548
RPL31P56	16	55353088
MMP2-AS1	16	55427951
MMP2	16	55480265
LPCAT2	16	55530266
CAPNS2	16	55566684
SLC6A2	16	55656254
CES1P2	16	55728115
CES1P1	16	55760620
CES1	16	55833112
CES5A	16	55900399
GNAO1-DT	16	56189601
GNAO1	16	56192550
MIR3935	16	56245520
AMFR	16	56424995
NUDT21	16	56451332
OGFOD1	16	56451534
BBS2	16	56519977
MT4	16	56565073
MT3	16	56589532
MT2A	16	56608600
MT1L	16	56617563
MT1E	16	56625628
MT1M	16	56632659
MT1JP	16	56635763
MT1A	16	56638666
MT1DP	16	56643725
MT1CP	16	56648248
MT1B	16	56651906
MT1F	16	56657947
MT1G	16	56668049
MT1H	16	56669827
MT1IP	16	56676190
MT1X	16	56682470
DPPA2P4	16	56686851
NUP93-DT	16	56730007
NUP93	16	56747721
MIR138-2	16	56858518
SLC12A3	16	56865211
MIR6863	16	56904264
RPS24P17	16	56906534
HERPUD1	16	56934086
HERPUD1-IT1	16	56940278
CETP	16	56961970
CFAP69P1	16	57014100
NLRC5	16	57026879
CPNE2-DT	16	57092303
CPNE2	16	57092607
PSME3IP1	16	57185903
RSPRY1	16	57186320
ARL2BP	16	57245350
PLLP	16	57284661
RPL23AP91	16	57321352
CCL22	16	57358354
CX3CL1	16	57372507
CCL17	16	57409318
CIAPIN1	16	57447377
COQ9	16	57447494
POLR2C	16	57462674
DOK4	16	57484098
CCDC102A	16	57536591
ADGRG5	16	57542687
HMGB3P32	16	57603137
ADGRG1	16	57628605
ADGRG3	16	57668308
DRC7	16	57694822
MTCH2P3	16	57713782
KATNB1	16	57735817
MIR6772	16	57772352
KIFC3	16	57802444
RNU6-20P	16	57830642
CNGB1	16	57967352
SPMIP8	16	57976561
ZNF319	16	58000562
USB1	16	58001417
MMP15	16	58025752
TIPINP2	16	58092947
CFAP20	16	58129364
CSNK2A2	16	58198072
RN7SL645P	16	58199836
CFAP263	16	58249960
PRSS54	16	58294983
RNU6-269P	16	58378148
GINS3	16	58380219
RNU6-1110P	16	58384542
LINC02137	16	58421332
NDRG4	16	58464318
RNU6-103P	16	58496908
SETD6	16	58515517
SNORA46	16	58548633
SNORA50A	16	58559930
CNOT1	16	58627298
SLC38A7	16	58684710
GOT2	16	58734322
RNU6-1155P	16	58744357
RN7SL143P	16	58770524
GEMIN8P2	16	58776540
RPL12P36	16	58825891
RPS27P27	16	59088837
RNU4-58P	16	59540126
DUXAP11	16	59655602
APOOP5	16	59755026
LINC02141	16	59855353
NPAP1L	16	60359480
GNPATP	16	60656649
RPS27AP16	16	61055914
RN7SKP76	16	61743476
CDH8-AS1	16	61926216
CDH8	16	62035134
RNU6-21P	16	62187646
DPPA3P11	16	62808706
UBE2FP2	16	63181071
RPS15AP34	16	63351149
LINC02165	16	63730214
PPIAP48	16	64736794
CDH11	16	65122041
LINC02126	16	65176723
LINC00922	16	65576297
RNA5SP428	16	66301809
CDH5	16	66371528
LINC00920	16	66408517
BEAN1	16	66427740
BEAN1-AS1	16	66477259
TK2	16	66549797
CKLF	16	66552574
CKLF-CMTM1	16	66552649
CMTM1	16	66566439
CMTM2	16	66579461
CMTM3	16	66604339
CMTM4	16	66666596
DYNC1LI2	16	66743915
DYNC1LI2-DT	16	66751752
TERB1	16	66801584
NAE1	16	66830960
CA7	16	66844673
PDP2	16	66880550
CDH16	16	66918865
RRAD	16	66925535
CIAO2B	16	66934392
CES2	16	66935517
CES3	16	66961290
CES4A	16	66995628
RN7SL543P	16	67019519
CBFB	16	67029169
PHAF1	16	67110147
B3GNT9	16	67151129
TRADD	16	67159892
FBXL8	16	67159989
HSF4	16	67165839
NOL3	16	67171496
MATCAP1	16	67183403
EXOC3L1	16	67190146
E2F4	16	67192205
ELMO3	16	67199150
MIR328	16	67202395
FBXL9P	16	67227016
TMEM208	16	67227151
FHOD1	16	67247470
SLC9A5	16	67248971
PLEKHG4	16	67279532
RN7SKP118	16	67321987
KCTD19	16	67326726
LRRC36	16	67337165
RNU1-123P	16	67390850
TPPP3	16	67393481
ZDHHC1	16	67416467
HSD11B2	16	67431121
ATP6V0D1	16	67481113
ATP6V0D1-DT	16	67481384
AGRP	16	67483547
CTCF-DT	16	67529338
RIPOR1	16	67529791
CTCF	16	67569962
CARMIL2	16	67647869
ACD	16	67660264
PARD6A	16	67660957
ENKD1	16	67666383
C16orf86	16	67666835
GFOD2	16	67719324
RANBP10	16	67806553
TSNAXIP1	16	67807108
CENPT	16	67834212
THAP11	16	67842320
NUTF2	16	67846959
EDC4	16	67873237
NRN1L	16	67884908
PSKH1	16	67893272
CTRL	16	67931768
PSMB10	16	67936839
LCAT	16	67943094
SLC12A4	16	67968602
DPEP3	16	67980528
DPEP2	16	67999475
KARS1P3	16	68004952
DPEP2NB	16	68015911
RNU6-359P	16	68017817
DDX28	16	68023232
DUS2	16	68023283
NFATC3	16	68085443
RPS12P27	16	68209442
MIR6773	16	68233499
ESRP2	16	68236095
PLA2G15	16	68245377
SLC7A6	16	68264582
RNU6-1262P	16	68284318
SLC7A6OS	16	68310882
PRMT7	16	68311063
RNU4-30P	16	68329529
SMPD3	16	68386748
RPL35AP33	16	68477570
RNU4-36P	16	68535515
ZFP90	16	68539315
CDH3	16	68645326
CDH3-AS1	16	68646168
HSPE1P5	16	68686399
RNA5SP429	16	68742480
CDH1	16	68765120
FTLP14	16	68822587
TANGO6	16	68843605
RNU6-898P	16	69007155
RPS2P45	16	69033675
HAS3	16	69106433
DERPC	16	69132369
CHTF8	16	69132569
UTP4	16	69132649
RNU6-22P	16	69175777
SNTB2	16	69187362
VPS4A	16	69311357
PDF	16	69330588
COG8	16	69339499
NIP7	16	69339813
TMED6	16	69350097
TERF2	16	69385584
CYB5B	16	69424619
MIR1538	16	69565868
NFAT5	16	69566062
NQO1-AS1	16	69709874
NQO1	16	69726560
NQO1-DT	16	69726900
NOB1	16	69754920
WWP2	16	69769222
MIR140	16	69933081
CLEC18A	16	69951277
NPIPB14P	16	69996188
MIR1972-2	16	70030346
PDXDC2P	16	70065776
PDXDC2P-NPIPB14P	16	70065785
PDPR	16	70114724
CLEC18C	16	70173972
SMG1P7	16	70246610
EXOSC6	16	70251940
RN7SL279P	16	70276069
AARS1	16	70289504
DDX19B	16	70299169
DDX19A-DT	16	70346754
DDX19A	16	70346902
ST3GAL2	16	70439081
RPS27P26	16	70444912
RNU6-23P	16	70445399
FCSK	16	70454607
COG4	16	70523539
SF3B3	16	70524712
SNORD111B	16	70529509
SNORD111	16	70538005
IL34	16	70618773
MTSS2	16	70680025
VAC14-AS1	16	70758103
VAC14	16	70774659
RNU6ATAC25P	16	70852698
HYDIN	16	71141305
CMTR2	16	71289412
CALB2	16	71358733
LINC02136	16	71426434
TLE7	16	71439177
ZNF23	16	71462236
ZNF19	16	71489276
CHST4	16	71525791
RNU6-1061P	16	71563528
TAT-AS1	16	71564982
TAT	16	71577052
MARVELD3	16	71626185
RNU6-208P	16	71666091
SNORA70D	16	71698701
PHLPP2	16	71723718
SNORD71	16	71758487
AP1G1	16	71808835
ATXN1L	16	71845985
ZNF821	16	71884164
IST1	16	71895524
RPL39P31	16	71991305
PKD1L3	16	72000402
ATP5F1AP3	16	72006543
DHODH	16	72008778
HP	16	72054618
HPR	16	72063207
TXNL4B	16	72093604
DHX38	16	72097160
PMFBP1	16	72172127
LINC01572	16	72664947
ZFHX3-AS1	16	72665137
RNU7-90P	16	72673503
KRT18P18	16	72728616
RNU7-71P	16	72821992
HCCAT5	16	73092508
ZFHX3	16	73094546
LOHAN2	16	73387053
RPSAP56	16	73941652
PPIAP49	16	74220929
PSMD7-DT	16	74296533
PSMD7	16	74296820
PCHILR	16	74313337
RPL21P118	16	74313390
PDPR2P	16	74368148
NPIPB15	16	74377878
CLEC18B	16	74421470
RNU6-237P	16	74456541
GLG1	16	74563325
HSPE1P7	16	74613221
RFWD3	16	74666869
TMPOP2	16	74667506
MLKL	16	74700799
FA2H	16	74774820
WDR59	16	74984826
ZNRF1	16	74999084
LDHD	16	75116767
ZFP1	16	75148527
CTRB2	16	75205976
CTRB1	16	75222610
BCAR1	16	75251627
RNU6-758P	16	75286800
CFDP1	16	75433426
TMEM170A	16	75464689
CHST6	16	75495441
TMEM231P1	16	75505283
CHST5	16	75535677
TMEM231	16	75556240
GABARAPL2	16	75566389
ADAT1	16	75623254
KARS1	16	75647652
TERF2IP	16	75647830
CPHXL2	16	75677009
RN7SL520P	16	75698816
DUXB	16	75701461
ATP5PBP7	16	75709815
CPHXL	16	75726490
RNA5SP430	16	75861157
RPL18P13	16	76235623
CNTNAP4	16	76277595
RN7SKP233	16	76287630
LINC02125	16	76635006
MIR4719	16	76868936
MON1B	16	77191014
SYCE1L	16	77212408
VN2R10P	16	77220406
ADAMTS18	16	77431689
LINC02131	16	77590800
NUDT7	16	77722516
VAT1L	16	77825656
PPIAP50	16	77892422
CLEC3A	16	78022547
KRT8P22	16	78049897
WWOX	16	78099679
WWOX-AS1	16	78241691
LSM3P5	16	78355529
WWOX-AS2	16	78506568
RPS3P7	16	78825281
RNA5SP431	16	79264454
MAF	16	79600714
LINC01229	16	79722383
MAFTRR	16	79770544
LINC01228	16	79827176
DYNLRB2-AS1	16	80540950
DYNLRB2	16	80541025
LINC01227	16	80569701
CDYL2	16	80769698
ARLNC1	16	80846754
CMC2	16	81006856
CENPN	16	81007223
CENPN-AS1	16	81035734
ATMIN	16	81037182
C16orf46	16	81077225
C16orf46-DT	16	81077319
GCSH	16	81096283
RNU6-1191P	16	81106639
PKD1L2	16	81181325
BCO1	16	81238649
GAN	16	81314977
MIR4720	16	81385018
PPIAP51	16	81476519
MIR7854	16	81533902
MIR6504	16	81611348
CMIP	16	81648275
PLCG2	16	81779316
RN7SKP176	16	81961926
SDR42E1	16	82011467
HSD17B2	16	82035263
HSD17B2-AS1	16	82063253
MTCYBP28	16	82121769
MPHOSPH6	16	82170214
MPHOSPH6-DT	16	82170287
RN7SKP190	16	82192790
CDH13	16	82626970
MIR8058	16	82688931
RN7SL134P	16	82844455
CDH13-AS1	16	83398170
MIR3182	16	83508346
CEDORA	16	83772884
CDH13-AS2	16	83805921
HSBP1	16	83808001
MLYCD	16	83903632
OSGIN1	16	83953239
NECAB2	16	83971451
RNA5SP432	16	84040033
SLC38A8	16	84042715
MBTPS1	16	84085026
MBTPS1-DT	16	84116838
HSDL1	16	84145150
DNAAF1	16	84145309
TAF1C	16	84187026
ADAD2	16	84191457
KCNG4	16	84239881
RNA5SP433	16	84262928
WFDC1	16	84294827
ATP2C2	16	84405220
ATP2C2-AS1	16	84467361
MEAK7	16	84504629
COTL1	16	84617809
KLHL36	16	84648525
USP10	16	84700004
CRISPLD2	16	84820005
LINC02176	16	84928385
ZDHHC7	16	85005010
KIAA0513	16	85027798
CIBAR2	16	85110271
LINC02139	16	85137103
COX6CP16	16	85279035
LINC00311	16	85282958
MIR5093	16	85306325
GSE1-AS1	16	85583796
GSE1	16	85613322
RN7SL381P	16	85659378
GINS2	16	85688979
MIR1910	16	85741700
C16orf74	16	85751096
RNU1-103P	16	85781899
EMC8	16	85799537
COX4I1	16	85799696
RPL10AP12	16	85816536
IRF8	16	85902492
MIR6774	16	85918347
LINC02132	16	85936274
LINC01082	16	86196206
LINC02135	16	86286427
LINC01081	16	86301264
LINC00917	16	86349624
FENDRR	16	86508860
FOXF1	16	86510527
RPL7AP63	16	86525457
MTHFSD	16	86555087
FOXC2	16	86566829
FOXC2-AS1	16	86567548
FOXL1	16	86576368
LINC02189	16	86722012
LINC02188	16	86727335
LINC02181	16	87059874
C16orf95	16	87311753
C16orf95-DT	16	87317480
FBXO31	16	87383765
MAP1LC3B	16	87392335
ZCCHC14	16	87491854
ZCCHC14-DT	16	87493236
JPH3	16	87602697
KLHDC4	16	87765933
SLC7A5-AS1	16	87829349
MIR6775	16	87834660
SLC7A5	16	87863639
CA5A	16	87936538
BANP	16	87951487
LINC02182	16	88194213
ZNF469	16	88405215
ZFPM1	16	88453615
MIR5189	16	88468918
ZFPM1-AS1	16	88531053
ZC3H18	16	88581575
IL17C	16	88638581
CYBA	16	88651041
MVD	16	88663082
SNAI3-AS1	16	88663354
SNAI3	16	88686507
RNF166	16	88703602
CTU2	16	88706522
MIR4722	16	88716337
PIEZO1	16	88720430
HSALR1	16	88733990
PIEZO1-AS1	16	88742794
CDT1	16	88804202
APRT	16	88811923
GALNS	16	88856826
TRAPPC2L	16	88857129
PABPN1L	16	88866660
CBFA2T3	16	88941200
ACSF3	16	89098711
LINC00304	16	89159220
LINC02138	16	89166372
CDH15	16	89171760
SLC22A31	16	89200219
ZNF778-DT	16	89217653
ZNF778	16	89219391
ANKRD11	16	89418305
RNU6-430P	16	89443318
CMPK1P2	16	89458870
SPG7	16	89524121
RPL13	16	89560682
SNORD68	16	89561434
CPNE7	16	89575782
DPEP1	16	89613685
CHMP1A	16	89657659
SPATA33	16	89657849
LINC02166	16	89686604
CDK10	16	89686692
SPATA2L	16	89701702
VPS9D1-AS1	16	89714192
VPS9D1	16	89720883
ZNF276	16	89721547
FANCA	16	89804097
SPIRE2	16	89828504
TCF25	16	89873644
MC1R	16	89914847
TUBB3	16	89923345
DEF8	16	89948793
CENPBD1P	16	89972185
AFG3L1P	16	89972616
DBNDD1	16	90019447
GAS8	16	90022671
GAS8-AS1	16	90029634
URAHP	16	90047597
PRDM7	16	90075930
TUBB8P7	16	90094023
FAM157C	16	90106516
RNU6-355P	16	90144592
CICP25	16	90175865
LINC02887	17	76866
SCGB1C2	17	137569
DOC2B	17	181650
LINC02091	17	200394
RPH3AL-AS1	17	331223
RPH3AL	17	341423
RPH3AL-AS2	17	352638
LIAT1	17	410361
RFLNB	17	445939
RPS4XP17	17	657547
VPS53	17	685183
TLCD3A	17	732596
GEMIN4	17	752185
DBIL5P	17	752775
GLOD4	17	782278
MRM3	17	782358
MRM3-AS1	17	790525
NXN	17	902524
TIMM22	17	997123
MIR3183	17	1022559
ABR	17	1079146
ABR-AS1	17	1181760
BHLHA9	17	1270444
TRARG1	17	1279662
YWHAE	17	1400206
CRK-AS1	17	1424624
CRK	17	1456227
MYO1C	17	1485563
INPP5K	17	1516618
PITPNA-AS1	17	1516815
PITPNA	17	1562739
RN7SL105P	17	1604672
SLC43A2	17	1628425
SCARF1	17	1645728
RILP	17	1649851
PRPF8	17	1678290
TLCD2	17	1710377
MIR22	17	1713987
MIR22HG	17	1716247
WDR81	17	1724697
WDR81-AS1	17	1738585
SERPINF2	17	1742871
SERPINF1	17	1762345
SMYD4	17	1829840
RPA1	17	1830002
SDHCP5	17	1858446
RTN4RL1	17	2025334
DPH1	17	2036895
OVCA2	17	2042022
DPH1-AS1	17	2049838
MIR132	17	2050008
MIR212	17	2050380
HIC1	17	2055227
SMG6-AS1	17	2089681
MCUR1P1	17	2127904
RN7SL624P	17	2199762
SMG6	17	2214349
SMG6-IT1	17	2236086
SRR	17	2303960
HNRNPA1P16	17	2306761
SNORD91B	17	2329237
SNORD91A	17	2330370
TSR1	17	2336453
SGSM2	17	2361777
SGSM2-AS1	17	2378526
MNT	17	2395341
METTL16	17	2502280
RN7SL33P	17	2558094
EIF4A1P9	17	2587866
PAFAH1B1	17	2593963
SAMD11P1	17	2613944
RN7SL608P	17	2680958
MIR6776	17	2692919
CLUH	17	2711633
MIR1253	17	2748182
CCDC92B	17	2749652
RAP1GAP2	17	2896812
OR1D5	17	3063607
OR1D2	17	3104422
OR1E3	17	3116427
OR1G1	17	3127551
OR1P1	17	3154882
OR1A2	17	3197519
OR1A1	17	3207603
OR1D4	17	3240676
OR1D3P	17	3265611
OR3A1	17	3298360
OR3A4P	17	3310311
OR1AC1P	17	3377602
OR1R1P	17	3385930
OR3A2	17	3386293
OR1E1	17	3398410
OR3A3	17	3415969
OR1E2	17	3433841
SPATA22	17	3471821
ASPA	17	3475649
TRPV3	17	3552241
TRPV1	17	3592510
SHPK	17	3636250
CTNS	17	3636743
CTNS-AS1	17	3658092
RPL21P125	17	3665220
TAX1BP3	17	3668582
EMC6	17	3668817
P2RX5	17	3696096
P2RX5-TAX1BP3	17	3696194
HASPIN	17	3723903
ITGAE	17	3741246
NCBP3	17	3825569
CAMKK1	17	3893039
P2RX1	17	3916467
ATP2A3	17	3964263
LINC01975	17	3976843
RNA5SP434	17	4056876
ZZEF1	17	4067725
CYB5D2	17	4143211
RYKP1	17	4222091
ANKFY1	17	4225291
MFSD1P1	17	4301372
RN7SL774P	17	4364453
UBE2G1	17	4366628
SPNS3	17	4445102
SPNS2-AS1	17	4499864
SPNS2	17	4533243
MYBBP1A	17	4552544
GGT6	17	4560577
TXNP4	17	4572206
SMTNL2	17	4584564
LINC01996	17	4610010
RNU6-955P	17	4619852
ALOX15	17	4641678
PELP1	17	4704114
PELP1-DT	17	4704187
ARRB2	17	4710664
MED11	17	4731429
CXCL16	17	4739776
ZMYND15	17	4740015
TM4SF5	17	4771885
VMO1	17	4786384
GLTPD2	17	4788964
PSMB6	17	4796163
C17orf114	17	4804670
PLD2	17	4807562
MINK1	17	4833399
ATP6V0CP1	17	4857374
RN7SL784P	17	4882975
C17orf107	17	4899462
CHRNE	17	4902630
GP1BA	17	4932277
SLC25A11	17	4940038
RNF167	17	4940434
PFN1	17	4949061
ENO3	17	4950547
SPAG7	17	4967789
MIR6864	17	4969771
MIR6865	17	4970150
CAMTA2-AS1	17	4987120
CAMTA2	17	4987448
INCA1	17	4997585
KIF1C	17	4997969
KIF1C-AS1	17	5030970
SLC52A1	17	5035435
ZFP3-DT	17	5078113
ZFP3	17	5078467
ZNF232-AS1	17	5104692
ZNF232	17	5111888
USP6	17	5128579
ZNF594	17	5191858
ZNF594-DT	17	5192078
SCIMP	17	5234841
RABEP1	17	5282289
NUP88	17	5419661
RPAIN	17	5420167
C1QBP	17	5438772
DHX33-DT	17	5468629
DHX33	17	5468829
DERL2	17	5486178
MIS12	17	5486569
NLRP1	17	5571569
WSCD1	17	6070451
RNU6-1264P	17	6207163
BTF3P14	17	6323228
AIPL1	17	6435126
PIMREG	17	6444442
PITPNM3	17	6481829
RNA5SP435	17	6601051
KIAA0753	17	6628487
TXNDC17	17	6641034
MED31	17	6651590
C17orf100	17	6651871
MIR4520-2	17	6655449
MIR4520-1	17	6655509
ALOX15P1	17	6657214
SLC13A5	17	6713359
RPL23AP73	17	6749718
XAF1	17	6756050
PRAL	17	6776116
FBXO39	17	6786815
TEKT1	17	6831729
ALOX12P2	17	6893782
SPICP3	17	6928191
ALOX12	17	6996982
MIR497HG	17	7012346
RNASEK	17	7012628
RNASEK-C17orf49	17	7013128
BACC1	17	7014769
MIR195	17	7017701
MIR497	17	7018022
BCL6B	17	7023102
SLC16A13	17	7036056
SLC16A11	17	7043935
CLEC10A	17	7080287
ASGR2	17	7114804
RPL7AP64	17	7140930
ASGR1	17	7179373
DLG4	17	7208340
ACADVL	17	7219932
MIR324	17	7223379
DVL2	17	7234223
PHF23	17	7238906
GABARAP	17	7242358
ELP5	17	7251928
CTDNEP1	17	7251961
CLDN7	17	7263199
SLC2A4	17	7281735
YBX2	17	7294556
EIF5A	17	7307610
GPS2	17	7315328
NEURL4	17	7326680
ACAP1	17	7336591
KCTD11	17	7352025
TMEM95	17	7355156
TNK1	17	7381090
PLSCR3	17	7394535
TMEM256-PLSCR3	17	7403742
TMEM256	17	7404039
NLGN2	17	7406600
SPEM1	17	7420324
SPEM2	17	7425628
SPEM3	17	7428859
TMEM102	17	7435444
FGF11	17	7439880
CHRNB1	17	7445421
ZBTB4	17	7479402
SLC35G6	17	7481446
POLR2A	17	7502085
TNFSF12	17	7549072
TNFSF12-TNFSF13	17	7549099
TNFSF13	17	7558389
SENP3-EIF4A1	17	7563287
SENP3	17	7564812
EIF4A1	17	7573316
SNORA48	17	7574713
SNORD10	17	7576811
SNORA67	17	7577955
CD68	17	7579624
MPDU1-AS1	17	7583761
MPDU1	17	7583854
SOX15	17	7590091
FXR2	17	7601436
SAT2	17	7627825
SHBG	17	7630095
ATP1B2	17	7650925
TP53	17	7686286
WRAP53	17	7688468
EFNB3	17	7705202
DNAH2	17	7730158
RPL29P2	17	7754394
KDM6B	17	7840926
TMEM88	17	7855062
NAA38	17	7857966
CYB5D1	17	7858030
CHD3	17	7894191
SCARNA21	17	7906122
RNF227	17	7915975
KCNAB3	17	7929802
TRAPPC1	17	7931946
CNTROB	17	7932381
GUCY2D	17	8009372
ALOX15B	17	8039049
ALOXE3P1	17	8063936
ALOX12B	17	8079991
MIR4314	17	8088056
ALOXE3	17	8118514
HES7	17	8124092
MIR6883	17	8145071
PER1	17	8152344
VAMP2	17	8162946
SNORD118	17	8173588
TMEM107	17	8176387
MIR4521	17	8186945
BORCS6	17	8190180
AURKB	17	8210582
LINC00324	17	8224053
CTC1	17	8243068
PFAS	17	8249312
RANGRF	17	8288670
SLC25A35	17	8295097
ARHGEF15	17	8311931
ODF4	17	8339881
KRBA2	17	8376674
RPL26	17	8383164
RNF222	17	8395658
NDEL1	17	8435915
RNU7-43P	17	8511125
PPIAP52	17	8560471
MYH10	17	8630740
CCDC42	17	8745219
SPDYE4	17	8758549
MFSD6L	17	8799365
PIK3R6	17	8867674
PIK3R5	17	8911512
PIK3R5-DT	17	8965789
NTN1	17	9021510
STX8	17	9572876
CFAP52	17	9576676
RPL19P18	17	9590482
USP43	17	9645537
DHRS7C	17	9791297
GSG1L2	17	9822079
GLP2R	17	9825894
NPM1P45	17	9853306
RCVRN	17	9903236
GAS7	17	10036599
RPS27AP1	17	10258762
MYH13	17	10373006
MYHAS	17	10383147
MYH8	17	10421950
MYH4	17	10469559
MYH1	17	10518532
MYH2	17	10549640
MYH3	17	10651968
SCO1	17	10697543
ADPRM	17	10697640
MAGOH2P	17	10716511
TMEM220	17	10729985
TMEM238L	17	10801011
PIRT	17	10838085
TMEM220-AS1	17	10844624
RNU6-1065P	17	10858004
RPL15P21	17	10861462
RN7SL601P	17	11157455
SHISA6	17	11241343
DNAH9	17	11713654
ZNF18	17	11995144
RPL21P122	17	12011224
MAP2K4	17	12020882
RNU11-2P	17	12036637
MIR744	17	12081899
LINC00670	17	12549788
MYOCD	17	12666103
MYOCD-AS1	17	12713144
ARHGAP44	17	12789760
ARHGAP44-AS1	17	12790242
MIR1269B	17	12917342
ELAC2	17	13017673
LINC02093	17	13306792
MIR548H3	17	13543646
HS3ST3A1	17	13578986
CDRT15P1	17	14024514
COX10-DT	17	14034312
COX10	17	14069516
CDRT15	17	14236862
HS3ST3B1	17	14301082
RPS18P12	17	14705534
LINC02096	17	14834602
RPL23AP76	17	14948198
CDRT7	17	15030975
CDRT8	17	15106660
MIR4731	17	15251696
PMP22	17	15262548
RNU6-799P	17	15311345
TEKT3	17	15335088
RN7SL792P	17	15408384
RPL9P2	17	15443639
CDRT4	17	15464857
PPIAP53	17	15506866
TVP23C	17	15563470
TVP23C-CDRT4	17	15563472
FBXW10B	17	15607245
ZNF29P	17	15675476
TRIM16	17	15684269
ZNF286A-TBC1D26	17	15699723
ZNF286A	17	15699752
UBE2SP1	17	15704900
TBC1D26	17	15732295
TBC1D26-AS1	17	15764551
CDRT15P2	17	15764703
ZSWIM5P1	17	15771426
RNA5SP436	17	15782341
IL6STP1	17	15783288
MEIS3P1	17	15786618
LINC02087	17	15818044
SPECC1P1	17	15829369
ADORA2B	17	15959496
ZSWIM7	17	15999680
TTC19	17	15999829
RPLP1P11	17	16044621
RPL22P21	17	16084042
RNU6-314P	17	16098704
RNU6-862P	17	16137872
RN7SL442P	17	16191832
NCOR1	17	16215529
PIGL	17	16217241
MIR1288	17	16282014
CENPV	17	16353450
UBB	17	16381200
FTLP12	17	16391434
TRPV2	17	16432055
SNHG29	17	16439014
SNORD49B	17	16439505
SNORD49A	17	16440036
SNORD65	17	16441226
LRRC75A	17	16492172
ZNF287	17	16569195
SRSF6P2	17	16617881
ZNF624	17	16653812
NEK4P2	17	16667118
RNASEH1P2	17	16683438
CCDC144A	17	16690325
RNU6-405P	17	16691798
RN7SL620P	17	16710059
UPF3AP1	17	16746761
SRP68P1	17	16788141
FAM106C	17	16788879
USP32P1	17	16796043
NOS2P4	17	16812447
KRT16P6	17	16822492
KRT16P2	17	16832753
KRT17P1	17	16845815
KRT17P4	17	16851908
COTL1P1	17	16853935
TBC1D27P	17	16932505
TNFRSF13B	17	16972087
LINC02090	17	17016135
MPRIP-AS1	17	17077752
MPRIP	17	17152056
RNU6-767P	17	17170083
RN7SL775P	17	17178414
PLD6	17	17206333
FLCN	17	17237156
ACTG1P24	17	17242010
COPS3	17	17281191
NT5M	17	17303381
RPL13P12	17	17384012
TSEN15P1	17	17456427
MED9	17	17477006
RASD1	17	17496395
RNU6-468P	17	17578631
PEMT	17	17591679
SMCR2	17	17677688
RAI1	17	17723722
RAI1-AS1	17	17774682
SMCR5	17	17779529
MIR6777	17	17813545
MIR33B	17	17813931
SREBF1	17	17818988
TOM1L2	17	17972407
DRC3	17	17972925
BRI3P3	17	17981572
ATPAF2	17	18026535
GID4	17	18039445
DRG2	17	18087960
MYO15A	17	18154054
ALKBH5	17	18183828
LLGL1	17	18225636
FLII	17	18258556
MIEF2	17	18260662
RPL7AP65	17	18311904
RPL21P121	17	18312760
TOP3A	17	18314952
SMCR8	17	18315318
MIR6778	17	18340886
SHMT1	17	18363422
EVPLL	17	18377721
TBC1D3P4	17	18393480
LINC02076	17	18412063
YWHAEP2	17	18418306
KRT17P5	17	18420819
KRT17P2	17	18426927
KRT16P1	17	18439985
KRT16P4	17	18450244
TNPO1P2	17	18460391
LGALS9C	17	18476798
NOS2P2	17	18503282
USP32P2	17	18519674
SRP68P2	17	18527557
FAM106A	17	18587775
CCDC144BP	17	18625447
TBC1D28	17	18644378
PAIP1P2	17	18650195
UBE2SP2	17	18677261
ZNF286B	17	18682037
FOXO3B	17	18682251
TRIM16L	17	18722237
FBXW10	17	18744072
TVP23B	17	18781268
RN7SL627P	17	18840618
PRPSAP2	17	18858115
SLC5A10	17	18952188
FAM83G	17	19004618
GRAP	17	19046978
SNORD3B-1	17	19061912
SNORD3B-2	17	19064136
KYNUP2	17	19082437
SNORD3D	17	19112636
GRAPL	17	19129821
GRAPL-AS1	17	19162642
KYNUP1	17	19169668
SNORD3A	17	19188016
SNORD3C	17	19190245
KYNUP3	17	19208584
EPN2	17	19237419
EPN2-AS1	17	19306261
MIR1180	17	19344574
B9D1	17	19362721
MAPK7	17	19378494
MFAP4	17	19387061
RNF112	17	19411178
LINC02094	17	19419035
RPS2P46	17	19446852
RPL17P43	17	19496943
SLC47A1	17	19533876
SNORA59B	17	19557211
SLC47A1P1	17	19579989
MTND1P14	17	19602259
NMTRQ-TTG12-1	17	19603345
MTND2P12	17	19603797
MTCO1P39	17	19605454
SLC47A1P2	17	19615789
ALDH3A2	17	19648944
SLC47A2	17	19716625
ALDH3A1	17	19746066
ULK2	17	19838504
NDUFB4P3	17	19840126
AKAP10	17	19977819
SPECC1-DT	17	20009234
SPECC1	17	20073538
KCTD9P1	17	20111824
RNU6-258P	17	20126488
RNU6-1057P	17	20290257
CCDC144CP	17	20321317
RNU6-467P	17	20323001
UPF3AP2	17	20376840
SRP68P3	17	20416697
FAM106B	17	20417450
USP32P3	17	20424589
NOS2P3	17	20441027
LGALS9B	17	20462897
TNPO1P3	17	20483991
YWHAEP3	17	20491443
KRT16P5	17	20494155
KRT16P3	17	20502898
KRT17P6	17	20517479
KRT17P7	17	20523747
TBC1D3P3	17	20550963
COTL1P2	17	20564538
CDRT15L2	17	20579724
MEIS3P2	17	20589058
ZSWIM5P2	17	20591180
LINC02088	17	20633349
RNFT1P3	17	20754501
HNRNPA1P19	17	20771427
OLA1P2	17	20775642
SCDP1	17	20784645
ABHD17AP6	17	20814620
RNU6-1178P	17	20894638
CCDC144NL	17	20896072
RNASEH1P1	17	20902680
CCDC144NL-AS1	17	20920964
SPECC1P2	17	20956682
USP22	17	21042989
LINC01563	17	21075556
DHRS7B	17	21126969
TMEM11	17	21214163
TMEM11-DT	17	21214331
RN7SL426P	17	21229628
NATD1	17	21253410
EIF1P5	17	21260501
MAP2K3	17	21284742
KCNJ12	17	21376874
PDLIM1P2	17	21445439
RPL21P120	17	21504558
LINC02693	17	21574303
KCNJ18	17	21692523
NCOR1P2	17	22070538
UBBP4	17	22204093
FTLP13	17	22221221
LINC02002	17	22266367
FAM27E5	17	22299033
MTND6P35	17	22519504
MTCYBP13	17	22519617
MTND1P15	17	22524738
MTND2P13	17	22525899
NMTRS-TGA3-1	17	22528921
MTATP6P3	17	22529934
MTCO3P13	17	22530612
WEE1P2	17	22704415
PDLIM1P3	17	27003259
GTF2IP6	17	27047934
VN1R71P	17	27057399
TUFMP1	17	27084036
RPL34P31	17	27274107
RPS16P8	17	27280482
MIR4522	17	27293996
WSB1	17	27294112
LINC03146	17	27333157
SYPL1P2	17	27352584
TBC1D3P5	17	27418005
MSANTD3P1	17	27527223
KSR1	17	27582965
ITM2BP1	17	27613251
LGALS9	17	27631221
NOS2P1	17	27665712
CPDP1	17	27678087
LGALS9DP	17	27746132
NOS2	17	27793780
LYRM9-AS1	17	27874645
LYRM9	17	27893359
LINC01992	17	27988871
NLK	17	28042677
RPS29P22	17	28116406
PYY2	17	28227306
ERVE-1	17	28235281
PPY2P	17	28247444
KRT18P55	17	28318389
TMEM97	17	28319206
IFT20	17	28335452
TNFAIP1	17	28335799
POLDIP2	17	28357507
VMA12	17	28357658
MIR4723	17	28360654
SEBOX	17	28365199
VTN	17	28370425
SARM1	17	28384748
SLC46A1	17	28406184
H3P41	17	28416922
RPS7P1	17	28467822
SLC13A2	17	28473644
FOXN1	17	28506348
UNC119	17	28552616
PIGS	17	28571505
ALDOC-AS1	17	28573117
ALDOC	17	28576892
SPAG5	17	28585330
SPAG5-AS1	17	28599150
RSKR	17	28614173
BLTP2	17	28645111
RPS12P28	17	28655557
SDF2	17	28661915
SUPT6H	17	28666590
PROCA1	17	28711091
RAB34	17	28718199
RPL23A	17	28720254
SNORD42B	17	28720550
SNORD4A	17	28722582
SNORD42A	17	28723429
SNORD4B	17	28723682
TLCD1	17	28726582
NEK8	17	28728789
TRAF4	17	28744070
RPL31P58	17	28802444
FAM222B	17	28812702
ERAL1	17	28855025
MIR451B	17	28861371
MIR451A	17	28861440
MIR144	17	28861618
MIR4732	17	28861730
FLOT2	17	28897661
DHRS13	17	28903015
PHF12	17	28950904
SEZ6	17	28981872
PIPOX	17	29043141
MYO18A	17	29140386
TWF1P1	17	29204474
CRYBA1	17	29246866
NUFIP2	17	29294131
RPL35AP35	17	29340822
RNU4-34P	17	29388560
MIR4523	17	29390662
TAOK1	17	29390694
RNU6-711P	17	29424867
RNU6-1034P	17	29445400
ABHD15-AS1	17	29560547
ABHD15	17	29567037
TP53I13	17	29568686
GIT1	17	29589592
ANKRD13B	17	29593431
CORO6	17	29622866
RNU6-920P	17	29641702
RPL21P123	17	29716685
RPL9P30	17	29855759
SSH2	17	29930084
EFCAB5	17	29942648
RNY4P13	17	30059147
NSRP1	17	30116829
MIR423	17	30117079
MIR3184	17	30117160
SLC6A4	17	30235829
RNU6-1267P	17	30288177
BLMH	17	30291920
TMIGD1	17	30334059
RNU6-990P	17	30360463
CPD	17	30441393
GOSR1	17	30477423
ALOX12P1	17	30529688
TBC1D29P	17	30553502
KRT17P3	17	30571748
SMURF2P1	17	30600865
SH3GL1P2	17	30624413
LRRC37BP1	17	30629680
RN7SL316P	17	30702775
SUZ12P1	17	30731886
CRLF3	17	30817328
ATAD5	17	30831970
RNU6-298P	17	30861843
TEFM	17	30906235
ADAP2	17	30921944
RN7SL138P	17	30959564
LINC02978	17	30965500
RNF135	17	30971045
DPRXP4	17	30975387
MIR4733	17	31094425
MIR4733HG	17	31095482
NF1	17	31249118
OMG	17	31297234
EVI2B	17	31314105
EVI2A	17	31321641
AK4P1	17	31345519
RN7SL79P	17	31465543
RAB11FIP4	17	31488054
RN7SL45P	17	31518432
MIR4724	17	31534883
MIR193A	17	31559996
RNU6ATAC7P	17	31563894
MIR365BHG	17	31571100
MIR4725	17	31575269
MIR365B	17	31575411
RNU6-1134P	17	31713753
GPR160P2	17	31759795
COPRS	17	31859213
UTP6	17	31901669
SUZ12	17	31937013
RNA5SP437	17	31963933
LRRC37B	17	32021377
SH3GL1P1	17	32040437
WDR45BP1	17	32112590
RHOT1	17	32142568
ARGFXP2	17	32151504
UBL5P2	17	32228108
RHBDL3	17	32265836
C17orf75	17	32342167
OOSP1P2	17	32344124
MIR632	17	32350109
ZNF207	17	32350175
PSMD11	17	32444494
CDK5R1	17	32487087
MYO1D-AS1	17	32655786
MYO1D	17	32756262
MYO1D-DT	17	32877062
H2BN1	17	32895433
TMEM98	17	32928173
SPACA3	17	32991869
ASIC2	17	33293295
TLK2P1	17	34039872
RNA5SP438	17	34120167
LINC01989	17	34189904
CCL2	17	34255279
CCL7	17	34270222
CCL11	17	34285742
CCL8	17	34319435
CCL13	17	34356982
CCL1	17	34363233
TMEM132E-DT	17	34579279
TMEM132E	17	34579582
CCT6B	17	34961459
ZNF830	17	34961952
LIG3	17	34980699
RFFL	17	35088849
RNU6-840P	17	35093909
RAD51D	17	35119807
FNDC8	17	35121615
NLE1	17	35142297
UNC45B	17	35147813
SPICP2	17	35190961
SLC35G3	17	35194393
SLFN5	17	35243072
SLFN11	17	35373619
UFM1P2	17	35377678
SLFN12	17	35433145
SLFN13	17	35448766
SLFN12L	17	35487857
E2F3P1	17	35490009
TAF5LP1	17	35498218
TOMM20P2	17	35515186
SLFN14	17	35559458
SNHG30	17	35568109
SNORD7	17	35573657
PEX12	17	35578571
AP2B1	17	35587452
RASL10B	17	35731685
GAS2L2	17	35753239
C17orf50	17	35760897
MMP28	17	35795614
TAF15	17	35809507
HEATR9	17	35868867
CCL5	17	35880576
LRRC37A9P	17	35918010
RDM1	17	35930740
LYZL6	17	35943670
CCL16	17	35981497
CCL14	17	35986729
CCL15	17	35999961
CCL15-CCL14	17	36001586
CCL23	17	36017962
CCL18	17	36067323
CCL3-AS1	17	36074608
CCL3	17	36090143
CCL4	17	36103834
RN7SL301P	17	36110150
TBC1D3B	17	36176592
CCL3L3	17	36196747
CCL4L2	17	36210993
TBC1D3I	17	36264514
TBC1D3G	17	36324284
TBC1D3H	17	36388435
RNU6-1192P	17	36404932
TBC1D3F	17	36439566
TBC1D3JP	17	36457535
ZNHIT3	17	36486697
RNA5SP439	17	36491322
MYO19	17	36534816
PIGW	17	36535258
GGNBP2	17	36544934
DHRS11	17	36591883
MRM1	17	36601603
LHX1-DT	17	36936132
LHX1	17	36937475
AATF	17	36949014
MIR2909	17	37033745
HMGB1P24	17	37144291
ACACA	17	37315083
C17orf78	17	37375985
TADA2A	17	37407224
DUSP14	17	37490122
SYNRG	17	37609397
MIR378J	17	37615039
DDX52	17	37643433
HNF1B	17	37745059
YWHAEP7	17	37855228
RNU6-489P	17	37907957
TBC1D3K	17	37924726
TBC1D3L	17	37989060
TBC1D3D	17	38004676
TBC1D3C	17	38068634
TBC1D3E	17	38127951
RNA5SP526	17	38144287
TBC1D3	17	38193286
NPEPPSP1	17	38257152
MRPL45	17	38297154
GPR179	17	38343847
SOCS7	17	38352228
ARHGAP23	17	38470759
SRCIN1	17	38563996
EPOP	17	38674957
MIR4734	17	38702331
MLLT6	17	38708015
MIR4726	17	38719691
CISD3	17	38730341
RNA5SP440	17	38731920
PCGF2	17	38748378
PSMB3	17	38752764
RNU6-866P	17	38755400
PIP4K2B	17	38799522
CWC25	17	38825316
MIR4727	17	38825838
SPMAP1	17	38841438
SNORA21B	17	38851659
SNORA21	17	38852994
RPL23	17	38853737
LASP1	17	38870057
MIR6779	17	38914979
LASP1NB	17	38925614
FBXO47	17	38967403
LINC02079	17	39027436
LRRC37A11P	17	39033109
RDM1P5	17	39057064
PLXDC1	17	39151647
ARL5C	17	39166613
CACNB1	17	39197640
RPL19	17	39200332
STAC2	17	39225863
FBXL20	17	39401648
MED1	17	39451268
CDK12	17	39471514
RNU6-233P	17	39546244
NEUROD2	17	39607320
PPP1R1B	17	39627915
STARD3	17	39637370
TCAP	17	39665349
PNMT	17	39668453
PGAP3	17	39688001
ERBB2	17	39700024
MIR4728	17	39726495
MIEN1	17	39730513
GRB7	17	39738343
KRT8P34	17	39836080
IKZF3	17	39864127
ZPBP2	17	39868209
GSDMB	17	39918590
ORMDL3	17	39927023
LRRC3C	17	39927732
GSDMA	17	39963004
PSMD3	17	39980831
PSMD3-AS1	17	40014705
CSF3	17	40015445
MIR6884	17	40026409
SNORD124	17	40027645
MED24	17	40054345
THRA	17	40062965
NR1D1	17	40100589
MSL1	17	40123837
CASC3	17	40140524
MIR6866	17	40161933
RAPGEFL1	17	40177470
MIR6867	17	40193597
WIPF2	17	40219436
CDC6	17	40287884
RARA	17	40323676
RARA-AS1	17	40343136
GJD3-AS1	17	40362112
GJD3	17	40364737
PPIAP54	17	40367952
RNA5SP441	17	40374089
TOP2A	17	40408483
RPL23AP75	17	40439917
IGFBP4	17	40443448
TNS4	17	40480875
CCR7	17	40563236
SMARCE1	17	40647831
KRT222	17	40665175
KRT224P	17	40689360
KRT24	17	40703752
KRT223P	17	40721932
KRT25	17	40755331
KRT26	17	40772201
KRT27	17	40780285
KRT28	17	40799959
KRT10-AS1	17	40819168
KRT10	17	40822614
KRT12	17	40866524
KRT20	17	40885242
KRT23	17	40937545
KRT39	17	40966886
KRT40	17	40987012
KRTAP3-3	17	40994164
KRTAP3-2	17	40999906
KRTAP3-4P	17	41004760
KRTAP3-1	17	41014226
KRTAP1-5	17	41027208
KRTAP1-4	17	41030195
KRTAP1-3	17	41034874
KRTAP1-1	17	41041450
KRTAP2-1	17	41047316
KRTAP2-2	17	41055230
KRTAP2-3	17	41060114
KRTAP2-4	17	41065879
KRTAP2-5P	17	41071946
KRTAP4-7	17	41084150
KRTAP4-8	17	41098142
KRTAP4-16	17	41102209
KRTAP4-9	17	41105389
KRTAP4-11	17	41118373
KRTAP4-12	17	41124182
KRTAP4-6	17	41140544
KRTAP4-5	17	41149825
KRTAP4-4	17	41160748
KRTAP4-3	17	41168221
KRTAP4-2	17	41178221
KRTAP4-1	17	41184911
KRTAP4-17P	17	41187136
KRTAP9-1	17	41189887
KRTAP9-12P	17	41212706
KRTAP9-2	17	41226648
KRTAP9-3	17	41232449
KRTAP9-8	17	41237999
KRTAP9-4	17	41249687
KRTAP9-9	17	41255384
KRTAP9-6	17	41265378
KRTAP9-11P	17	41271311
KRTAP9-7	17	41275698
KRTAP9-10P	17	41280604
KRTAP29-1	17	41302851
KRTAP16-1	17	41309309
KRTAP17-1	17	41315710
TBC1D3P7	17	41323427
KRT33A	17	41350828
KRT33B	17	41369813
KRT34	17	41382306
KRT31	17	41397608
KRT41P	17	41411775
KRT37	17	41424585
KRT38	17	41440983
KRT43P	17	41454055
KRT32	17	41467386
RNU2-32P	17	41467956
KRT35	17	41481151
KRT36	17	41491228
KRT13	17	41505604
MIR6510	17	41517217
KRT15	17	41521774
KRT19	17	41525558
LINC00974	17	41554495
KRT9	17	41572056
KRT14	17	41584471
KRT16	17	41612833
KRT17	17	41624296
KRT42P	17	41628770
EIF1	17	41688895
GAST	17	41712331
RNA5SP442	17	41718154
HAP1	17	41725897
RN7SL399P	17	41730405
JUP	17	41786426
P3H4	17	41811949
FKBP10	17	41812965
NT5C3B	17	41836228
KLHL10	17	41836299
KLHL11	17	41865423
ACLY	17	41918989
ODAD4	17	41930641
CNP	17	41967107
DNAJC7	17	42017423
NKIRAS2	17	42020096
C17orf113	17	42047382
ZNF385C	17	42065365
DHX58	17	42112693
KAT2A	17	42121329
HSPB9	17	42122804
RAB5C-AS1	17	42154432
RAB5C	17	42154983
KCNH4	17	42181111
HCRT	17	42185452
GHDC	17	42194475
STAT5B	17	42276387
STAT5A	17	42288499
STAT3	17	42388441
CAVIN1	17	42423232
RNU7-97P	17	42440259
ATP6V0A1	17	42458926
MIR548AT	17	42494773
MIR5010	17	42514188
PTP4A2P1	17	42533532
NAGLU	17	42536523
HSD17B1P1	17	42546764
HSD17B1	17	42552923
HSD17B1-AS1	17	42554798
COASY	17	42562147
MLX	17	42567101
PSMC3IP	17	42577697
RETREG3	17	42609375
TUBG1	17	42609682
ATP5MGP7	17	42647834
HMGB3P27	17	42648178
TUBG2	17	42659285
PLEKHH3	17	42676936
CCR10	17	42683064
CNTNAP1	17	42684980
MIR6780A	17	42708151
EZH1	17	42745030
HMGN2P15	17	42753799
RAMP2	17	42760805
RAMP2-AS1	17	42761119
VPS25	17	42773465
WNK4	17	42780681
COA3	17	42798697
CNTD1	17	42798870
MIR6781	17	42823943
BECN1	17	42824260
PSME3	17	42833418
AOC2	17	42844590
AOC3	17	42853243
AOC4P	17	42867413
LINC00671	17	42886405
RNU6-287P	17	42891435
G6PC1	17	42900800
AARSD1	17	42964430
PTGES3L-AARSD1	17	42980086
PTGES3L	17	42980189
RUNDC1	17	42980563
RPL27	17	42998438
IFI35	17	43006798
VAT1	17	43022380
RND2	17	43025236
RPL21P4	17	43079302
BRCA1	17	43125357
NBR2	17	43125601
BRCA1P1	17	43168249
NBR1	17	43171192
TMEM106A	17	43211880
CCDC200	17	43227485
RNU2-1	17	43233977
RNU2-4P	17	43387417
LINC00910	17	43388335
RNU6-1137P	17	43396091
ARL4D	17	43398973
RNU6-470P	17	43412427
MIR2117HG	17	43444707
MIR2117	17	43444806
RNU6-406P	17	43445507
RNU6-971P	17	43473585
RPL29P31	17	43476198
DHX8	17	43483975
ETV4	17	43546013
MEOX1	17	43661742
LINC02594	17	43679341
WHSC1L2P	17	43720436
SOST	17	43758791
DUSP3	17	43778935
CFAP97D1	17	43781810
CFAP97D1-AS1	17	43784682
MPP3	17	43831937
CD300LG	17	43847148
MPP2	17	43907496
FAM215A	17	43917201
LINC01976	17	43932639
PPY	17	43942274
PYY	17	44004445
NAGS	17	44004689
TMEM101	17	44019447
LSM12	17	44066659
G6PC3	17	44070854
HDAC5	17	44123619
RNU6-131P	17	44135989
HROB	17	44141935
ASB16	17	44170704
ASB16-AS1	17	44186717
TMUB2	17	44187227
ATXN7L3-AS1	17	44198839
ATXN7L3	17	44199352
MIR6782	17	44207839
UBTF	17	44219754
SHC1P2	17	44230228
SLC4A1	17	44268134
RN7SL507P	17	44291151
RNU6-453P	17	44307088
RUNDC3A	17	44308596
RUNDC3A-AS1	17	44309161
SLC25A39	17	44324809
GRN	17	44345303
FAM171A2	17	44363839
RPL7L1P5	17	44365751
ITGA2B	17	44385352
RN7SL258P	17	44409358
GPATCH8	17	44503403
FZD2	17	44557484
SMCO4P1	17	44645411
LINC01180	17	44652712
MEIOC	17	44665108
CCDC43	17	44689762
DBF4B	17	44708728
RN7SL819P	17	44719130
RPL6P26	17	44720597
ADAM11	17	44759252
GJC1	17	44830261
HIGD1B	17	44846353
RN7SL405P	17	44883986
EFTUD2	17	44893413
DNAAF19	17	44899721
FAM187A	17	44903433
GFAP	17	44911319
MIR6783	17	44934681
KIF18B	17	44947704
KIF18B-DT	17	44947912
C1QL1	17	44968303
DCAKD	17	45060680
NMT1	17	45061311
MIR6784	17	45114433
PLCD3	17	45132502
ACBD4	17	45135664
HEXIM1	17	45148475
HEXIM2	17	45161449
HEXIM2-AS1	17	45161546
HEXIM2-AS2	17	45171413
FMNL1-DT	17	45221516
FMNL1	17	45232144
FMNL1-AS1	17	45241875
EFCAB15P	17	45251129
MAP3K14-AS1	17	45255019
SPATA32	17	45262092
MAP3K14	17	45317010
RNA5SP443	17	45327497
ARHGAP27	17	45425623
MIR4315-1	17	45475435
PLEKHM1	17	45488889
LRRC37A4P	17	45550335
RDM1P1	17	45559070
DND1P1	17	45585871
MAPK8IP1P2	17	45602340
RPS26P8	17	45608571
LINC02210-CRHR1	17	45621135
LINC02210	17	45633049
CRHR1	17	45786908
SPPL2C	17	45844881
MAPT	17	45894592
MAPT-AS1	17	45895513
MAPT-IT1	17	45895783
STH	17	45999250
KANSL1	17	46172201
KANSL1-AS1	17	46193600
MAPK8IP1P1	17	46243606
LRRC37A	17	46302034
RN7SL656P	17	46319679
ARL17B	17	46361726
NSFP1	17	46372855
RDM1P2	17	46503946
RN7SL199P	17	46537534
LRRC37A2	17	46545275
FAM215B	17	46562795
ARL17A	17	46579665
NSF	17	46590767
RPS7P11	17	46722167
WNT3	17	46818757
WNT9B	17	46851583
RNU6ATAC3P	17	46921124
GOSR2-DT	17	46923064
GOSR2	17	46923161
MIR5089	17	46973017
RPRML	17	46979253
LRRC37A17P	17	47017193
RN7SL270P	17	47041825
CDC27	17	47189222
MYL4	17	47209078
ITGB3	17	47253853
RNU7-186P	17	47259420
EFCAB13	17	47325182
MRPL45P2	17	47492459
EFCAB13-DT	17	47492486
NPEPPS	17	47569417
KPNB1-DT	17	47649530
KPNB1	17	47650065
TBKBP1	17	47694619
TBX21	17	47733330
OSBPL7	17	47821765
MRPL10	17	47831527
LRRC46	17	47831685
SCRN2	17	47841261
SP6	17	47851866
SP2	17	47896236
SP2-AS1	17	47913584
PNPO	17	47941603
PRR15L	17	47957886
CDK5RAP3	17	47971129
MIR152	17	48037247
COPZ2	17	48037792
NFE2L1-DT	17	48048088
NFE2L1	17	48048782
RNU6-1201P	17	48088784
CBX1	17	48101288
SNX11	17	48107766
MIR1203	17	48156511
SKAP1-AS1	17	48185938
RNU6-1152P	17	48196786
SKAP1-AS2	17	48294375
SKAP1	17	48388109
HOXB1	17	48530960
HOXB2	17	48543909
HOXB-AS1	17	48544654
HOXB-AS2	17	48557262
HOXB3	17	48575550
HOXB4	17	48578350
MIR10A	17	48579947
HOXB5	17	48593779
HOXB-AS3	17	48595970
HOXB6	17	48604610
HOXB7	17	48611017
HOXB8	17	48615292
HOXB9	17	48626358
HOXB-AS4	17	48629112
MIR196A1	17	48632559
LINC03057	17	48646654
LINC02086	17	48663909
RPL9P28	17	48691694
COX6B1P2	17	48713730
PRAC1	17	48723024
PRAC2	17	48723176
MIR3185	17	48724475
HOXB13	17	48728750
RN7SL125P	17	48765847
TTLL6	17	48817065
CALCOCO2	17	48831228
SUMO2P17	17	48875198
ATP5MC1	17	48892810
UBE2Z	17	48908608
SNF8	17	48944747
RNU1-42P	17	48949520
GIP	17	48968596
IGF2BP1	17	48997416
RNU6-826P	17	49036352
B4GALNT2P1	17	49085511
B4GALNT2	17	49132749
GNGT2	17	49210125
ABI3	17	49210709
PHOSPHO1	17	49230742
MIR6129	17	49288454
ZNF652-AS1	17	49361371
ZNF652	17	49362182
PHB1	17	49414876
EIF4EP2	17	49424922
LINC02075	17	49461749
NGFR	17	49496624
MIR6165	17	49510817
NGFR-AS1	17	49574892
NXPH3	17	49576122
SPOP	17	49678032
SLC35B1	17	49707950
FAM117A	17	49788575
SRP14P3	17	49795343
KAT7	17	49814952
TAC4-AS1	17	49845910
TAC4	17	49848043
RNU6-1313P	17	49966176
DLX4	17	49969190
DLX3	17	49994463
PICART1	17	50055737
ITGA3	17	50071306
PDK2	17	50095378
PDK2-AS1	17	50101920
SAMD14	17	50129796
PPP1R9B	17	50150677
SGCA	17	50166011
H1-9P	17	50171936
COL1A1	17	50196595
TILAM	17	50208927
SUMO2P7	17	50235845
TMEM92	17	50274443
TMEM92-AS1	17	50290119
XYLT2	17	50346135
MRPL27	17	50373177
EME1	17	50373253
LRRC59-AS1	17	50395642
LRRC59	17	50397519
MRPS21P9	17	50450725
ACSF2	17	50463480
CHAD	17	50468893
RSAD1	17	50478882
MYCBPAP	17	50508588
EPN3	17	50532764
SPATA20	17	50547195
CACNA1G-AS1	17	50560835
CACNA1G	17	50561358
ABCC3	17	50634883
ANKRD40	17	50707740
LUC7L3	17	50736635
ANKRD40CL	17	50767547
MIR8059	17	50768650
WFIKKN2	17	50834947
RPL5P33	17	50847950
TOB1	17	50865978
TOB1-AS1	17	50909461
SPAG9	17	51056424
NME1	17	51153575
NME1-NME2	17	51153604
NME2	17	51166404
MBTD1	17	51260071
UTP18	17	51260559
LINC02071	17	51334927
LINC02073	17	51422906
RPL7P48	17	51503233
CA10	17	52159030
LINC01982	17	52389836
LINC02089	17	52985502
MTCO1P40	17	53105734
RPS2P48	17	53757870
KIF2B	17	53822927
ISCA1P3	17	54477796
ARL2BPP8	17	54754649
RN7SKP14	17	54770949
TOM1L1	17	54900849
COX11	17	54966030
STXBP4	17	54968775
HLF	17	55267816
MMD	17	55421919
SMIM36	17	55510938
GARS1P1	17	55551649
RNU6-1249P	17	55551810
TMEM100	17	55725601
PCTP	17	55751252
ANKFN1	17	56153492
RPL39P33	17	56573040
NOG	17	56593699
C17orf67	17	56833851
DGKE	17	56834151
RNU6-1158P	17	56871170
MIR3614	17	56891355
TRIM25	17	56908783
COIL	17	56961043
SCPEP1	17	56978153
RNF126P1	17	57045521
AKAP1-DT	17	57085024
AKAP1	17	57085790
MSI2	17	57257070
RN7SL449P	17	57618108
RNU7-134P	17	57685592
CCDC182	17	57745299
RN7SKP94	17	57789449
MRPS23	17	57850051
CUEDC1	17	57898836
VEZF1	17	57988231
SRSF1	17	58007246
DYNLL2-DT	17	58083233
DYNLL2	17	58083920
OR4D1	17	58148416
MSX2P1	17	58157028
OR4D2	17	58168191
EPX	17	58192726
MKS1	17	58219233
LPO	17	58238671
MPO	17	58279178
TSPOAP1	17	58310740
MIR142	17	58331318
MIR142HG	17	58332522
MIR4736	17	58336022
TSPOAP1-AS1	17	58337201
SUPT4H1	17	58352167
RNF43	17	58417309
SETP3	17	58476950
HSF5	17	58488408
MTMR4	17	58514612
SEPTIN4-AS1	17	58518794
SEPTIN4	17	58531791
RNU1-108P	17	58666697
TEX14	17	58675760
RNU1-52P	17	58677737
RNVU1-34	17	58679690
IGBP1C	17	58692045
RAD51C	17	58692622
PPM1E	17	58755854
RNU6-518P	17	58835899
RN7SL716P	17	59059226
TRIM37	17	59106752
RNU2-58P	17	59129458
MIR454	17	59137872
MIR301A	17	59151221
SKA2	17	59155185
PRR11	17	59155749
SPDYE22P	17	59181787
PRR11-AS1	17	59203829
SMG8	17	59210024
GDPD1	17	59220530
SNRPGP17	17	59281130
YPEL2	17	59338438
MIR4729	17	59366083
LINC01476	17	59526853
RNU4-13P	17	59537499
DHX40	17	59565622
CLTC	17	59619909
PTRH2	17	59707426
VMP1	17	59707665
MIR21	17	59841266
RNU6-450P	17	59847544
NDUFB8P2	17	59885015
TUBD1	17	59892908
RPS6KB1	17	59893128
RPS29P21	17	59912197
RNFT1	17	59964734
RNFT1-DT	17	59964964
DHX40P1	17	60002384
TBC1D3P1-DHX40P1	17	60013072
TBC1D3P1	17	60017498
MIR4737	17	60043105
HEATR6	17	60078922
HEATR6-DT	17	60082947
WFDC21P	17	60088465
CA4	17	60149945
SCARNA20	17	60231646
RPL32P32	17	60245647
SEPTIN7P12	17	60256720
H3P42	17	60315834
USP32	17	60348578
CHCT1	17	60422115
RPL12P38	17	60434212
APPBP2	17	60526184
APPBP2-DT	17	60526264
LINC01999	17	60564547
RPSAP66	17	60565671
PPM1D	17	60600332
RNU6-623P	17	60662437
RN7SL606P	17	60696313
RPL36AP46	17	60727482
KRT18P61	17	60810165
HMGN1P28	17	60851382
BCAS3	17	60887144
RN7SL448P	17	60899891
RPL23AP74	17	61069871
BCAS3-AS1	17	61136041
TBX2-AS1	17	61399344
TBX2	17	61399897
LINC02875	17	61411751
TBX4	17	61456455
NACA2	17	61591219
BRIP1	17	61863370
INTS2	17	61927962
RN7SL800P	17	62006016
MED13	17	62032473
POLRMTP1	17	62140639
TBC1D3P2	17	62274115
USP32P4	17	62297026
RPL36AP47	17	62319884
EFCAB3	17	62375385
RNU7-52P	17	62383104
RPS23P7	17	62397397
METTL2A	17	62423892
TLK2	17	62479140
MRC2	17	62680631
RNU6-446P	17	62683905
MARCHF10-AS1	17	62706228
MARCHF10	17	62808228
MARCHF10-DT	17	62808476
PRELID3BP3	17	62841101
MIR633	17	62944215
TRMT112P3	17	62951188
TANC2	17	63148228
DNAJB6P8	17	63182166
DENRP3	17	63332539
CYB561	17	63442852
PPIAP55	17	63471604
ACE	17	63484842
ACE3P	17	63507056
KCNH6	17	63523357
DCAF7	17	63550501
RNU6-288P	17	63573345
TACO1	17	63601020
FAM136DP	17	63611184
MAP3K3	17	63622442
EEF1DP7	17	63636601
LIMD2	17	63700130
STRADA	17	63741785
CCDC47	17	63773594
DDX42	17	63774190
FTSJ3	17	63827064
PSMC5	17	63827474
SMARCD2	17	63837683
TCAM1P	17	63857141
CSH2	17	63873696
GH2	17	63881899
CSH1	17	63896582
CSHL1	17	63911273
GH1	17	63918818
CD79B	17	63932324
SCN4A	17	63961693
PRR29	17	63998405
PRR29-AS1	17	63998955
ICAM2	17	64020592
ERN1	17	64106392
SNHG25	17	64145717
SNORD104	17	64146083
SNORA50C	17	64146339
TEX2	17	64263237
RPL31P57	17	64308690
PECAM1	17	64390860
MILR1	17	64449130
ATP5MFP4	17	64491523
POLG2	17	64496847
MIR3064	17	64500839
MIR5047	17	64501313
DDX5	17	64506314
CEP95	17	64526086
SMURF2	17	64661912
MICOS10P2	17	64747492
KPNA2P3	17	64758603
BPTFP1	17	64762710
ARHGAP27P1-BPTFP1-KPNA2P3	17	64780147
MIR6080	17	64780759
MIR4315-2	17	64822102
RNU7-115P	17	64825819
PLEKHM1P1	17	64829208
RN7SL404P	17	64871784
LRRC37A3	17	64898134
RDM1P4	17	64906018
SLC16A6P1	17	64953683
AMZ2P1	17	64975581
GNA13	17	65056642
RGS9	17	65137438
LINC02563	17	65457541
AXIN2	17	65560303
CEP112	17	66191855
PSMD7P1	17	66197693
APOH	17	66229418
RNA5SP444	17	66267743
PRKCA	17	66302808
RN7SL735P	17	66364029
PRKCA-AS1	17	66416791
RNU6-928P	17	66638271
RNA5SP445	17	66639269
MIR634	17	66787072
CACNG5	17	66877269
RNA5SP446	17	66895491
CACNG4	17	66964708
CACNG1	17	67044594
RPL36AP48	17	67224728
HELZ-AS1	17	67244837
HELZ	17	67245178
RNA5SP447	17	67268110
PSMD12	17	67366580
RN7SL756P	17	67457290
PITPNC1	17	67457538
MIR548AA2	17	67471489
MIR548D2	17	67471585
NOL11	17	67717937
SNORA38B	17	67740669
RPSAP67	17	67777324
RPL17P41	17	67784753
BPTF	17	67914915
RN7SL622P	17	67977698
C17orf58	17	67993649
KPNA2	17	68035733
FBXO36P1	17	68095068
LINC00674	17	68101908
SH3GL1P3	17	68135604
LRRC37A16P	17	68152468
RDM1P3	17	68159043
ARHGAP27P2	17	68198921
AMZ2	17	68248064
SLC16A6	17	68291154
ARSG	17	68319132
MIR635	17	68424548
WIPI1	17	68457474
PRKAR1A	17	68512468
FAM20A	17	68601265
LINC01482	17	68628103
ABCA8	17	68955294
ABCA9-AS1	17	69011983
ABCA9	17	69055131
SEC24AP1	17	69095499
MIR4524B	17	69099542
MIR4524A	17	69099632
ABCA6	17	69141854
ABCA10	17	69224027
SNRPGP4	17	69318733
ABCA5	17	69320791
MAP2K6	17	69502154
LINC01483	17	69593952
LINC01497	17	69961635
LINC01028	17	70051277
KCNJ16	17	70086000
KCNJ2	17	70168618
KCNJ2-AS1	17	70169404
CALM2P1	17	70241324
CASC17	17	71202179
RNU7-155P	17	71298218
MYL6P5	17	71620978
ROCR	17	72027211
LINC01152	17	72030609
LINC02097	17	72089224
SOX9-AS1	17	72120454
SOX9	17	72121196
LINC02003	17	72342870
LINC00511	17	72488315
RPL32P33	17	72627231
RN7SKP180	17	72664152
ATG12P1	17	73068288
SLC39A11	17	73092195
POLR3KP2	17	73163359
SSTR2	17	73165011
COG1	17	73193082
VCF1	17	73232327
MTNAP1	17	73232648
CPSF4L	17	73262116
CDC42EP4	17	73310068
SDK2	17	73437769
LINC02092	17	73755334
LINC00469	17	73776757
LINC02074	17	74134087
RPL38	17	74203673
TTYH2	17	74219130
DNAI2	17	74274266
KIF19	17	74326223
BTBD17	17	74361868
GPR142	17	74367482
RNA5SP448	17	74417704
GPRC5C	17	74432116
CD300A	17	74466658
CD300LB	17	74531474
CD300C	17	74546124
CD300H	17	74567343
CD300LD	17	74592283
CD300LD-AS1	17	74599840
CD300E	17	74623656
CD300LF	17	74712935
RAB37	17	74737219
MIR3615	17	74748613
NHERF1	17	74748641
SLC9A3R1-AS1	17	74748672
NAT9	17	74776323
TMEM104	17	74776506
GRIN2C	17	74861515
FDXR	17	74872987
FADS6	17	74893633
USH1G	17	74923255
OTOP2	17	74924273
OTOP3	17	74935890
HID1-AS1	17	74970694
HID1	17	74972731
CDR2L	17	74987607
MRPL58	17	75012674
RNU6-362P	17	75031097
KCTD2	17	75032612
RN7SL573P	17	75041740
ATP5PD	17	75046978
TRIM80P	17	75074306
SLC16A5	17	75087960
ARMC7	17	75109978
NT5C	17	75131731
JPT1	17	75154243
SUMO2	17	75182959
NUP85	17	75221698
GGA3	17	75261597
MRPS7	17	75261905
MIF4GD	17	75271153
MIF4GD-DT	17	75271383
SLC25A19	17	75289398
RPL36AP7	17	75338827
GRB2	17	75399504
MIR3678	17	75406069
RNU6-938P	17	75409188
TMEM94	17	75456712
MIR6785	17	75498548
CASKIN2	17	75515446
TSEN54	17	75516536
LLGL2	17	75525821
MYO15B	17	75616261
SMIM5	17	75636314
ERLN	17	75646251
RECQL5	17	75660988
SAP30BP	17	75667371
SAP30BP-AS1	17	75684420
ITGB4	17	75721503
GALK1	17	75765181
H3-3B	17	75779775
MIR4738	17	75784607
UNK	17	75784855
UNC13D	17	75844337
WBP2	17	75855308
TRIM47	17	75877730
TRIM65	17	75896930
MRPL38	17	75904878
FBF1	17	75941038
ACOX1	17	75979131
TEN1-CDK3	17	75979252
TEN1	17	75979268
CDK3	17	76000855
EVPL	17	76027231
SRP68	17	76062382
GALR2	17	76074781
ZACN	17	76079205
MIR6868	17	76098076
EXOC7	17	76103248
RNF157-AS1	17	76141003
FOXJ1	17	76141245
ATP5MGP6	17	76202796
RNF157	17	76203685
ATF4P3	17	76226806
UBALD2	17	76265362
QRICH2	17	76307622
RNU6-24P	17	76337316
PRPSAP1	17	76353870
SPHK1	17	76383974
RPL7P49	17	76431124
UBE2O	17	76453145
AANAT	17	76463454
RHBDF2	17	76501374
CYGB	17	76537652
PRCD	17	76540280
SNHG16	17	76557770
SNORD1C	17	76558791
SNORD1B	17	76561109
SNORD1A	17	76561634
ST6GALNAC2	17	76585856
ST6GALNAC1	17	76643679
RNU6-227P	17	76656320
RNY4P36	17	76703727
MXRA7	17	76709597
JMJD6	17	76726606
METTL23	17	76726850
MIR636	17	76736548
SRSF2	17	76737319
MFSD11	17	76737698
RNU6-97P	17	76752912
LINC02080	17	76799044
LINC00868	17	76850176
MGAT5B	17	76868824
SNHG20	17	77088669
SCARNA16	17	77089307
MIR6516	17	77089417
SEC14L1	17	77141070
RNU4-47P	17	77152674
CYCSP40	17	77199543
SEPTIN9-DT	17	77281976
MIR4316	17	77397054
SEPTIN9	17	77400584
LINC01987	17	77728568
LINC01973	17	77888261
RNU1-80P	17	77920098
TNRC6C	17	77959240
UBE2V2P2	17	78066761
RNU6-625P	17	78066947
TMC6	17	78128728
TMC8	17	78132358
C17orf99	17	78153459
EIF5AP2	17	78157403
SYNGR2	17	78168604
TK1	17	78187053
AFMID	17	78187364
BIRC5	17	78214272
TMEM235	17	78231579
THA1P	17	78254416
LINC01993	17	78270990
SOCS3	17	78360075
SOCS3-DT	17	78360469
RN7SL236P	17	78371135
PGS1	17	78378662
DNAH17	17	78465831
DNAH17-AS1	17	78484914
RN7SL454P	17	78533055
SCAT1	17	78632057
RNU6-638P	17	78696797
CYTH1	17	78726005
USP36	17	78840713
RPL9P29	17	78846868
TIMP2	17	78874150
CEP295NL	17	78903201
LGALS3BP	17	78979912
CANT1	17	79009608
C1QTNF1	17	79024170
C1QTNF1-AS1	17	79027652
ENGASE	17	79080666
RBFOX3	17	79595880
MIR4739	17	79707249
LINC02078	17	79707269
ENPP7	17	79731092
CBX2	17	79778163
CBX8	17	79799932
LINC01977	17	79813090
CBX4	17	79839413
LINC01978	17	79919371
LINC01979	17	79925961
TBC1D16	17	80014744
CCDC40	17	80036677
MIR1268B	17	80098828
GAA	17	80101597
EIF4A3	17	80139981
CARD14	17	80178508
SGSH	17	80220332
SLC26A11	17	80220445
RNF213	17	80363512
RNF213-AS1	17	80415117
ENDOV	17	80415453
MIR4730	17	80419418
NPTX1	17	80475812
RPL32P31	17	80542203
RPTOR	17	80545567
RPL31P7	17	80602926
RPL12P37	17	80976454
CHMP6	17	80993211
BAIAP2-DT	17	81034573
BAIAP2	17	81057475
MIR657	17	81125373
MIR3065	17	81125877
MIR338	17	81125949
AATK	17	81130436
MIR1250	17	81133308
PVALEF	17	81165511
CEP131	17	81222958
TEPSIN-AS1	17	81229024
TEPSIN	17	81239040
NDUFAF8	17	81239464
SLC38A10	17	81295294
LINC00482	17	81310196
TMEM105	17	81330422
RENO1	17	81345826
LINC03048	17	81385372
MIR4740	17	81400778
BAHCC1	17	81422277
MIR3186	17	81451188
LINC01971	17	81482897
ACTG1	17	81512814
FSCN2	17	81528532
FAAP100	17	81552382
NPLOC4	17	81597319
TSPAN10	17	81637206
PDE6G	17	81653763
OXLD1	17	81666591
CCDC137	17	81666763
ARL16	17	81683687
HGS	17	81689608
MIR6786	17	81693757
MRPL12	17	81703398
SLC25A10	17	81712307
GCGR	17	81804151
MCRIP1	17	81831252
PPP1R27	17	81834534
P4HB-AS1	17	81843165
P4HB	17	81860514
ARHGDIA	17	81871325
ALYREF	17	81891199
ANAPC11	17	81891749
NPB	17	81901491
PCYT2	17	81911404
SIRT7	17	81918134
MAFG-AS1	17	81922899
MAFG	17	81927160
MILIP	17	81927829
PYCR1-AS1	17	81932398
PYCR1	17	81937296
MYADML2	17	81944841
NOTUM	17	81961397
ASPSCR1	17	81978042
CENPX	17	82022882
LRRC45	17	82023339
RAC3	17	82031706
DCXR	17	82037678
DCXR-DT	17	82037850
RFNG	17	82051434
GPS1	17	82051901
DUS1L	17	82065662
FASN	17	82097324
CCDC57	17	82185172
SLC16A3	17	82229065
MIR6787	17	82236668
CSNK1D	17	82273147
LINC01970	17	82292814
CD7	17	82317565
SECTM1	17	82333743
TEX19	17	82359247
UTS2R	17	82370015
OGFOD3	17	82418574
HEXD	17	82418689
HEXD-IT1	17	82425498
CYBC1	17	82450733
NARF-AS2	17	82458363
NARF	17	82458712
NARF-AS1	17	82477924
NARF-IT1	17	82482098
FOXK2	17	82539817
FOXK2-AS1	17	82588456
WDR45B	17	82648408
MIR4525	17	82668307
RAB40B	17	82680882
FN3KRP	17	82716767
FN3K	17	82735623
ZNF750	17	82840022
TBCD	17	82859495
B3GNTL1	17	83049166
METRNL	17	83084073
RPL23AP87	17	83239926
LINC02564	18	11204
TUBB8B	18	73507
IL9RP4	18	88570
MIR8078	18	112339
ROCK1P1	18	116842
USP14	18	158561
THOC1	18	264590
THOC1-DT	18	268095
COLEC12	18	500701
LINC01925	18	515294
CETN1	18	580380
RN7SKP146	18	586850
CLUL1	18	598032
TYMS	18	657665
TYMSOS	18	657933
ENOSF1	18	712611
RNU1-109P	18	798135
YES1	18	812340
BOLA2P1	18	832238
ADCYAP1	18	905109
LINC01904	18	927993
SLC25A3P3	18	1160404
COX6CP3	18	1177012
RN7SKP72	18	1324085
LINC00470	18	1407055
AIDAP3	18	1929094
METTL4	18	2571437
NDC80	18	2571564
KATNBL1P3	18	2594913
RNU6-340P	18	2649867
CBX3P2	18	2653259
SMCHD1	18	2726636
EMILIN2	18	2847024
CHORDC1P4	18	2946534
LPIN2-AS1	18	2948310
LPIN2-AS2	18	2975719
SNRPCP4	18	2990652
LPIN2	18	3012624
RNU7-25P	18	3093568
MYOM1	18	3180916
MYL12A	18	3247844
MYL12-AS1	18	3261858
MYL12B	18	3262515
RPL31P59	18	3378247
LINC01895	18	3383434
IGLJCOR18	18	3394889
RPL21P127	18	3406818
BOD1P1	18	3415145
TGIF1	18	3449766
GAPLINC	18	3466263
RN7SL39P	18	3571511
DLGAP1-AS1	18	3594099
DLGAP1-AS2	18	3603925
DLGAP1-AS6	18	3653095
DLGAP1	18	3874325
MIR6718	18	3885353
DLGAP1-AS3	18	3890018
RNU6-831P	18	3894805
GAPDHP66	18	3978615
DLGAP1-AS4	18	3993088
DLGAP1-AS5	18	4264632
ELOCP27	18	4459230
PPIAP14	18	5003254
LINC01892	18	5081189
BOD1P2	18	5133229
AKAIN1	18	5197380
LINC00667	18	5238092
LINC00526	18	5238562
ZBTB14	18	5295530
LINC02974	18	5385330
EPB41L3-AS1	18	5463627
EPB41L3	18	5543967
MIR3976HG	18	5748797
MIR3976	18	5840695
TMEM200C	18	5895738
RNU5F-3P	18	6017839
L3MBTL4-AS1	18	6256747
MIR4317	18	6374425
L3MBTL4	18	6414904
RNU6-349P	18	6454962
RPL6P27	18	6463010
LINC01387	18	6541137
RN7SL282P	18	6601540
ARHGAP28-AS1	18	6729969
ARHGAP28	18	6834475
SCML2P1	18	6926944
LINC00668	18	6929929
RNU6-916P	18	6937020
LAMA1	18	7078998
SLC25A51P2	18	7134931
LRRC30	18	7231089
PTPRM	18	8049364
COP1P1	18	8412129
RN7SL50P	18	8471831
THEMIS3P	18	8486997
AKR1B1P6	18	8545635
RAB12	18	8621148
RAB12-AS1	18	8636347
TOMM20P3	18	8688410
GACAT2	18	8707692
MTCL1	18	8782088
RPS4XP19	18	9020029
NDUFV2	18	9102697
NDUFV2-AS1	18	9136550
ANKRD12	18	9136796
TWSG1-DT	18	9334458
TWSG1	18	9334812
RALBP1	18	9475552
RNU2-27P	18	9518260
PPP4R1-AS1	18	9614192
PPP4R1	18	9614396
RNU6-903P	18	9618072
LINC02856	18	9646096
KRT18P8	18	9679493
RAB31	18	9708315
ZNF415P1	18	9785108
RN7SL862P	18	9830627
RNA5SP449	18	9844846
PIGPP4	18	9880886
TXNDC2	18	9885973
VAPA	18	9914057
RNA5SP450	18	9923920
LINC01254	18	10406800
APCDD1	18	10454933
NAPG	18	10526029
MIX23P1	18	10624305
LINC01887	18	10629189
PMM2P1	18	10636670
KIAA0895LP1	18	10724619
PIEZO2	18	10748500
MIR6788	18	10759649
LINC01928	18	11454478
LINC01255	18	11490042
SLC35G4	18	11609596
NPIPB1P	18	11639461
MIR7153	18	11654941
ASNSP6	18	11745626
GNAL	18	11752445
CHMP1B	18	11852596
CHMP1B-AS1	18	11852751
MPPE1	18	11908295
IMPA2	18	11981512
LINC02979	18	12032181
ADGRA3P1	18	12076654
ANKRD62	18	12098274
RNU6-324P	18	12098427
SDHDP1	18	12102470
PMM2P2	18	12192934
MIX23P3	18	12211378
PPIAP56	18	12246589
CIDEA	18	12254702
RNU6-170P	18	12304194
TUBB6	18	12308242
AFG3L2	18	12377232
RNU7-129P	18	12400412
PRELID3A	18	12413920
SPIRE1	18	12656736
CEP76	18	12702639
PSMG2	18	12703003
LINC01882	18	12776137
PTPN2	18	12884198
STK25P1	18	12911186
EIF4A2P1	18	12912844
SEH1L	18	12948030
CEP192-DT	18	12991184
CEP192	18	13019143
C18orf15	18	13239543
LDLRAD4	18	13277728
LDLRAD4-AS1	18	13427475
MIR5190	18	13459947
MIR4526	18	13611114
LDLRAD4-AS2	18	13645685
RN7SL362P	18	13715368
FAM210A	18	13726558
RNMT	18	13726760
MC5R	18	13824846
MC2R	18	13915582
RPL36AP49	18	13919923
ZNF519	18	14132434
FRG2LP	18	14137710
NF1P5	18	14157342
ANKRD20A5P	18	14179395
RNU6-316P	18	14190700
RHOT1P1	18	14222008
CYP4F35P	18	14265484
TERF1P2	18	14378757
FEM1AP2	18	14393909
LONRF2P1	18	14450883
CXADRP3	18	14479267
GRAMD4P7	18	14485806
RNU6-1021P	18	14531782
POTEC	18	14543551
OR4K7P	18	14570844
OR4K8P	18	14613137
SNX19P3	18	14632806
VN1R74P	18	14681106
GTF2IP8	18	14695422
ANKRD30B	18	14748206
RNU6-1210P	18	14759188
MIR3156-2	18	14830166
LINC01906	18	14877611
FGF7P1	18	14890086
LINC01443	18	14950175
LINC01444	18	14970295
BNIP3P3	18	15247997
RNU6-721P	18	15320944
ROCK1	18	20982783
RPL21P128	18	21119661
RNU6-120P	18	21120506
EXOGP1	18	21183499
GREB1L-DT	18	21242116
GREB1L	18	21363593
GREB1L-AS1	18	21451054
ESCO1	18	21600718
SNRPD1	18	21612331
MIR320C1	18	21683510
ABHD3	18	21704767
MIB1	18	21741366
RN7SL233P	18	21793883
MIR133A1	18	21825785
MIR1-2	18	21829088
MIR133A1HG	18	21831441
RNU6-1038P	18	21879801
RNA5SP451	18	21929094
LINC01900	18	21981075
RNU6ATAC20P	18	22130729
GATA6-AS1	18	22168551
GATA6	18	22169494
RNU6-702P	18	22180218
CTAGE1	18	22416391
ATP7BP1	18	22419294
RPS4XP18	18	22586465
RNU6-1032P	18	22647582
RBBP8-AS1	18	22873183
UBE2CP2	18	22900995
MIR4741	18	22933349
RBBP8	18	22933588
RN7SL745P	18	23004564
CABLES1	18	23136424
TMEM241	18	23437939
RIOK3	18	23453301
RMC1	18	23503523
NPC1	18	23586469
ANKRD29	18	23662862
RPS10P27	18	23672748
RPL23AP77	18	23710287
LAMA3	18	23873045
LINC02958	18	23982541
TTC39C-AS1	18	24001686
TTC39C	18	24014791
RNU5A-6P	18	24124285
CABYR	18	24139065
RNA5SP452	18	24170623
RNU6-435P	18	24218300
MIR320C2	18	24321686
OSBPL1A	18	24397784
IMPACT	18	24426699
HRH4	18	24460683
EIF4A3P1	18	24522919
LINC01915	18	24656993
RAC1P1	18	24686351
PPIAP57	18	24690161
LINC01894	18	24987693
WBP2P1	18	25017204
ZNF521	18	25352071
RN7SL97P	18	25818532
SS18	18	26090608
RPS24P18	18	26098839
PSMA8	18	26133874
DHFRP1	18	26171284
NPM1P2	18	26204869
TAF4B	18	26226445
SINHCAFP1	18	26256355
RNU6-1289P	18	26366406
LINC01543	18	26422974
KCTD1	18	26549624
MIR8057	18	26591535
CIAPIN1P	18	26599408
PCAT18	18	26703686
AQP4-AS1	18	26764139
AQP4	18	26865689
ATP6V1E1P2	18	26952558
CHST9	18	27185298
LINC01908	18	27225742
UBA52P9	18	27355764
RBM22P1	18	27420435
PA2G4P3	18	27453657
CDH2-AS1	18	27921552
CDH2	18	28177108
ARIH2P1	18	28651732
RNU6-408P	18	29048620
LINC02879	18	29151586
MIR302F	18	30298910
RNU6-857P	18	30984106
DSC3	18	31042742
DSCAS	18	31101564
DSC2	18	31102421
DSC1	18	31162856
DSG1	18	31330895
RNU6-167P	18	31345467
DSG4	18	31376830
DSG1-AS1	18	31426939
DSG3	18	31447771
DSG2	18	31498183
DSG2-AS1	18	31556905
TTR	18	31576062
B4GALT6	18	31684665
RN7SKP44	18	31718893
LRRC37A7P	18	31724228
SLC25A52	18	31760880
RNU6-1050P	18	31937533
TRAPPC8	18	31943066
PGDP1	18	31962178
RNF125	18	32039504
RNF138	18	32092610
RNA5SP453	18	32176168
MEP1B	18	32190025
CLUHP6	18	32196966
HNRNPA1P7	18	32413176
GAREM1	18	32470450
WBP11P1	18	32511860
KLHL14	18	32772360
RPS27P28	18	32779039
CCDC178	18	33440063
ASXL3-DT	18	33578187
ASXL3	18	33578913
NOL4	18	34222318
DTNA	18	34593387
DTNA-AS1	18	34738654
MAPRE2	18	35041404
ZNF397	18	35241050
ZSCAN30	18	35268090
ZNF271P	18	35290302
ZNF24	18	35344420
ZNF396	18	35377296
RPL7AP67	18	35384025
ZNF24TR	18	35467084
INO80C	18	35497933
GALNT1	18	35581495
MIR3975	18	35591737
NRBF2P1	18	35841759
MIR187	18	35904926
MIR3929	18	35934142
C18orf21	18	35972681
RPRD1A	18	36067542
SLC39A6	18	36129360
ELP2	18	36129922
COSMOC	18	36187420
MOCOS	18	36187509
FHOD3	18	36297727
TPGS2	18	36828842
KIAA1328	18	36832674
CELF4	18	37565770
MIR4318	18	37657135
RPL12P40	18	37672689
RN7SKP182	18	39016344
RNU6-706P	18	39034007
RPL7AP66	18	39335672
MIR924	18	39622175
MIR5583-1	18	39676721
MIR5583-2	18	39676777
RNU6-1242P	18	39678622
MIR924HG	18	39751980
LINC01902	18	39841709
LINC01901	18	39924771
LINC01477	18	40066286
RPL17P45	18	40144504
NPM1P1	18	41789395
PIK3C3	18	41955280
LINC00907	18	42186676
RNA5SP454	18	42270589
RIT2	18	43115676
SYT4	18	43277438
RNA5SP455	18	44071583
KRT8P5	18	44322257
MLECP1	18	44522366
LINC01478	18	44531695
SETBP1-DT	18	44679717
SETBP1	18	44689214
MIR4319	18	44970166
SLC14A2-AS1	18	45449572
SLC14A2	18	45615476
SLC14A1	18	45724543
SIGLEC15	18	45829091
EPG5	18	45937559
RN7SKP26	18	45989945
PSTPIP2	18	46072260
RNY4P37	18	46077099
ATP5F1A	18	46098301
HAUS1	18	46104385
RNU6-1278P	18	46121721
ARK2N	18	46174022
ARK2C	18	46334028
LOXHD1	18	46558029
ST8SIA5	18	46756813
ST8SIA5-DT	18	46756939
PIAS2	18	46917474
KATNAL2	18	46917680
ELOA3DP	18	46964408
ELOA3CP	18	46969912
ELOA3BP	18	47023927
ELOA3P	18	47029842
ELOA2	18	47035621
HDHD2	18	47150474
IER3IP1	18	47176369
RNU6-1131P	18	47234548
SKOR2	18	47250421
MIR4527HG	18	47285714
MIR4527	18	47380496
TPMTP1	18	47630112
MTCO2P2	18	47853457
SMAD2	18	47930792
ZBTB7C-AS1	18	48162039
RNU6-708P	18	48169890
ZBTB7C-AS2	18	48252301
ZBTB7C	18	48392219
RNA5SP456	18	48475600
POLR3GP2	18	48478561
CTIF	18	48539515
MIR4743	18	48670600
CTIF-AS1	18	48834826
SMAD7	18	48948919
DYM-AS1	18	49021723
MIR4744	18	49049768
DYM	18	49460639
PRR13P4	18	49469803
C18orf32	18	49487239
MIR1539	18	49487373
SNORD58C	18	49489308
SNORD58A	18	49491347
SNORD58B	18	49491729
RPL17-C18orf32	18	49492032
RPL17	18	49492444
SRP72P1	18	49496896
LINC02837	18	49499311
LIPG	18	49562063
SMUG1P1	18	49650350
ACAA2	18	49813589
SNHG22	18	49814014
SCARNA17	18	49814133
MYO5B	18	49880496
RNA5SP457	18	49946389
ADAD1P2	18	50063795
MIR4320	18	50126563
RN7SL310P	18	50207278
CFAP53	18	50266499
MBD1	18	50281506
CXXC1	18	50287665
RNA5SP458	18	50319002
SKA1	18	50375046
RPLP0P11	18	50457887
MAPK4	18	50560642
HNRNPA3P16	18	50814392
MRO	18	50820014
RPL17P46	18	50823577
ME2	18	50879161
ELAC1	18	50968029
SMAD4	18	51030293
SRSF10P1	18	51159383
MEX3C	18	51197681
RNU1-46P	18	51283896
LINC01630	18	51392011
SS18L2P2	18	51421674
RSL24D1P9	18	51613110
RPS8P3	18	51845628
VN1R76P	18	52419644
DCC	18	52752230
MIR4528	18	53237101
LINC01919	18	53568461
LINC01917	18	53581059
RPL29P32	18	53605725
SNORA37	18	54222412
MBD2	18	54224617
POLI	18	54271362
STARD6	18	54357860
C18orf54	18	54357951
SNRPGP2	18	54407114
CUPIN1P	18	54412763
DYNAPP1	18	54525434
DYNAPP2	18	54563082
DYNAPP3	18	54578541
DYNAP	18	54591159
RPSAP57	18	54744750
RAB27B	18	54828477
RAB27B-AS1	18	54898095
MAP1LC3P	18	54954403
CCDC68	18	54959455
LINC01929	18	55119585
RNA5SP459	18	55146645
TCF4-AS1	18	55452533
MIR4529	18	55479221
TCF4-AS2	18	55492058
TCF4	18	55585773
RPL21P126	18	55635833
LINC01415	18	55780623
LINC01416	18	55920216
LINC01905	18	56062487
LINC01539	18	56137487
TXNL1	18	56638712
WDR7	18	56721467
WDR7-OT1	18	57027832
LINC-ROR	18	57072050
BOD1L2	18	57147087
LINC02565	18	57171194
RNU6-737P	18	57284708
ST8SIA3	18	57357152
ONECUT2	18	57439875
FECH	18	57586690
NARS1	18	57621808
ATP8B1-AS1	18	57630331
RNU6-742P	18	57755394
ATP8B1	18	57802982
RSL24D1P11	18	57838476
LINC01897	18	57963976
HMGN1P30	18	58019061
NEDD4L	18	58195469
MIR122HG	18	58446243
MIR122	18	58451074
MIR3591	18	58451152
SNORA108	18	58600631
ALPK2	18	58628955
RPL9P31	18	58631259
LINC03110	18	58658517
MALT1-AS1	18	58671337
MALT1	18	58671919
MRPL37P1	18	58690356
RNU6-219P	18	58805268
LINC01926	18	58812391
ZNF532	18	58864361
RNU2-69P	18	58926296
OACYLP	18	58996733
SEC11C	18	59139875
GRP	18	59220266
RAX	18	59273419
CPLX4	18	59318596
LMAN1	18	59355421
CCBE1	18	59697412
RPS26P54	18	59761558
GLUD1P4	18	59778572
RPLP0P12	18	59824025
PMAIP1	18	59900006
PLEKHB2P1	18	59929226
NFE2L3P1	18	59969438
RN7SL342P	18	59972914
ENTR1P1	18	60011143
SINHCAFP2	18	60017441
RNU6-567P	18	60018625
LINC03111	18	60125086
RPS3AP49	18	60149576
RNU4-17P	18	60163567
MC4R	18	60372775
MRPS5P4	18	60519841
GAD3P	18	60611773
CTBP2P3	18	60663115
HMGN1P31	18	60794916
RNU6-116P	18	61391595
RPL30P14	18	61405205
CDH20	18	61412407
LINC01544	18	61748184
RNF152	18	61893734
RPIAP1	18	61958014
PIGN	18	62187010
RELCH	18	62187307
TNFRSF11A	18	62325308
RPL17P44	18	62415678
ACTBP9	18	62442028
ZCCHC2	18	62533201
RN7SL705P	18	62650601
RNU6-142P	18	62731332
PHLPP1	18	62832167
BCL2	18	63318666
KDSR	18	63367200
KDSR-DT	18	63367296
VPS4B	18	63422458
SERPINB5	18	63481902
ATP5MC1P6	18	63496989
SERPINB12	18	63552615
SERPINB13	18	63587369
SERPINB4	18	63644255
SERPINB3	18	63661892
SERPINB11	18	63702632
SERPINB7	18	63767047
SERPINB2	18	63887759
SERPINB10	18	63907958
HMSD	18	63951898
SERPINB8	18	63970119
RPL12P39	18	64072158
LINC01924	18	64125632
LINC00305	18	64149097
LINC01538	18	64260024
LINC01916	18	65423958
CDH7	18	65750832
PRPF19P1	18	66069647
CDH19	18	66604104
RNU6-1037P	18	66946116
MIR5011	18	67081584
RPL31P9	18	67137751
DSEL	18	67516720
DSEL-AS1	18	67695316
FAM32DP	18	67708246
LINC01903	18	67814822
LINC01912	18	68264827
AKR1B10P2	18	68455951
MTL3P	18	68527970
TMX3	18	68715058
CCDC102B	18	68715310
RNU6-39P	18	68858934
SDHCP1	18	68866517
DOK6	18	69643681
CD226	18	69956961
RTTN	18	70139932
SOCS6	18	70289165
LINC01909	18	70335439
LIVAR	18	70337337
LINC01910	18	70384591
LARP7P3	18	70412055
RPS2P6	18	70430231
RN7SL795P	18	70512727
GTSCR1	18	70657052
LINC01541	18	71578946
LINC01899	18	71783261
CBLN2	18	72544342
HNRNPA1P11	18	72618267
RNA5SP460	18	72751952
MIR548AV	18	72853382
NETO1	18	72867591
NETO1-DT	18	72868724
LINC02864	18	73264473
LINC02582	18	73325028
RN7SL401P	18	73744935
FBXO15	18	74147751
TIMM21	18	74148538
RN7SL551P	18	74227506
CYB5A	18	74291953
C18orf63	18	74315839
FAUP1	18	74390297
LINC01922	18	74409431
DIPK1C	18	74457626
CNDP2	18	74496377
CNDP1	18	74534533
ZNF407-AS1	18	74598365
ZNF407	18	74631020
PTGR3	18	75208441
TSHZ1	18	75221058
SMIM21	18	75427682
LINC01898	18	75712407
LINC01893	18	76209469
ZNF516	18	76491369
ZNF516-AS1	18	76491588
ZNF516-DT	18	76495521
LINC00908	18	76615339
LINC01927	18	76638668
ARL2BPP1	18	76704254
CCND3P2	18	76751305
RNU6-346P	18	76800774
ZNF236-DT	18	76822151
RPL26P35	18	76834888
ZNF236	18	76850486
MBP-AS1	18	76978966
MBP	18	77017178
GALR1	18	77251794
BDP1P	18	77437242
RNA5SP461	18	77863567
LINC01029	18	77993724
RNU6-655P	18	78036739
LINC01896	18	78978843
SALL3	18	78982642
ATP9B	18	79087315
NFATC1	18	79400333
LINC03101	18	79539574
CTDP1-DT	18	79679361
CTDP1	18	79680002
KCNG2	18	79797945
SLC66A2	18	79951631
HSBP1L1	18	79964636
TXNL4A	18	79988541
RBFA	18	80034461
RBFADN	18	80064831
SLC25A6P4	18	80077707
ADNP2	18	80109293
PARD6G-AS1	18	80147924
PARD6G	18	80247348
WASH5P	19	66492
MIR1302-11	19	71973
FAM138F	19	79104
OR4G3P	19	94062
OR4G1P	19	104535
OR4F17	19	108873
WBP1LP11	19	145485
OR4F8P	19	157215
SEPTIN14P19	19	191325
CICP19	19	193239
LINC01002	19	209396
RNU6-1076P	19	223261
PLPP2	19	291382
MIER2	19	344793
SPMAP2	19	375295
C2CD4C	19	408949
RNA5SP462	19	453134
SHC2	19	461048
CIMAP1D	19	474880
MADCAM1	19	496485
TPGS1	19	507498
MADCAM1-AS1	19	520402
CDC34	19	532032
GZMM	19	544043
BSG-AS1	19	571776
BSG	19	572595
HCN2	19	589881
POLRMT	19	633534
FGF22	19	639887
RNF126	19	663185
FSTL3	19	680034
RPS2P52	19	690353
PRSS57	19	695475
PALM	19	720802
MISP	19	754546
LINC01836	19	782767
PTBP1	19	797462
MIR4745	19	804940
MIR3187	19	813584
PLPPR3	19	821952
AZU1	19	826467
PRTN3	19	842170
ELANE	19	851014
CFD	19	859665
MED16	19	893184
RNU6-9	19	893484
R3HDM4	19	913189
KISS1R	19	917333
ARID3A	19	927359
WDR18	19	984342
GRIN3B	19	1002477
TMEM259	19	1021115
RNU6-2	19	1021522
CNN2	19	1026617
ABCA7	19	1047473
ARHGAP45	19	1067327
POLR2E	19	1095361
GPX4	19	1104217
SBNO2	19	1168963
HMGB2P1	19	1203209
STK11	19	1205780
CBARP-DT	19	1237572
CBARP	19	1237918
ATP5F1D	19	1241800
MIDN	19	1249756
CIRBP	19	1269332
CIRBP-AS1	19	1270260
FAM174C	19	1276093
EFNA2	19	1285873
RPS15P9	19	1307719
PWWP3A	19	1355748
NDUFS7	19	1383915
GAMT	19	1401515
DAZAP1	19	1407593
RPS15	19	1438401
APC2	19	1450295
C19orf25	19	1479185
PCSK4	19	1490353
REEP6	19	1491176
ADAMTSL5	19	1513019
PLK5	19	1525351
MEX3D	19	1567927
RN7SL477P	19	1570860
MBD3	19	1592392
UQCR11	19	1605456
RNU6-1223P	19	1616595
TCF3	19	1652130
ONECUT3	19	1753506
ATP8B3	19	1811912
MIR1909	19	1816238
REXO1	19	1821805
KLF16-AS1	19	1852382
KLF16	19	1863497
ABHD17A	19	1885196
ADAT3	19	1907743
SCAMP4	19	1908122
CSNK1G2	19	1942459
CSNK1G2-AS1	19	1954586
BTBD2	19	1997424
MKNK2	19	2050853
MOB3A	19	2096288
IZUMO4	19	2096937
AP3D1	19	2151529
DOT1L	19	2212237
DOT1L-AS1	19	2215565
MIR1227	19	2234149
MIR6789	19	2235926
PLEKHJ1	19	2236299
SF3A2	19	2236860
AMH	19	2249323
MIR4321	19	2250639
JSRP1	19	2256437
OAZ1	19	2269648
PEAK3	19	2282175
LINGO3	19	2308154
LSM7	19	2328586
SPPL2B	19	2328687
TMPRSS9	19	2389766
TIMM13	19	2427568
MIR7108	19	2435000
LMNB2	19	2456956
LINC01775	19	2462139
GADD45B	19	2476146
RNU6-993P	19	2503141
ELOCP28	19	2538112
RN7SL121P	19	2595291
MIR7850	19	2630715
GNG7	19	2702692
DIRAS1	19	2721372
SLC39A3	19	2740028
SGTA	19	2783274
THOP1	19	2785538
ZNF554	19	2819934
ZNF555	19	2841454
ZNF556	19	2867335
RPL35AP38	19	2875592
ZNF57	19	2900957
ZNF77	19	2944954
TLE6	19	2980751
TLE2	19	3029034
TLE5	19	3062336
GNA11	19	3114947
RPL35P10	19	3130717
GNA15	19	3136442
GNA15-DT	19	3155175
S1PR4	19	3175557
NCLN	19	3185959
CELF5	19	3248049
NFIC	19	3366565
SMIM24	19	3479805
SMIM44	19	3483441
DOHH	19	3500676
FZR1	19	3506363
TEKTIP1	19	3539172
MFSD12-AS1	19	3544199
MFSD12	19	3557578
HMG20B	19	3572978
GIPC3	19	3585546
TBXA2R	19	3606660
CACTIN-AS1	19	3606872
CACTIN	19	3619191
PIP5K1C	19	3700463
TJP3	19	3721617
APBA3	19	3761637
MRPL54	19	3762686
RAX2	19	3772219
MATK	19	3786397
ZFR2	19	3869025
FTLP5	19	3870991
ATCAY	19	3880685
RN7SL202P	19	3920506
NMRK2	19	3933089
MIR637	19	3961512
DAPK3	19	3970624
SNORD37	19	3982572
EEF2	19	3985112
PIAS4	19	4007751
ZBTB7A	19	4065716
MAP2K2	19	4121088
CREB3L3	19	4153637
SIRT6	19	4182546
ANKRD24	19	4183354
EBI3	19	4229519
YJU2	19	4247117
SHD	19	4279281
TMIGD2	19	4302398
FSD1	19	4304676
STAP2	19	4338827
MPND	19	4343574
EIF1P6	19	4349061
SH3GL1	19	4400458
CHAF1A	19	4402662
MIR4746	19	4445978
UBXN6	19	4452412
HDGFL2	19	4472297
PLIN4	19	4518475
PLIN5	19	4535222
LRG1	19	4540051
SEMA6B	19	4559086
TNFAIP8L1	19	4639918
MYDGF	19	4670342
DPP9-AS1	19	4684555
DPP9	19	4723212
MIR7-3HG	19	4769129
MIR7-3	19	4770670
FEM1A	19	4791734
TICAM1	19	4831712
PLIN3-AS1	19	4838332
PLIN3	19	4867663
ARRDC5	19	4902899
UHRF1	19	4910083
MIR4747	19	4932687
KDM4B	19	4970825
PTPRS-AS1	19	5178119
RPL32P34	19	5277734
PTPRS	19	5286314
ZNRF4	19	5455417
TINCR	19	5567953
SNRPEP4	19	5576938
SAFB2	19	5611542
SAFB	19	5623107
MICOS13	19	5680488
HSD11B1L	19	5681046
RPL36	19	5690263
LONP1	19	5719871
CATSPERD	19	5753511
PRR22	19	5784672
DUS3L	19	5790996
NRTN	19	5805067
FUT6	19	5838760
FUT3	19	5848905
FUT5	19	5869140
NDUFA11	19	5903787
VMAC	19	5904872
CAPS	19	5914254
RANBP3	19	5978094
RANBP3-DT	19	5981215
RFX2-AS1	19	6066882
RPL32P37	19	6072823
RFX2-AS2	19	6109322
RFX2	19	6110500
ACSBG2	19	6135676
MLLT1	19	6279796
ACER1	19	6333612
CLPP	19	6361619
ALKBH7	19	6373132
PSPN	19	6377495
MIR6885	19	6389703
GTF2F1	19	6392558
MIR6790	19	6392983
MIR3940	19	6416511
KHSRP	19	6422027
SLC25A41	19	6433763
SLC25A23	19	6454670
CRB3	19	6464277
DENND1C	19	6480289
TUBB4A	19	6502337
TNFSF9	19	6531026
TGFBR1P1	19	6554494
CLIC4P2	19	6563848
CD70	19	6591914
RPL7P50	19	6593329
TNFSF14	19	6670226
C3	19	6707383
MIR6791	19	6736778
GPR108	19	6737321
TRIP10	19	6739715
SH2D3A	19	6767463
VAV1	19	6784118
ADGRE1	19	6887579
ADGRE4P	19	6990798
MARK2P21	19	7006074
MBD3L2B	19	7021431
MBD3L5	19	7030578
MBD3L4	19	7040179
MBD3L2	19	7049321
MBD3L3	19	7060200
ZNF557	19	7069707
INSR	19	7230922
ARHGEF18-AS1	19	7395046
ARHGEF18	19	7395168
PEX11G	19	7489027
SAXO5	19	7499642
ZNF358	19	7516103
MCOLN1	19	7522671
PNPLA6	19	7536162
CAMSAP3	19	7595886
MIR6792	19	7617439
XAB2	19	7629546
PET100	19	7629811
PCP2	19	7633345
STXBP2	19	7640741
RPS27AP19	19	7665717
RETN	19	7669086
MCEMP1	19	7677095
TRAPPC5	19	7680879
FCER2	19	7701088
CLEC4G	19	7732170
CD209	19	7747526
RPL21P129	19	7750684
CLEC4M	19	7763229
CLEC4GP1	19	7787549
EXOSC3P2	19	7814425
EVI5L	19	7830254
PRR36	19	7873993
LYPLA2P2	19	7880120
LRRC8E	19	7888540
MAP2K7	19	7903886
MAP2K7-AS1	19	7913518
TGFBR3L	19	7915893
SNAPC2	19	7920837
CTXN1	19	7926135
TIMM44	19	7943651
ELAVL1	19	8005621
CCL25	19	8052353
FBN3	19	8147497
CERS4	19	8209376
CD320	19	8308337
NDUFA7	19	8320467
RPS28	19	8321495
KANK3	19	8343260
ANGPTL4	19	8363783
MIR4999	19	8389380
RAB11B-AS1	19	8390068
RAB11B	19	8390363
MARCHF2	19	8413307
HNRNPM	19	8444992
PRAM1	19	8502634
ZNF414	19	8512414
MYO1F	19	8552036
ADAMTS10	19	8605779
NFILZ	19	8630646
ACTL9	19	8698795
OR2Z1	19	8721634
RPL23AP78	19	8729204
ZNF558	19	8832270
MBD3L1	19	8837485
MUC16	19	8896090
BOLA3P2	19	9019344
OR1M4P	19	9083398
OR1M1	19	9090120
OR7G2	19	9107475
OR7G1	19	9115763
OR7G15P	19	9122492
OR7G3	19	9126950
ZNF317	19	9140415
OR7D2	19	9179474
ELOCP29	19	9183048
OR7E16P	19	9191286
OR7E25P	19	9204305
OR7D4	19	9217230
OR7D1P	19	9235144
OR7E24	19	9249137
OR7E18P	19	9261716
OR7E19P	19	9266283
OR7H1P	19	9279369
ZNF699	19	9309731
ZNF559-ZNF177	19	9324202
ZNF559	19	9324235
UBXN2AP1	19	9348703
ZNF177	19	9363524
ZNF266	19	9435541
ZNF560	19	9484254
ZNF426	19	9538613
ZNF426-DT	19	9538709
ZNF121	19	9584497
ZNF561	19	9621220
ZNF561-AS1	19	9621498
ZNF562	19	9675077
RPS4XP22	19	9684073
ZNF812P	19	9694892
UBE2L4	19	9774497
ZNF846	19	9785996
FBXL12	19	9818845
RPL10P15	19	9820141
UBL5	19	9827910
PIN1-DT	19	9835054
PIN1	19	9835340
OLFM2	19	9936365
COL5A3	19	9989695
RDH8	19	10015324
MIR5589	19	10038354
C3P1	19	10071362
SHFL	19	10086343
ANGPTL6	19	10102708
PPAN-P2RY11	19	10106309
PPAN	19	10106419
SNORD105	19	10107651
SNORD105B	19	10109757
P2RY11	19	10111898
EIF3G	19	10119890
DNMT1	19	10162983
MIR4322	19	10230413
S1PR2	19	10231331
MRPL4	19	10252214
ICAM1	19	10271115
LIMASI	19	10271594
ICAM4	19	10286977
ICAM4-AS1	19	10289172
ICAM5	19	10290008
ZGLP1	19	10309799
FDX2	19	10316008
RAVER1	19	10333517
ICAM3	19	10339621
TYK2	19	10380510
CDC37	19	10403532
MIR1181	19	10403538
PDE4A	19	10432435
KEAP1	19	10502716
S1PR5	19	10517447
ATG4D	19	10543917
RNU7-140P	19	10551092
MIR1238	19	10552122
KRI1	19	10565997
CDKN2D	19	10569019
AP1M2	19	10587272
LSM2P1	19	10598965
SLC44A2	19	10625576
ILF3-DT	19	10653875
ILF3	19	10655271
QTRT1	19	10701460
DNM2	19	10718128
MIR638	19	10718404
MIR4748	19	10780254
MIR199A1	19	10817496
MIR6793	19	10828973
TMED1	19	10836205
C19orf38	19	10836665
HIKESHIP2	19	10841839
CARM1	19	10871840
YIPF2	19	10928617
TIMM29	19	10929621
SMARCA4	19	10961257
RN7SL192P	19	11011708
LDLR	19	11089463
MIR6886	19	11113474
SPC24	19	11155767
KANK2	19	11197552
DOCK6-AS1	19	11203618
DOCK6	19	11232543
ANGPTL8	19	11239619
TSPAN16	19	11296160
TSPAN16-AS1	19	11321327
RAB3D	19	11339657
TMEM205	19	11346271
CCDC159	19	11346540
PLPPR2	19	11355482
SWSAP1	19	11374686
EPOR	19	11384298
RGL3	19	11419302
ODAD3	19	11435178
PRKCSH	19	11435686
ELAVL3	19	11480871
MIR7974	19	11495622
ZNF653	19	11505184
RN7SL833P	19	11516330
RPL18AP13	19	11521968
RPS12P32	19	11523436
ECSIT	19	11529122
CNN1	19	11539894
ELOF1	19	11559203
ZNF627	19	11559461
ACP5	19	11578963
GAPDHP76	19	11585246
ZNF887P	19	11648364
HNRNPA1P10	19	11667030
ZNF833P	19	11668701
ZNF823	19	11738946
ZNF441	19	11767046
ZNF491	19	11798527
ZNF440	19	11815076
ZNF439	19	11848812
ZNF69	19	11887818
ZNF700	19	11925107
ZNF763	19	11965047
ZNF433-AS1	19	11987723
RNA5SP464	19	11996809
RNA5SP465	19	12028021
ZNF433	19	12035683
ZNF878	19	12052966
ZNF844	19	12064770
RNA5SP466	19	12070164
ZNF788P	19	12092468
RSL24D1P8	19	12096424
RNA5SP467	19	12106497
ZNF20	19	12140326
RPL17P47	19	12142893
ZNF625	19	12156714
ZNF625-ZNF20	19	12156731
ZNF136	19	12163096
RPL28P5	19	12260126
RPS2P53	19	12284337
ZNF44	19	12294842
ZNF563	19	12333633
ZNF442	19	12365661
RPS29P23	19	12373609
ZNF799	19	12401124
ZNF443	19	12441021
ZNF709	19	12499324
MTND2P40	19	12502675
MTCO1P27	19	12504665
MTCO2P27	19	12504905
MTATP6P27	19	12506249
PPIAP20	19	12508129
ZNF564	19	12551467
LINC02926	19	12552597
PGK1P2	19	12559571
ZNF490	19	12610803
ZNF791	19	12610937
RPL10P16	19	12643919
MAN2B1	19	12666711
WDR83OS	19	12669409
WDR83	19	12669553
DHPS	19	12681667
GNG14	19	12688023
FBXW9	19	12696630
SNORD41	19	12706518
TNPO2	19	12722388
TRIR	19	12734666
GET3	19	12737487
BEST2	19	12751805
HOOK2	19	12775558
MIR5684	19	12787128
JUNB	19	12791486
PRDX2	19	12801787
THSD8	19	12802063
RNASEH2A	19	12806605
RTBDN-AS1	19	12825861
RTBDN	19	12834574
MAST1	19	12847425
MIR6794	19	12852260
DNASE2	19	12881457
KLF1	19	12887199
GCDH	19	12891177
RPS6P25	19	12894133
SYCE2	19	12919293
MIR5695	19	12920320
FARSA-AS1	19	12930522
FARSA	19	12933698
CALR	19	12938613
MIR6515	19	12940484
RAD23A	19	12945873
GADD45GIP1	19	12957223
DAND5	19	12969576
NFIX	19	13024581
LYL1	19	13102791
TRMT1	19	13116721
NACC1	19	13118349
NACC1-AS1	19	13141147
STX10	19	13150275
IER2	19	13150555
IER2-AS1	19	13153952
RPL12P42	19	13158788
CACNA1A	19	13308831
YJU2B	19	13747908
MRI1	19	13764539
C19orf53	19	13774471
ZSWIM4	19	13795443
RN7SL619P	19	13815319
MIR24-2	19	13836359
MIR27A	19	13836517
MIR23A	19	13836659
MIR23AHG	19	13839608
NANOS3	19	13871275
MIR181C	19	13874699
MIR181D	19	13874875
BRME1	19	13906108
CC2D1A	19	13906288
PODNL1	19	13938424
DCAF15	19	13952509
RFX1	19	14006309
RLN3	19	14028176
IL27RA	19	14031768
PALM3	19	14057599
EEF1DP1	19	14070342
MISP3	19	14072786
MIR1199	19	14073361
C19orf67	19	14085789
SAMD1	19	14091013
SMIM46	19	14112476
PRKACA	19	14112647
ASF1B	19	14136584
ADGRL1-AS1	19	14137115
ADGRL1	19	14174192
RN7SL231P	19	14213052
LINC01842	19	14333731
LINC01841	19	14363986
ADGRE5	19	14381419
DDX39A	19	14419073
PKN1	19	14433484
PTGER1	19	14476873
SNRPGP15	19	14489388
GIPC1	19	14496075
DNAJB1	19	14529284
MIR639	19	14529543
TECR	19	14529633
NDUFB7	19	14572061
CLEC17A	19	14583103
RN7SL337P	19	14584095
RN7SL842P	19	14588357
ITGB1P1	19	14622242
YPEL5P4	19	14628599
ADGRE3	19	14674918
ZNF333	19	14690069
ADGRE2	19	14776840
TMEM167AP2	19	14792318
OR7A5	19	14831742
OR7C1	19	14835197
OR7A10	19	14848922
OR7A8P	19	14852944
OR7A2P	19	14864715
OR7A17	19	14885446
OR7A18P	19	14887115
OR7A1P	19	14892804
OR7A3P	19	14904138
OR7A11P	19	14916428
OR7A15P	19	14927052
OR7C2	19	14941489
SLC1A6	19	14979855
TEKTL1	19	15010726
CASP14	19	15052191
OR1I1	19	15084595
SYDE1	19	15107405
ILVBL-AS1	19	15124012
ILVBL	19	15125677
OR10B1P	19	15142062
RNU6-782P	19	15145215
MIR6795	19	15179350
NOTCH3	19	15179659
EPHX3	19	15233445
BRD4	19	15276716
AKAP8	19	15379783
AKAP8L	19	15419000
MIR1470	19	15449548
WIZ	19	15449636
RASAL3	19	15464507
PGLYRP2	19	15480107
CYP4F22	19	15508525
CYP4F23P	19	15564074
RPL23AP2	19	15611657
CYP4F8	19	15622814
CYP4F3	19	15641296
CYP4F10P	19	15664106
CYP4F12	19	15673088
OR10H2	19	15728024
OR10H3	19	15737985
CYP4F24P	19	15779909
OR10H5	19	15790806
OR10H1	19	15811895
ZNF861P	19	15823796
UCA1	19	15828957
UCA1-AS1	19	15863001
CLEC4OP	19	15863802
CYP4F36P	19	15871852
CYP4F2	19	15898071
CYP4F11	19	15934839
OR10H4	19	15946653
CYP4F9P	19	15999020
LINC00661	19	16020483
LINC00905	19	16033444
SNX33P1	19	16036537
OR1AB1P	19	16051929
TPM4	19	16076521
RAB8A	19	16111892
HSH2D-AS1	19	16139856
HSH2D	19	16143715
CIB3	19	16173500
FAM32A	19	16185416
AP1M1	19	16198057
KLF2-DT	19	16324559
KLF2	19	16324833
EPS15L1	19	16471964
CALR3	19	16496130
C19orf44	19	16496423
RN7SL146P	19	16539984
CHERP	19	16542420
SLC35E1	19	16569063
MED26	19	16627943
SMIM7	19	16660117
TMEM38A	19	16661139
NWD1	19	16721345
SIN3B	19	16852524
F2RL3	19	16889094
CPAMD8	19	16897998
RN7SL835P	19	16907462
RN7SL823P	19	16910784
HAUS8	19	17075433
MYO9B	19	17172868
USE1	19	17215391
OCEL1	19	17226253
NR2F6	19	17245650
USHBP1	19	17264745
BABAM1	19	17267460
ANKLE1	19	17281889
MRPL34	19	17297745
ABHD8	19	17306654
DDA1	19	17309564
ANO8	19	17334783
GTPBP3	19	17337555
PLVAP	19	17377348
CCDC194	19	17393240
BST2	19	17405602
BISPR	19	17405749
MVB12A	19	17420068
TMEM221	19	17448488
NXNL1	19	17460926
SLC27A1	19	17470033
PGLS-DT	19	17511512
PGLS	19	17511646
NIBAN3	19	17527289
COLGALT1	19	17555694
RPL21P130	19	17590071
UNC13A	19	17688326
MAP1S	19	17720136
FCHO1	19	17751510
B3GNT3	19	17795137
INSL3	19	17821519
JAK3	19	17844447
RPL18A	19	17859913
SNORA68	19	17862588
SLC5A5	19	17876962
CCDC124	19	17933016
KCNN1	19	17952285
RNA5SP468	19	17972025
ARRDC2	19	18007182
RPS18P13	19	18048637
IL12RB1	19	18086996
MAST3	19	18103981
MAST3-AS1	19	18151691
PIK3R2	19	18153265
IFI30	19	18173816
MPV17L2	19	18193241
RAB3A	19	18204037
PDE4C	19	18226105
CIST1	19	18255356
IQCN	19	18274441
JUND	19	18281275
MIR3188	19	18282077
RPL39P38	19	18285495
LSM4	19	18323077
RN7SL513P	19	18333276
PGPEP1	19	18340610
GDF15	19	18382170
MIR3189	19	18386562
LRRC25	19	18397616
SSBP4	19	18419430
ISYNA1	19	18438130
ELL	19	18522063
FKBP8	19	18543503
KXD1	19	18557870
KXD1-AS1	19	18569375
UBA52	19	18571886
REX1BD	19	18588797
CRLF1	19	18606797
TMEM59L	19	18612882
RN7SL155P	19	18631908
KLHL26	19	18637042
CRTC1	19	18683667
COMP	19	18789170
UPF1	19	18832565
CERS1	19	18896146
GDF1	19	18896158
COPE	19	18919378
DDX49	19	18919732
HOMER3-AS1	19	18940202
HOMER3	19	18941130
RN7SL70P	19	18958258
SUGP2	19	19033501
ARMC6	19	19033652
SLC25A42	19	19063998
TMEM161A	19	19138465
MEF2B	19	19170264
BORCS8-MEF2B	19	19192133
BORCS8	19	19192152
RFXANK	19	19192843
NR2C2AP	19	19203411
NCAN	19	19212001
RNU6-1028P	19	19232855
HAPLN4	19	19262778
TM6SF2	19	19273285
SUGP1	19	19320470
MAU2	19	19342576
GATAD2A	19	19405743
MIR640	19	19435063
TSSK6	19	19515241
NDUFA13	19	19516225
YJEFN3	19	19528882
CILP2	19	19538279
PHF5AP1	19	19588415
PBX4	19	19618687
LPAR2	19	19628539
GMIP	19	19643603
ATP13A1	19	19663670
ZNF101	19	19668901
ZNF14	19	19733112
LINC00663	19	19776389
ZNF56P	19	19776615
ZNF506	19	19821732
BNIP3P9	19	19856975
ZNF253	19	19865886
BNIP3P10	19	19871299
ZNF93	19	19900957
BNIP3P47	19	19909146
ZNF682	19	20039276
BNIP3P13	19	20062755
ZNF90	19	20078005
RPS8P11	19	20080539
BNIP3P14	19	20087576
BNIP3P15	19	20136933
ZNF486	19	20167221
BNIP3P16	19	20177063
BNIP3P17	19	20221869
ACTR2P2	19	20257720
BNIP3P18	19	20267817
BNIP3P19	19	20324568
BNIP3P20	19	20351502
MIR1270	19	20399354
ZNF826P	19	20409959
BNIP3P22	19	20416514
BNIP3P23	19	20443725
ZNF737	19	20565779
VN1R78P	19	20583647
ZNF626	19	20661571
VN1R79P	19	20758440
ZNF66	19	20776308
BNIP3P24	19	20785152
ZNF85	19	20923304
KRT18P40	19	20961057
ZNF430	19	21020653
VN1R80P	19	21063924
ZNF714	19	21082189
RNA5SP469	19	21113236
VN1R81P	19	21123817
ZNF431	19	21142038
RPL7AP10	19	21150438
VN1R82P	19	21188598
RPL36AP51	19	21233335
COX16P1	19	21276332
VN1R83P	19	21289998
BNIP3P25	19	21318161
ZNF708	19	21329396
ZNF738	19	21359005
ISCA1P7	19	21381921
ZNF493	19	21397161
LINC00664	19	21483715
ZNF429	19	21505608
BNIP3P26	19	21521896
CPSF6P1	19	21635175
MTDHP3	19	21678221
MTDHP4	19	21709522
VN1R84P	19	21720035
CCNYL6	19	21750847
ZNF100	19	21767549
BRI3BPP1	19	21800480
BNIP3P27	19	21826513
ZNF43	19	21851992
MTDHP2	19	21940820
BNIP3P28	19	21997648
ZNF208	19	22010931
ZNF257	19	22052496
BNIP3P29	19	22066398
ZNF92P2	19	22130318
PCGF7P	19	22137931
MTDHP5	19	22140532
VN1R85P	19	22175191
BNIP3P30	19	22203128
ZNF676	19	22215785
ZNF729	19	22286441
BNIP3P31	19	22299868
RPL34P34	19	22368952
ZNF98	19	22422355
BNIP3P32	19	22448777
BNIP3P33	19	22458212
ZNF209P	19	22463922
FIGLAP1	19	22501948
LINC01233	19	22532638
RNU6-1179P	19	22555261
GOLGA2P9	19	22596337
RN7SL860P	19	22601485
RAD54L2P1	19	22609606
LINC01785	19	22623974
ZNF492	19	22634324
ZNF849P	19	22685167
RPL34P33	19	22699352
VN1R87P	19	22743410
BNIP3P34	19	22773853
ZNF99	19	22784151
ZNF723	19	22832291
BNIP3P35	19	22840921
VN1R88P	19	22861303
BNIP3P36	19	22994968
ZNF728	19	22995271
LINC01859	19	23024250
LINC01858	19	23061265
ZNF730	19	23117025
BNIP3P37	19	23124088
SNX6P1	19	23127792
BNIP3P38	19	23236308
ZNF724	19	23250390
IPO5P1	19	23255434
VN1R90P	19	23288620
VN1R91P	19	23290849
ZNF91	19	23358980
BNIP3P8	19	23380317
CDC42EP3P1	19	23384530
LINC01224	19	23416078
VN1R92P	19	23444262
ZNF725P	19	23512656
RPS27P29	19	23597341
VN1R93P	19	23602567
ZNF675	19	23687164
ZNF681	19	23758840
RPSA2	19	23762985
BNIP3P39	19	23799477
ZNF726	19	23914882
RNA5-8SP4	19	24004507
ZNF254	19	24087184
BNIP3P40	19	24098980
LINC03085	19	24146701
ERVK-28	19	27643560
LINC00662	19	27793891
LINC02987	19	27794018
VN1R95P	19	27803538
SLC25A1P5	19	27806205
ERVE-5	19	28606728
MAN1A2P1	19	28792871
LINC00906	19	28965120
RNA5SP470	19	29001670
LINC01532	19	29002486
UQCRFS1	19	29213151
UQCRFS1-DT	19	29213259
RN7SL340P	19	29233385
VSTM2B	19	29525418
VSTM2B-DT	19	29525751
POP4	19	29606312
PLEKHF1	19	29665461
C19orf12	19	29715254
CCNE1	19	29812004
PPIAP58	19	29921182
URI1	19	29942260
RPL9P32	19	29956988
TAF9P3	19	30037285
ZNF536	19	30228401
LINC01834	19	30719421
LINC01791	19	31167497
TSHZ3	19	31349248
TSHZ3-AS1	19	31349736
LINC02959	19	31465653
LINC02841	19	31520144
LINC03103	19	31588203
RNA5SP471	19	31655461
RNU6-967P	19	31787255
LINC01837	19	31980355
LINC01533	19	32025885
LINC01782	19	32105916
RNA5SP472	19	32244083
ZNF507	19	32345619
DPY19L3-DT	19	32405591
DPY19L3	19	32406157
PDCD5	19	32581216
SNORA68B	19	32608469
RPS12P31	19	32636078
RN7SL789P	19	32655308
ANKRD27	19	32675168
RGS9BP	19	32675848
NUDT19	19	32691821
NUDT19-DT	19	32691955
TDRD12	19	32720043
GCM1P1	19	32824505
RN7SKP22	19	32863092
SLC7A9	19	32869767
RPL31P60	19	32963499
CEP89	19	32971963
FAAP24	19	32972257
RHPN2	19	32996461
GPATCH1	19	33081182
WDR88	19	33132092
LRP3	19	33195533
SLC7A10-AS1	19	33217812
SLC7A10	19	33225783
CEBPA	19	33302534
CEBPA-DT	19	33302834
RPS3AP50	19	33340686
AKR1B1P7	19	33361448
CEBPG	19	33373729
PEPD	19	33512775
RPL21P131	19	33589688
CHST8	19	33621984
KCTD15	19	33796898
SUNO1	19	33906352
RN7SL150P	19	33927625
RPS4XP23	19	34021659
RPS4XP20	19	34023427
RPS4XP21	19	34093310
CHCHD2P3	19	34126973
LSM14A	19	34172510
GARRE1	19	34259729
RPL29P33	19	34296592
GPI	19	34365022
PDCD2L	19	34404827
RN7SL154P	19	34422311
UBA2	19	34428680
WTIP	19	34481758
RPS26P55	19	34534084
ZNF807P	19	34545395
SCGB1B2P	19	34580656
SCGB2B2	19	34632976
SCGB2B3P	19	34645662
ZNF302	19	34677673
ZNF181	19	34734243
ZNF599	19	34773206
LINC02965	19	34839091
LINC01801	19	34860483
LINC01838	19	34904940
LINC00904	19	34905096
ZNF30-AS1	19	34926828
ZNF30	19	34926966
ZNF792	19	34964229
GRAMD1A-AS1	19	35000215
GRAMD1A	19	35000336
SCN1B	19	35031301
HPN	19	35041752
HPN-AS1	19	35106301
FXYD3	19	35116318
MIR6887	19	35122700
LGI4	19	35134863
FXYD1	19	35139177
FXYD7	19	35143255
FXYD5	19	35154752
FAM187B	19	35228739
FAM187B2P	19	35233003
LSR	19	35248768
USF2	19	35269441
HAMP	19	35282521
MAG	19	35292163
CD22	19	35329187
MIR5196	19	35345513
FFAR1	19	35348950
FFAR3	19	35358460
GPR42	19	35371179
EEF1A1P7	19	35382172
LINC01531	19	35399565
RN7SL491P	19	35415149
FFAR2	19	35448257
KRTDAP	19	35490531
DMKN	19	35510428
SBSN	19	35528311
GAPDHS	19	35533456
TMEM147-AS1	19	35545520
TMEM147	19	35545633
ATP4A	19	35560573
PMIS2	19	35586167
LINC01766	19	35596627
HAUS5-DT	19	35612671
HAUS5	19	35612763
RBM42	19	35629064
ETV2	19	35641974
COX6B1	19	35648345
UPK1A	19	35666665
UPK1A-AS1	19	35673505
TYMSP2	19	35684201
ZBTB32	19	35708753
KMT2B	19	35728436
IGFLR1	19	35742023
U2AF1L4	19	35745400
PSENEN	19	35745629
LIN37	19	35748595
HSPB6	19	35757031
PROSER3	19	35758196
ARHGAP33	19	35779377
TEX14BP	19	35797901
PRODH2	19	35812876
NPHS1	19	35851983
KIRREL2	19	35856587
APLP1	19	35868577
RN7SL402P	19	35881890
NFKBID	19	35900521
HCST	19	35902529
TYROBP	19	35908276
LRFN3	19	35935621
SDHAF1	19	35995188
SYNE4	19	36008791
ALKBH6	19	36014218
CLIP3	19	36032867
THAP8	19	36054290
WDR62	19	36075350
OVOL3	19	36111143
POLR2I	19	36114891
TBCB	19	36115512
CAPNS1	19	36140367
COX7A1	19	36152441
ZNF565	19	36214659
ZNF146	19	36215134
CYKILR	19	36309572
LINC00665	19	36331701
ZFP14	19	36379179
ZFP82	19	36418644
ZNF566	19	36489517
ZNF566-AS1	19	36489621
CTBP2P7	19	36498159
ZNF260	19	36528268
ZNF529	19	36573253
ZNF529-AS1	19	36573391
ZNF382	19	36605331
ZNF461	19	36666825
ZNF567-DT	19	36687434
ZNF567	19	36687625
ZNF850	19	36772814
ZNF790-AS1	19	36797516
ZNF790	19	36838703
ZNF345	19	36850874
RPL31P61	19	36901742
ZNF829	19	36916039
ZNF568	19	36944759
ZNF420	19	37078433
ZNF585A	19	37172699
ZNF585B	19	37210531
ZNF383	19	37218273
LINC01535	19	37251898
ZNF875	19	37334645
ZNF527	19	37371169
ZNF569	19	37467431
ZNF570	19	37468415
ZNF793-AS1	19	37506848
ZNF793	19	37507138
ZNF571-AS1	19	37548971
ZNF571	19	37594749
ZNF540	19	37594905
ZFP30	19	37655784
ZNF781	19	37676393
SELENOKP1	19	37693564
ZNF607	19	37719723
ZNF573	19	37779585
WDR87BP	19	37836964
WDR87	19	37906622
SIPA1L3	19	38093869
RN7SL663P	19	38200234
DPF1	19	38224170
PPP1R14A	19	38256380
SPINT2	19	38264636
C19orf33	19	38304230
YIF1B	19	38315796
KCNK6	19	38319856
CATSPERG	19	38343647
PSMD8	19	38374771
GGN	19	38388034
SPRED3	19	38389833
FAM98C	19	38403150
RASGRP4	19	38426187
RYR1	19	38494597
MAP4K1-AS1	19	38596402
MAP4K1	19	38617845
EIF3K	19	38619192
ACTN4	19	38647683
CAPN12	19	38735672
LGALS7	19	38773474
LGALS7B	19	38789864
RNU6-140P	19	38797109
LGALS4	19	38812881
ECH1	19	38831775
HNRNPL	19	38849979
RINL	19	38877519
SIRT2	19	38899612
NFKBIB	19	38899978
CCER2	19	38911530
SARS2	19	38930754
MRPS12	19	38930952
ERVK9-11	19	38938632
FBXO17	19	38975744
FBXO27	19	39032419
ACP7	19	39084354
PAK4-AS1	19	39136463
PAK4	19	39136884
NCCRP1	19	39196964
SYCN	19	39204263
IFNL3P1	19	39237293
IFNL3	19	39245128
IFNL4	19	39248856
MSRB1P1	19	39255269
IFNL4P1	19	39264382
IFNL2	19	39268396
IFNL1	19	39296407
LRFN1	19	39320572
GMFG	19	39336032
SAMD4B	19	39346162
RN7SL566P	19	39369153
PAF1	19	39391088
MED29	19	39391376
ZFP36	19	39406857
MIR4530	19	39409678
PLEKHG2	19	39416519
RPS16	19	39435949
SUPT5H	19	39445648
TIMM50	19	39480857
DLL3	19	39498947
SELENOV	19	39515446
EID2B	19	39532847
CRIPTOP7	19	39534463
EID2	19	39540161
RPS29P24	19	39588955
RPS29P25	19	39590981
RPS29P26	19	39597832
LGALS13	19	39602537
RPS29P30	19	39644502
LGALS16	19	39655916
RPS29P27	19	39697904
LGALS14	19	39704491
CLC	19	39738029
LEUTX	19	39777724
MIR6719	19	39829802
DYRK1B	19	39833895
FBL	19	39846363
FCGBP	19	39910959
PRR13P5	19	39943680
PSMC4	19	39971180
ZNF546	19	39997061
ZNF780B	19	40056186
ZNF780A	19	40090912
VN1R96P	19	40122168
MAP3K10	19	40195321
TTC9B	19	40218384
CCNP	19	40226673
AKT2	19	40271445
MIR641	19	40282641
RNU6-945P	19	40299584
C19orf47	19	40348386
PLD3	19	40348698
MIR6796	19	40369846
HIPK4	19	40390181
PRX	19	40409301
SERTAD1	19	40425736
SERTAD3-AS1	19	40443436
SERTAD3	19	40444189
BLVRB	19	40465761
SPTBN4	19	40530526
SHKBP1	19	40577177
LTBP4	19	40611338
NUMBL	19	40690143
RNU6-195P	19	40708163
COQ8B	19	40715731
ITPKC	19	40717136
ACTMAP	19	40750477
SNRPA	19	40750876
MIA-RAB4B	19	40771648
MIA	19	40775486
RAB4B	19	40778259
RAB4B-EGLN2	19	40778271
EGLN2	19	40799708
CYP2T1P	19	40812100
CYP2F2P	19	40826772
CYP2A6	19	40850443
CYP2A7	19	40881160
CYP2G1P	19	40891219
CYP2A7P2	19	40910685
CYP2B7P	19	40924273
CYP2B6	19	40997675
CYP2A7P1	19	41027720
CYP2G2P	19	41062444
CYP2A13	19	41088451
CYP2F1	19	41124718
CYP2T3P	19	41134722
RPL36P16	19	41169861
RN7SL718P	19	41191229
CYP2S1	19	41193237
AXL	19	41219222
HNRNPUL1	19	41264847
RN7SL34P	19	41286693
CCDC97	19	41310514
TGFB1	19	41353359
B9D2	19	41364115
TMEM91	19	41376655
EXOSC5	19	41397359
BCKDHA	19	41397819
B3GNT8	19	41427466
DMAC2	19	41439906
ERICH4	19	41443156
PCAT19	19	41500629
TPM3P5	19	41506152
PLEKHA3P1	19	41521989
LINC01480	19	41531302
CEACAM21	19	41576166
CEACAMP3	19	41599735
DNAJC19P2	19	41605671
CEACAM4	19	41627074
DNAJC19P3	19	41638899
CEACAM7	19	41688279
CEACAM5	19	41708630
CEACAM6	19	41755496
CEACAM3	19	41796617
HNRNPA1P52	19	41829692
LYPD4	19	41844683
DMRTC2	19	41845046
RPS19	19	41860445
MIR6797	19	41869627
CD79A	19	41877280
ARHGEF1	19	41884390
ERFL	19	41928449
RABAC1	19	41959299
ATP1A3	19	41993864
GRIK5	19	42069411
ZNF574	19	42076135
POU2F2	19	42132428
LNROP	19	42132611
MIR4323	19	42133513
DEDD2	19	42217703
ZNF526	19	42220285
GSK3A	19	42234568
ERF	19	42254267
CIC	19	42284240
PAFAH1B3	19	42302624
PRR19	19	42306755
TMEM145	19	42313377
MIR8077	19	42351131
MEGF8	19	42356883
CNFN	19	42390282
LIPE-AS1	19	42421683
LIPE	19	42423212
CXCL17	19	42442946
RNU4-60P	19	42472875
CEACAM1	19	42528446
CEACAMP2	19	42561750
CEACAM8	19	42594924
CEACAMP1	19	42633034
CEACAMP5	19	42654200
RPS10P28	19	42670005
PSG3	19	42740429
PSG8	19	42765663
CEACAMP6	19	42786595
PSG8-AS1	19	42821820
PSG10P	19	42855619
PSG1	19	42879671
PSG6	19	42917884
PSG7	19	42937132
CEACAMP7	19	42950387
PSG11-AS1	19	43022962
PSG11	19	43026448
CEACAMP8	19	43041248
PSG2	19	43082684
CEACAMP9	19	43097360
PSG5	19	43186492
PSG4	19	43205551
CEACAMP10	19	43220871
PSG9	19	43269521
CEACAMP11	19	43284318
CEACAMP4	19	43304523
LINC03078	19	43331531
CD177	19	43353691
CD177P1	19	43379123
TEX101	19	43414888
LYPD3	19	43465606
PHLDB3	19	43504677
ZNF575	19	43526266
ETHE1	19	43527211
XRCC1	19	43575553
PINLYP	19	43580544
IRGQ	19	43595973
ZNF576	19	43596584
SRRM5	19	43604352
ZNF428	19	43619532
CADM4	19	43639834
RN7SL368P	19	43660776
PLAUR	19	43669230
IRGC	19	43716093
SMG9	19	43754867
KCNN4	19	43778899
LYPD5	19	43820598
ZNF283	19	43827409
ZNF404	19	43901511
ZNF45-AS1	19	43901865
ZNF45	19	43935261
ZNF221	19	43951236
ZNF155	19	43984210
ZNF230-DT	19	44002836
ZNF230	19	44002958
ZNF222-DT	19	44025247
ZNF222	19	44025351
ZNF223	19	44052036
ZNF284	19	44072159
RNU6-902P	19	44085303
ZNF224	19	44094391
ZNF225-AS1	19	44113179
ZNF225	19	44113416
ZNF234	19	44141587
ZNF226	19	44165107
ZNF227	19	44212566
ZNF233	19	44259905
NDUFA3P1	19	44297104
ZNF235	19	44304968
ZNF112	19	44356684
ZNF285	19	44401575
ZNF229	19	44448467
ZNF285BP	19	44467641
ZNF180	19	44500514
CEACAM20	19	44529675
CEACAM22P	19	44588869
IGSF23	19	44613782
PVR	19	44643881
MIR4531	19	44653732
CEACAM19	19	44671602
CEACAM16	19	44700255
CEACAM16-AS1	19	44725177
BCL3	19	44755149
MIR8085	19	44758657
CBLC	19	44777889
BCAM	19	44809121
NECTIN2	19	44846351
LNCOB1	19	44890922
TOMM40	19	44891231
APOE	19	44905914
APOC1	19	44914655
APOC1P1	19	44926799
APOC4	19	44942237
APOC4-APOC2	19	44942247
APOC2	19	44946035
CLPTM1	19	44955383
RELB	19	45016882
CLASRP	19	45040201
RNU6-611P	19	45047458
ZNF296	19	45076478
GEMIN7	19	45079240
GEMIN7-AS1	19	45091572
PPP1R37	19	45093179
EIF5AP3	19	45128569
NKPD1	19	45160815
TRAPPC6A	19	45178237
BLOC1S3	19	45179669
EXOC3L2	19	45243664
MARK4	19	45251387
CKM	19	45322974
RPS16P9	19	45333124
KLC3	19	45340761
ERCC2	19	45370556
PPP1R13L	19	45405057
POLR1G	19	45406676
ERCC1	19	45423839
MIR6088	19	45436654
FOSB	19	45469881
RTN2	19	45493252
PPM1N	19	45498525
VASP	19	45507489
OPA3	19	45593507
GPR4	19	45602199
MIR330	19	45639087
EML2	19	45639387
EML2-AS1	19	45641645
RN7SL836P	19	45651510
GIPR	19	45669320
MIR642A	19	45674928
MIR642B	19	45675008
SNRPD2	19	45691941
QPCTL	19	45692685
FBXO46	19	45730905
MEIOSIN	19	45734363
SIX5	19	45768855
DM1-AS	19	45770712
DMPK	19	45780541
DMWD	19	45792437
RSPH6A	19	45815228
SYMPK-AS1	19	45830164
SYMPK	19	45863144
FOXA3	19	45864157
IRF2BP1	19	45886141
MYPOP	19	45902710
NANOS2	19	45914778
NOVA2	19	45973587
CCDC61	19	45995479
MIR769	19	46018932
PGLYRP1	19	46023053
IGFL4	19	46070011
IGFL3	19	46124688
TGIF1P1	19	46137547
IGFL2	19	46148238
IGFL1P1	19	46196238
IGFL2-AS1	19	46203083
RPL12P41	19	46219423
IGFL1	19	46229746
IGFL1P2	19	46260858
HIF3A	19	46298445
RNU6-924P	19	46306577
PPP5C	19	46375627
PPP5C-AS1	19	46404275
CCDC8	19	46413564
PNMA8C	19	46428936
PNMA8A	19	46471375
PNMA8B	19	46495873
PPP5D1P	19	46527072
GAPDHP38	19	46558641
CALM3	19	46601337
PTGIR	19	46625077
GNG8	19	46636543
DACT3	19	46661138
DACT3-AS1	19	46661526
RN7SL364P	19	46689068
MIR320E	19	46709345
PRKD2	19	46714461
STRN4	19	46733449
FKRP	19	46746061
SLC1A5	19	46784945
HNRNPMP2	19	46809585
AP2S1	19	46850816
ARHGAP35	19	46937320
NPAS1	19	47020833
TMEM160	19	47048624
ZC3H4	19	47112229
SAE1	19	47130858
MIR3190	19	47226942
MIR3191	19	47227019
BBC3	19	47230529
CCDC9	19	47256555
INAFM1	19	47274629
C5AR1	19	47297075
C5AR2	19	47332175
DHX34	19	47351386
MEIS3	19	47419142
SLC8A2	19	47471868
KPTN	19	47484189
NAPA-AS1	19	47484295
NAPA	19	47514945
ZNF541	19	47545280
RN7SL322P	19	47581023
BICRA-AS2	19	47608706
BICRA	19	47609139
BICRA-AS1	19	47626395
EHD2	19	47713451
NOP53	19	47745732
SNORD23	19	47755853
NOP53-AS1	19	47778381
SELENOW	19	47778933
RPL23AP80	19	47794890
TPRX1	19	47811801
CRX	19	47821935
TPRX2	19	47859235
LINC01595	19	47865341
SULT2A1	19	47886318
BSPH1	19	47992170
ELSPBP1	19	47994709
CABP5	19	48043980
PLA2G4C-AS1	19	48061428
PLA2G4C	19	48108021
LIG1	19	48170312
ZSWIM9	19	48170698
CARD8	19	48249835
CARD8-AS1	19	48255675
ZNF114	19	48271377
ZNF114-AS1	19	48291390
ODAD1	19	48321624
EMP3	19	48325376
TMEM143	19	48363929
SYNGR4	19	48373073
KDELR1	19	48391518
GRIN2D	19	48394157
GRWD1	19	48445912
KCNJ14	19	48458411
CYTH2	19	48469367
LMTK3	19	48511835
SULT2B1	19	48583320
SPACA4	19	48606742
FAM83E	19	48615030
RPL18	19	48619176
SPHK2	19	48619620
DBP	19	48637313
SEC1P	19	48638099
CA11	19	48646060
NTN5	19	48673022
FUT2	19	48696002
MAMSTR	19	48716989
RASIP1	19	48740580
IZUMO1	19	48746180
FUT1	19	48752985
FGF21	19	48755805
RNU6-317P	19	48793258
BCAT2	19	48811027
HSD17B14	19	48836519
PLEKHA4	19	48868569
PPP1R15A	19	48872649
TULP2	19	48897469
NUCB1	19	48900340
NUCB1-AS1	19	48918924
DHDH	19	48933703
BAX	19	48954897
FTL	19	48965307
GYS1	19	48993268
RUVBL2	19	48993893
MIR6798	19	49009906
LHB	19	49016955
SAXO3	19	49020016
CGB3	19	49024333
NTF6A	19	49026020
NTF6G	19	49029726
CGB2	19	49031901
CGB1	19	49036895
NTF6B	19	49039038
CGB5	19	49043848
CGB8	19	49049118
CGB7	19	49057774
NTF4	19	49065035
KCNA7	19	49072699
RN7SL708P	19	49081332
SNRNP70	19	49085602
LIN7B	19	49114416
C19orf73	19	49119143
PPFIA3	19	49128308
HRC	19	49155398
TRPM4	19	49157821
SLC6A21P	19	49256102
SUMO1P4	19	49275119
MIR4324	19	49308868
SLC6A16	19	49325132
CD37	19	49335427
TEAD2	19	49362352
DKKL1	19	49363803
KASH5	19	49388309
PTH2	19	49423550
GFY	19	49424568
SLC17A7	19	49441530
PIH1D1	19	49451791
ALDH16A1	19	49453245
FLT3LG	19	49474419
RPL13A	19	49487615
SNORD32A	19	49489965
SNORD33	19	49490615
SNORD34	19	49490904
SNORD35A	19	49491175
RPS11	19	49496432
SNORD35B	19	49497720
MIR150	19	49500868
COX6CP7	19	49502639
FCGRT	19	49513177
RCN3	19	49528008
NOSIP	19	49580555
PRRG2	19	49581320
PRR12	19	49605815
RRAS	19	49640127
SCAF1	19	49643745
IRF3	19	49665779
BCL2L12	19	49665967
PRMT1	19	49677256
MIR5088	19	49682117
ADM5	19	49689273
CPT1C	19	49691512
TSKS	19	49747378
RNU6-841P	19	49764630
AP2A1	19	49767136
MIR6799	19	49791866
FUZ	19	49813273
MED25	19	49818295
MIR6800	19	49832018
PTOV1	19	49851306
PTOV1-AS1	19	49851676
MIR4749	19	49854591
PTOV1-AS2	19	49859287
PNKP	19	49867261
AKT1S1	19	49876628
TBC1D17	19	49877691
MIR4750	19	49888175
ATF5	19	49929211
IL4I1	19	49929416
NUP62	19	49929490
MIR4751	19	49933064
SIGLEC11	19	49961083
SIGLEC16	19	49969600
VRK3	19	50025349
ZNF473	19	50026040
ZNF473CR	19	50050885
ZNF473-AS1	19	50051035
IZUMO2	19	50163180
MYH14	19	50203657
KCNC3	19	50329312
NAPSB	19	50344761
NAPSA	19	50362812
NR1H2-AS1	19	50369320
NR1H2	19	50376462
POLD1	19	50384345
SPIB	19	50418941
MYBPC2	19	50432885
EMC10	19	50476514
GARIN5A	19	50476610
MYREM	19	50500353
JOSD2	19	50511176
ASPDH	19	50514641
LRRC4B	19	50556738
SYT3	19	50639826
C19orf81	19	50649445
SHANK1	19	50709227
CLEC11A	19	50723350
GPR32P1	19	50758382
GPR32	19	50770464
SMIM47	19	50786160
ACP4	19	50790415
C19orf48P	19	50798910
SNORD88B	19	50799122
SNORD88A	19	50799532
SNORD88C	19	50802418
TMEM277P	19	50806984
KLK1	19	50823784
KLK15	19	50833225
KLK3	19	50854942
KLK2	19	50873445
KLKP1	19	50888268
KLK4	19	50909355
PPIAP59	19	50927571
KLK5	19	50953065
KLK6	19	50968972
KLK7	19	50983815
KLK8	19	51001603
KLK9	19	51009613
KLK10	19	51019574
KLK11	19	51027388
KLK12	19	51034877
KLK13	19	51065092
KLK14	19	51085365
CTU1	19	51108400
SIGLEC18P	19	51119987
SIGLEC9	19	51124941
SIGLEC7	19	51142302
SIGLEC17P	19	51167338
SIGLEC20P	19	51184905
SIGLEC21P	19	51198855
MIR8074	19	51207009
SIGLEC22P	19	51211110
CD33	19	51225092
SIGLECL1	19	51251260
LINC01872	19	51271262
SIGLEC24P	19	51280794
IGLON5	19	51311644
VSIG10L-AS1	19	51340695
VSIG10L	19	51342139
ETFB	19	51366377
CLDND2	19	51368979
NKG7	19	51372647
LIM2	19	51387974
C19orf84	19	51390577
LIM2-AS1	19	51394481
NIFKP6	19	51403526
SIGLEC10-AS2	19	51414298
SIGLEC10-AS1	19	51415815
SIGLEC10	19	51417642
SIGLEC8	19	51458453
CEACAM18	19	51484563
SIGLEC12	19	51501772
SIGLEC27P	19	51508573
SIGLEC6	19	51531755
SIGLEC29P	19	51564910
ZNF175	19	51571298
LINC01530	19	51594390
RPL9P33	19	51621136
SIGLEC5	19	51637973
SIGLEC14	19	51646201
RPL7P51	19	51648862
MIR99B	19	51692612
MIRLET7E	19	51692786
MIR125A	19	51693254
SPACA6-AS1	19	51693456
SPACA6	19	51694517
HAS1	19	51721954
FPR1	19	51751879
FPR2	19	51761205
FPR3	19	51796395
ZNF577	19	51887929
ZNF649-AS1	19	51888046
ZNF649	19	51905011
ZNF613	19	51927460
ZNF350-AS1	19	51949145
ZNF350	19	51986826
ZNF615	19	52008202
ZNF614	19	52028364
ZNF432	19	52048702
PROK2-DT	19	52063703
ZNF841	19	52094002
ZNF616	19	52139904
RPL37P23	19	52143043
ZNF836	19	52171487
PPP2R1A	19	52190087
MIR6801	19	52222020
PPP2R1A-AS1	19	52231289
ZNF766	19	52269610
MIR643	19	52281797
ZNF480	19	52297187
ZNF610	19	52336312
ZNF880	19	52369937
ZNF528-AS1	19	52397757
ZNF528	19	52397903
DPPA5P1	19	52426202
ZNF534	19	52430297
ZNF578	19	52473191
ZNF808	19	52527688
RPL39P34	19	52564076
ZNF701	19	52570289
ZNF137P	19	52588551
ZNF83	19	52638350
ZNF611	19	52735026
ZNF600	19	52786761
PABPN1P2	19	52809824
ZNF28	19	52821633
ZNF468	19	52857619
ZNF320	19	52897626
ZNF888-AS1	19	52923141
ZNF888	19	52923473
ZNF321P	19	52935999
ZNF816-ZNF321P	19	52962823
ZNF816	19	52962870
ARPC1AP2	19	53004040
ERVV-1	19	53013921
ZNF702P	19	53037876
ERVV-2	19	53044740
ZNF160	19	53103385
ZNF415	19	53132888
ZNF347	19	53159043
ZNF665	19	53193358
ZNF818P	19	53204016
NDUFV2P1	19	53224879
ZNF677	19	53254838
VN1R2	19	53258751
VN1R4	19	53267723
FAM90A27P	19	53277462
BIRC8	19	53291131
FAM90A28P	19	53304006
VN1R6P	19	53315137
ZNF845	19	53340823
ZNF525	19	53365721
ZNF765	19	53395158
RPL39P36	19	53413190
TPM3P9	19	53432036
ZNF761	19	53444969
ZNF813	19	53467739
TPM3P6	19	53479350
ZNF331	19	53537682
DPRX	19	53616388
OSTCP3	19	53616802
RN7SL317P	19	53629713
RNU6-698P	19	53653685
MIR512-1	19	53666679
MIR512-2	19	53669157
MIR1323	19	53671968
MIR498	19	53674197
MIR520E	19	53675711
MIR515-1	19	53679003
MIR519E	19	53679940
MIR520F	19	53682159
MIR515-2	19	53685009
MIR519C	19	53686469
MIR1283-1	19	53688481
MIR520A	19	53690881
MIR526B	19	53694393
MIR519B	19	53695213
MIR525	19	53697533
MIR523	19	53698385
MIR518F	19	53700015
MIR520B	19	53701227
MIR518B	19	53702737
MIR526A1	19	53706252
MIR520C	19	53707453
MIR518C	19	53708735
MIR524	19	53711002
MIR517A	19	53712268
MIR519D	19	53713347
MIR521-2	19	53716594
RNU6-803P	19	53719165
MIR520D	19	53720096
MIR517B	19	53721076
MIR520G	19	53722166
MIR516B2	19	53725442
MIR526A2	19	53726922
MIR518E	19	53729838
MIR518A1	19	53731006
RNU6-980P	19	53733083
MIR518D	19	53734877
MIR516B1	19	53736845
MIR518A2	19	53739333
MIR517C	19	53741313
MIR520H	19	53742512
RNU6-982P	19	53745105
MIR521-1	19	53748636
RNU6-751P	19	53749951
MIR522	19	53751211
MIR519A1	19	53752397
MIR527	19	53754018
MIR516A1	19	53756741
MIR1283-2	19	53758232
RNU6-1041P	19	53760188
MIR516A2	19	53761133
MIR519A2	19	53762344
RNU6-165P	19	53766632
HMGN1P32	19	53768553
SEPTIN7P8	19	53773280
MIR371A	19	53787675
MIR371B	19	53787742
MIR372	19	53787890
MIR373	19	53788705
NLRP12	19	53824313
MYADM	19	53867883
MYADM-AS1	19	53869302
MYADM-AS2	19	53876242
PRKCG	19	53882193
CACNG7	19	53911036
CACNG8	19	53962937
MIR935	19	53982307
CACNG6	19	53992286
VSTM1	19	54063920
TARM1	19	54078955
OSCAR	19	54100828
NDUFA3	19	54102873
TFPT	19	54115464
PRPF31	19	54115809
PRPF31-AS1	19	54125343
CNOT3	19	54137772
LENG1	19	54159721
TMC4	19	54173158
MBOAT7	19	54189348
TSEN34	19	54190343
RPS9	19	54200858
LILRB3	19	54223023
LILRA6	19	54242770
LILRB5	19	54257274
RNU6-1307P	19	54264053
LILRB2	19	54281089
MIR4752	19	54282109
LILRA5	19	54313094
VN1R104P	19	54321212
LILRA4	19	54339105
LAIR1	19	54364931
TTYH1	19	54417051
LENG8-AS1	19	54448619
LENG8	19	54449226
LENG9	19	54463778
CDC42EP5	19	54473171
LAIR2	19	54502805
KIR3DX1	19	54532798
LILRA2	19	54573790
LILRA1	19	54593641
LILRB1	19	54630484
LILRB1-AS1	19	54638892
MIR8061	19	54645309
VN1R105P	19	54647944
LILRB4	19	54662964
LILRP1	19	54696604
LILRP2	19	54708259
KIR3DL3	19	54724442
KIR2DL3	19	54738513
KIR2DP1	19	54755023
KIR2DL1	19	54769819
KIR3DP1	19	54786355
KIR2DL4	19	54803640
KIR3DL1	19	54816487
KIR2DS4	19	54832720
KIR3DL2	19	54850443
RNU6-222P	19	54869045
FCAR	19	54874280
NCR1	19	54906159
NLRP7	19	54947517
NLRP2	19	54966374
RPL36AP50	19	54973817
GP6-AS1	19	55006194
GP6	19	55032865
RDH13	19	55064100
EPS8L1	19	55076356
PPP1R12C	19	55117594
MIR7975	19	55123292
TNNT1	19	55147128
TNNI3	19	55157469
DNAAF3-AS1	19	55160086
DNAAF3	19	55166612
SYT5	19	55180121
PTPRH	19	55209474
TMEM86B	19	55228773
MIR6804	19	55230952
MIR6802	19	55239976
MIR6803	19	55245250
PPP6R1	19	55258542
HSPBP1	19	55280125
BRSK1	19	55293243
BRSK1-AS1	19	55312495
TMEM150B	19	55325325
KMT5C	19	55339921
COX6B2	19	55354613
GARIN5B	19	55363256
IL11	19	55369852
TMEM190	19	55376821
TMEM238	19	55384282
RPL28	19	55385934
MIR6805	19	55388181
UBE2S	19	55407745
SHISA7	19	55443288
ISOC2	19	55461636
C19orf85	19	55464751
ZNF628-DT	19	55476482
ZNF628	19	55476631
NAT14	19	55485228
SSC5D	19	55488497
SBK2	19	55537132
SBK3	19	55546198
ZNF579	19	55580846
FIZ1	19	55599540
ZNF524	19	55600327
ZNF865	19	55605642
ZNF784	19	55624566
ZNF580	19	55640985
ZNF581	19	55643723
CCDC106	19	55648135
U2AF2	19	55655037
EPN1	19	55675267
RN7SKP109	19	55737285
NLRP9	19	55738388
RFPL4A	19	55759070
RFPL4AL1	19	55769118
RFPL4AP1	19	55777553
NLRP11	19	55834219
NLRP4	19	55847170
NLRP13	19	55932336
NLRP8	19	55947867
NLRP5	19	55999726
LINC01864	19	56066661
ZNF787	19	56112164
ZNF444	19	56141395
GALP	19	56176012
ZSCAN5B	19	56197793
ZSCAN5C	19	56202273
ZSCAN5DP	19	56244043
EDDM13	19	56290004
ZSCAN5A	19	56314788
ZSCAN5A-AS1	19	56315262
VN2R17P	19	56318008
ZNF542P	19	56373250
SLC25A36P1	19	56386226
ZNF582	19	56393520
ZNF582-DT	19	56393713
ZNF583	19	56404318
ZNF667	19	56477526
ZNF667-AS1	19	56478122
ZNF471	19	56508071
ZFP28-DT	19	56538433
ZFP28	19	56539013
ZNF470-DT	19	56567450
ZNF470	19	56567649
SIGLEC31P	19	56590281
ZNF71	19	56595290
ZIM2-AS1	19	56595313
SMIM17	19	56643161
ZNF835	19	56671758
OR5AH1P	19	56760933
ZIM2	19	56838394
PEG3	19	56839239
MIMT1	19	56840866
RPL7AP69	19	57065334
USP29	19	57120038
ZIM3	19	57145202
DPPA3P8	19	57150513
DUXA	19	57167485
ZNF264	19	57191512
AURKC	19	57231194
ZNF805	19	57240658
ZNF460	19	57280268
ZNF460-AS1	19	57280335
LNC-WAL	19	57304305
ZNF543	19	57320478
ZNF304	19	57351307
TRAPPC2B	19	57363559
ZNF547	19	57367598
ZNF548	19	57389985
ZNF17	19	57411174
ZNF749	19	57435345
VN1R1	19	57457140
VN1R107P	19	57459912
PKMYT1AR	19	57477319
ZNF772	19	57477551
ZNF419	19	57487741
ZNF773	19	57499938
ZNF549	19	57527421
ZNF550	19	57559812
ZNF416	19	57578911
ZIK1	19	57584140
ZNF530	19	57599894
ZNF134	19	57614240
ZNF211	19	57633183
TPRG1LP1	19	57664280
ZSCAN4	19	57668935
ZNF551	19	57681992
ZNF154	19	57709194
ZNF671	19	57727621
ZNF776	19	57746841
ZNF586	19	57769668
ZNF552	19	57814158
ZNF587B	19	57825018
FKBP1AP1	19	57826778
ZNF587	19	57849860
UBE2CP5	19	57867970
ZNF814	19	57888821
ZNF417	19	57916591
ZNF418	19	57935364
ZNF256	19	57947690
C19orf18	19	57974534
ZNF606	19	58002806
ZNF606-AS1	19	58002896
VN2R19P	19	58025756
ZSCAN1	19	58034032
LETM1P2	19	58044592
HNRNPDLP4	19	58049346
ZNF135	19	58059282
RN7SL526P	19	58069970
ZSCAN18	19	58098216
ZNF329	19	58155067
ZNF274	19	58183394
RPS15AP36	19	58216180
ZNF544	19	58228940
ZNF8-DT	19	58278800
ZNF8-ERVK3-1	19	58278966
ZNF8	19	58278968
ERVK3-1	19	58305378
ZSCAN22	19	58327309
MIR6806	19	58334688
A1BG-AS1	19	58347753
A1BG	19	58353129
ZNF497-AS2	19	58357999
ZNF497-AS1	19	58362588
ZNF497	19	58362819
RNA5SP473	19	58363438
ZNF837	19	58381022
MIR4754	19	58386858
RPS5	19	58387264
RNF225	19	58395656
LINC02560	19	58400221
ZNF584-DT	19	58407296
ZNF584	19	58408707
ZNF132	19	58438388
ZNF132-DT	19	58440448
ZNF324B	19	58451624
ZNF324	19	58467325
ZNF446	19	58476377
RNU6-1337P	19	58483843
RN7SL693P	19	58490797
SLC27A5	19	58511079
ZBTB45	19	58519636
RN7SL525P	19	58543578
TRIM28	19	58544465
MIR6807	19	58550285
CHMP2A	19	58554995
UBE2M	19	58557879
MZF1	19	58573311
MZF1-AS1	19	58574435
CENPBD2P	19	58598967
DEFB125	20	87461
DEFB126	20	142612
DEFB127	20	157454
DEFB128	20	189711
DEFB129	20	227258
DEFB132	20	257724
C20orf96	20	290745
ZCCHC3	20	297570
SOX12	20	325552
NRSN2	20	347111
NRSN2-AS1	20	348012
TRIB3	20	381025
RBCK1	20	408315
TBC1D20	20	462528
CSNK2A1	20	543716
TCF15	20	610309
SRXN1	20	653200
SCRT2	20	675802
SLC52A3	20	768632
RPS10P5	20	839977
FAM110A	20	841272
ANGPT4	20	916334
RSPO4	20	1002315
PSMF1	20	1118619
ACTG1P3	20	1160584
TMEM74B	20	1185518
C20orf202	20	1203454
RAD21L1	20	1226088
SNPH	20	1266298
SDCBP2-AS1	20	1325410
SDCBP2	20	1325732
MIR6869	20	1392961
FKBP1A	20	1393074
NSFL1C	20	1466834
SIRPB2	20	1491420
RNU6-917P	20	1529159
SIRPD	20	1554822
TVP23BP3	20	1591392
SIRPB1	20	1611420
SIRPG-AS1	20	1633567
SIRPG	20	1654545
RN7SL561P	20	1666360
SIRPB3P	20	1708200
CKAP2LP1	20	1758940
SIRPA	20	1894894
PDYN-AS1	20	1956557
PDYN	20	1992806
RPL7P2	20	2075555
STK35	20	2101841
LINC03086	20	2207222
TGM3	20	2304489
TGM6	20	2380908
SNRPB	20	2470787
ZNF343	20	2508916
TMC2	20	2558215
MIR1292	20	2652777
SNORD110	20	2654212
SNORA51	20	2655067
NOP56	20	2655097
SNORD86	20	2656097
SNORD56	20	2656624
SNORD57	20	2656939
IDH3B	20	2664189
IDH3B-DT	20	2664352
EBF4	20	2692879
RPL19P1	20	2780614
CPXM1	20	2800634
C20orf141	20	2814999
TMEM239	20	2816333
PCED1A	20	2840676
VPS16	20	2840732
PTPRA	20	2873508
GNRH2	20	3043622
MRPS26	20	3046053
OXT	20	3071620
AVP	20	3084724
RN7SL555P	20	3094171
UBOX5-AS1	20	3106895
FASTKD5	20	3159824
UBOX5	20	3159870
LZTS3	20	3172007
DDRGK1	20	3204683
ITPA	20	3209490
SLC4A11	20	3239181
RNU6-1019P	20	3360036
UBE2V1P1	20	3362324
DNAAF9	20	3407658
TCEAL9P1	20	3465444
ATRN	20	3471070
SF3A3P1	20	3491005
GFRA4	20	3663441
ADAM33	20	3682024
SIGLEC1	20	3712585
HSPA12B	20	3732696
ADISSP	20	3767753
SPEF1	20	3781448
CENPB	20	3786740
CDC25B	20	3796308
LINC01730	20	3808343
AP5S1	20	3820541
MAVS	20	3846840
PANK2-AS1	20	3889185
PANK2	20	3889670
MIR103A2	20	3917494
MIR103B2	20	3917563
RNF24	20	4015551
FTLP3	20	4023917
RPL21P2	20	4060113
SMOX	20	4158749
LINC01433	20	4192987
ADRA1D	20	4235834
RPL7AP12	20	4591300
RPS4XP2	20	4630219
PRNP	20	4686435
PRND	20	4721909
IDI1P3	20	4736673
PRNT	20	4740557
RASSF2	20	4823608
SLC23A2	20	5001495
RPS21P7	20	5013724
RNA5SP474	20	5098476
TMEM230	20	5113053
PCNA	20	5120021
CDS2	20	5127008
UBE2D3P1	20	5292831
PROKR2	20	5316732
RNA5-8SP7	20	5346160
LINC00658	20	5445742
LINC00654	20	5510153
RPS18P1	20	5532878
EIF4EP1	20	5548840
GPCPD1	20	5610956
SHLD1	20	5750437
RNU1-55P	20	5890055
CHGB	20	5911510
KANK1P1	20	5929318
TRMT6	20	5950533
MCM8	20	5950666
MTCO1P59	20	5965180
RN7SL498P	20	6001733
CRLS1	20	6006123
MCM8-AS1	20	6006570
LRRN4	20	6054049
FERMT1	20	6123119
TARDBPP1	20	6202191
SYNCRIPP1	20	6213699
FGFR3P3	20	6220330
CASC20	20	6473475
LINC01713	20	6736291
BMP2	20	6769714
LINC01428	20	7258270
LINC01751	20	7307432
LINC01706	20	7347467
MIR8062	20	7371608
RN7SL547P	20	7633851
SRSF10P2	20	7832322
HSPBAP1P1	20	7867327
HAO1	20	7940489
TMX4-AS1	20	8019304
TMX4	20	8019717
PHKBP1	20	8099774
PLCB1-IT1	20	8248694
PLCB1	20	8485897
RNU105B	20	8831186
PLCB4	20	9069113
LAMP5	20	9514474
LAMP5-AS1	20	9514962
PAK5	20	9838986
PARAL1	20	9986088
ANKEF1	20	10035051
SNAP25	20	10218924
SNAP25-AS1	20	10219498
HIGD1AP15	20	10334419
RPL23AP6	20	10349628
SDAD1P2	20	10385779
MKKS	20	10434206
SLX4IP	20	10435305
DNAJC9P1	20	10614229
MIR6870	20	10649695
JAG1	20	10657614
LINC01752	20	10696900
FAT1P1	20	10889088
LINC02871	20	10986663
RPS11P1	20	11345855
LIN28AP3	20	11609048
PGAM3P	20	11621051
RN7SKP111	20	11819091
ANAPC13P1	20	11838355
LINC00687	20	11870728
BTBD3	20	11917865
BTBD3-AS1	20	11918677
PA2G4P2	20	12380056
LINC01723	20	12950332
LINC01722	20	12952519
SPTLC3	20	13009184
CENATACP1	20	13074312
ISM1	20	13221274
ISM1-AS1	20	13239685
GAPDHP2	20	13392677
TASP1	20	13638910
ESF1	20	13784895
NDUFAF5	20	13785088
SEL1L2	20	13961193
RNU6-278P	20	13973424
MACROD2	20	13995737
RPS3P1	20	14003508
AIMP1P1	20	14127400
RN7SL864P	20	14223041
FLRT3	20	14337610
RNU6-228P	20	14352320
RNF11P2	20	14547623
MACROD2-IT1	20	14590648
RPS10P2	20	14757563
MACROD2-AS1	20	14929523
RNU6-1159P	20	15021659
RNU6-115P	20	15022852
RNA5SP475	20	15280873
ENSAP1	20	15619819
PPIAP17	20	16224535
KIF16B	20	16573382
RPLP0P1	20	16586693
RPL7AP13	20	16684404
SNRPB2	20	16730014
OTOR	20	16749360
RNU6-27P	20	17187510
RNU1-131P	20	17209060
PCSK2	20	17227040
DYNLT3P1	20	17479431
RPS27AP2	20	17516843
BFSP1	20	17545164
DSTN	20	17570075
RN7SKP69	20	17576510
RRBP1	20	17682214
BANF2	20	17699948
RNU6-192P	20	17903762
SNORD17	20	17962946
SNX5	20	17968527
MGME1	20	17969073
PTMAP3	20	18011955
OVOL2	20	18058483
RPL15P1	20	18090715
RNU7-137P	20	18095632
PET117	20	18137863
KAT14	20	18137900
GGCTP2	20	18220113
RN7SL14P	20	18258851
RNU2-56P	20	18265879
ZNF133	20	18288535
RN7SKP74	20	18295451
ZNF133-AS1	20	18315111
LINC00851	20	18379015
GCNT1P1	20	18421454
RNA5SP476	20	18433842
DZANK1	20	18467029
POLR3F	20	18467396
MIR3192	20	18470615
RPL21P3	20	18485265
RBBP9	20	18497202
RPS19P1	20	18504633
SEC23B	20	18507924
SMIM26	20	18567432
DTD1	20	18587964
RN7SL638P	20	18592330
RNU6ATAC34P	20	18611167
DUXAP7	20	18643634
DTD1-AS1	20	18698709
EEF1A1P34	20	18783690
LCDR	20	18794078
LINC00652	20	18794289
SCP2D1-AS1	20	18813585
SCP2D1	20	18813783
SLC24A3	20	19212576
SLC24A3-AS1	20	19284596
RPL12P12	20	19823943
RIN2	20	19835986
NAA20	20	20017353
CRNKL1	20	20052448
CFAP61	20	20085462
RPL17P1	20	20253838
CFAP61-AS1	20	20267809
RN7SL690P	20	20316755
INSM1	20	20368104
RALGAPA2	20	20640806
EIF4E2P1	20	20659710
LLPHP1	20	20721187
RN7SL607P	20	20738731
MRPS11P1	20	20854642
LINC03083	20	20970150
LINC00237	20	21103122
RPL24P2	20	21114723
KIZ	20	21126051
RNA5SP477	20	21139074
RPS15AP1	20	21166596
KIZ-AS1	20	21218277
ZNF877P	20	21265854
XRN2	20	21303321
NKX2-4	20	21397526
RN7SKP140	20	21425041
GSTM3P1	20	21501395
NKX2-2-AS1	20	21512299
NKX2-2	20	21514064
BETALINC1	20	21530162
LINC01727	20	21569979
LINC01726	20	21703541
PAX1	20	21705943
SLC25A6P1	20	21743077
RPL41P1	20	21755270
LINC01432	20	22054074
LINC01427	20	22282486
BBLNP1	20	22343930
LINC00261	20	22578563
FOXA2	20	22584741
LNCNEF	20	22607853
LINC01747	20	22685321
KRT18P3	20	22734089
CYB5AP4	20	22886068
SSTR4	20	23035312
THBD	20	23049672
CD93	20	23086192
LINC00656	20	23128663
RNA5SP478	20	23160971
LINC03125	20	23180153
NXT1-AS1	20	23333991
NXT1	20	23350791
LINC01431	20	23358134
GZF1	20	23362255
RNA5SP479	20	23381012
NAPB	20	23421472
CSTL1	20	23436730
CST11	20	23452876
CST12P	20	23475700
CST8	20	23491109
CST13P	20	23520876
CST9LP1	20	23550652
CST9L	20	23568484
CST9LP2	20	23583645
CST9	20	23605917
CST3	20	23637959
CST4	20	23689038
CST2P1	20	23711406
CST1	20	23751101
CSTP2	20	23776169
CST2	20	23826729
CST5	20	23879914
CSTP1	20	23922169
GGTLC1	20	23986850
POM121L3P	20	23989292
LINC01721	20	24131545
RNU1-23P	20	24237255
GAPDHP53	20	24445391
SYNDIG1	20	24469675
LINC02967	20	24930633
CST7	20	24949270
RNU6-1257P	20	24974171
APMAP	20	24992750
ACSS1	20	25058178
VSX1	20	25082131
VTCN1P1	20	25099105
NIPAL1P1	20	25162061
ENTPD6	20	25195744
PYGB	20	25248070
PPIAP2	20	25368766
ABHD12	20	25390387
GINS1	20	25407707
NINL	20	25540373
RNU6ATAC17P	20	25611153
NANP	20	25624014
ZNF337-AS1	20	25624134
RN7SL594P	20	25654881
MED28P7	20	25670386
ZNF337	20	25696792
VN1R108P	20	25734264
BSNDP1	20	25783553
BSNDP2	20	25845497
FAM182B	20	25861571
CFTRP1	20	25919681
LINC01733	20	25955790
FAM182A	20	26009828
BSNDP3	20	26072351
NCOR1P1	20	26113986
MIR663A	20	26208278
MIR663AHG	20	26209234
FRG1CP	20	28602664
FRG1DP	20	29080390
DUX4L32	20	29318824
PCMTD1P7	20	29321666
DUX4L33	20	29324092
DUX4L34	20	29411600
FRG2EP	20	29416911
RARRES2P11	20	29427883
AGGF1P10	20	29430723
DUX4L35	20	29449306
FRG1EP	20	29497179
FAM242B	20	29531718
CFTRP2	20	29641778
CDC27P3	20	29746181
RNA5SP532	20	29874059
DUX4L37	20	29879363
CFTRP3	20	30214976
LINC01597	20	30289925
FAM242A	20	30349165
FRG1BP	20	30377164
MLLT10P1	20	30403384
ZNF285DP	20	30545601
ANKRD20A21P	20	30723855
RNA5SP528	20	30816274
DEFB115	20	31257664
DKKL1P1	20	31274170
CDK5RAP3P1	20	31286835
DEFB116	20	31308585
RPL31P3	20	31311962
HAUS6P2	20	31344471
RNA5SP480	20	31356870
DEFB117	20	31360790
DEFB118	20	31368601
DEFB119	20	31390569
DEFB121	20	31409526
DEFB122	20	31423975
DEFB123	20	31440632
REM1	20	31475280
DEFB124	20	31475942
LINC00028	20	31485736
HM13	20	31514521
MCTS2	20	31547406
HM13-IT1	20	31563166
HM13-AS1	20	31572994
RNU6-384P	20	31581089
ID1	20	31593606
MIR3193	20	31607186
COX4I2	20	31637914
BCL2L1-AS1	20	31675088
ABALON	20	31721507
BCL2L1	20	31722899
TPX2	20	31739293
ATP5MFP7	20	31808749
MYLK2	20	31819371
FOXS1	20	31845604
DUSP15	20	31870501
TTLL9	20	31875317
RNU1-94P	20	31901254
PDRG1	20	31952032
XKR7	20	31968151
RNA5SP481	20	32008351
CCM2L	20	32010441
RNA5SP482	20	32050588
HCK	20	32052251
TM9SF4	20	32109731
RSL24D1P6	20	32170790
PLAGL2	20	32207743
POFUT1	20	32207892
MIR1825	20	32237795
KIF3B	20	32277661
ASXL1	20	32359656
NOL4L	20	32528226
NOL4L-AS1	20	32561062
NOL4L-DT	20	32581963
C20orf203	20	32665651
BAK1P1	20	32690815
COMMD7	20	32743485
DNMT3B	20	32779852
MAPRE1	20	32820218
EFCAB8	20	32881089
SUN5	20	33004383
BPIFB2	20	33007704
BPIFB6	20	33030418
PUDPP3	20	33048152
BPIFB3	20	33053903
BPIFB4	20	33080585
BPIFA2	20	33164963
SOCS2P1	20	33187391
BPIFA4P	20	33195907
BPIFA3	20	33217327
BPIFA1	20	33235996
RPL12P3	20	33272657
BPIFB1	20	33283185
BPIFB5P	20	33316869
BPIFB9P	20	33347720
CDK5RAP1	20	33401505
SNTA1	20	33443706
CBFA2T2	20	33562365
C20orf144	20	33662846
ACTL10	20	33666943
NECAB3	20	33672562
E2F1	20	33686382
PXMP4	20	33720310
ZNF341	20	33732001
RPL31P2	20	33752543
ZNF341-AS1	20	33811074
CHMP4B	20	33811346
TPM3P2	20	33913336
PIGPP3	20	33965162
RALY-AS1	20	33993175
RALY	20	33993853
MIR4755	20	34049119
EIF2S2	20	34112243
RPS2P1	20	34122470
ASIP	20	34205374
XPOTP1	20	34215892
DENRP1	20	34246537
AHCY	20	34303336
ITCH	20	34363293
CDC42P1	20	34402696
ITCH-AS1	20	34442025
ITCH-IT1	20	34450930
MIR644A	20	34466325
FDX1P1	20	34476474
DYNLRB1	20	34516414
MAP1LC3A	20	34552727
PIGU	20	34677097
TP53INP2	20	34704580
NCOA6	20	34825601
HMGB3P1	20	34834462
GGT7	20	34872835
ACSS2	20	34876593
GSS	20	34955651
MYH7B	20	34977667
MIR499A	20	34990376
MIR499B	20	34990472
RNU6-407P	20	35030420
TRPC4AP	20	35092802
EDEM2	20	35147338
PROCR	20	35172072
RNA5SP483	20	35195306
MT1P3	20	35218009
MMP24	20	35226637
MMP24OS	20	35278102
EIF6	20	35284759
FAM83C-AS1	20	35284805
FAM83C	20	35292425
UQCC1	20	35411970
GDF5-AS1	20	35433029
GDF5	20	35439799
MIR1289-1	20	35454097
CEP250	20	35455724
CEP250-AS1	20	35490983
C20orf173	20	35529623
ERGIC3	20	35542081
RPL36P4	20	35544747
RPL37P1	20	35588324
FER1L4	20	35607494
SPAG4	20	35617035
RN7SKP271	20	35643143
RNU6-759P	20	35647430
CPNE1	20	35664861
RBM12	20	35664889
NFS1	20	35699304
ROMO1	20	35699423
RBM39	20	35742028
RPF2P1	20	35752814
PHF20	20	35772032
COX7BP2	20	35850915
HIGD1AP16	20	35878476
RNU4-40P	20	35887659
RNU6-937P	20	35928675
SCAND1	20	35954930
CNBD2	20	35968598
NORAD	20	36050961
HMGB3P2	20	36076601
EPB41L1	20	36122562
EPB41L1-AS1	20	36155741
AAR2	20	36236476
DLGAP4	20	36461479
MYL9	20	36541520
DLGAP4-AS1	20	36573306
TGIF2	20	36573772
TGIF2-RAB5IF	20	36574553
RAB5IF	20	36605800
HNRNPA3P2	20	36620403
SLA2	20	36646189
NDRG3	20	36746084
DSN1	20	36773774
MTCL2	20	36859873
RN7SL156P	20	36870099
TLDC2	20	36876126
SAMHD1	20	36951681
RPS3AP3	20	37021984
RPS27AP3	20	37049254
RBL1	20	37095993
RPN2	20	37179111
MROH8	20	37179514
GHRH	20	37261781
MANBAL	20	37289662
SRC	20	37346132
RPL7AP14	20	37445534
NNAT	20	37521245
BLCAP	20	37524539
PPIAP3	20	37530039
LINC01746	20	37571100
GLRXP1	20	37603185
LINC00489	20	37623119
CTNNBL1	20	37694111
VSTM2L	20	37903127
RN7SKP185	20	37975481
TTI1	20	38033438
RPRD1B	20	38033886
RN7SL237P	20	38098700
TGM2	20	38165298
KIAA1755	20	38260724
BPI	20	38304142
LBP	20	38346482
SNORA71B	20	38425354
SNORA71A	20	38427442
SNORA71C	20	38429803
SNORA71D	20	38433998
SNHG17	20	38434000
SNHG11	20	38446688
SNORA71E	20	38448084
SNORA60	20	38449370
RALGAPB	20	38472868
MIR548O2	20	38516563
RPS3P2	20	38537758
ADIG	20	38581196
ARHGAP40	20	38614402
SLC32A1	20	38724486
ACTR5	20	38748458
RN7SKP173	20	38761528
PPP1R16B	20	38805705
RN7SL116P	20	38872770
FAM83D	20	38926364
DHX35-DT	20	38962111
DHX35	20	38962355
NPM1P19	20	38978422
LINC01734	20	39224748
ATG3P1	20	39329924
RN7SL680P	20	39349392
HSPE1P1	20	39933239
LINC01370	20	40004299
MAFB	20	40689236
RNA5SP484	20	40854229
RNU2-52P	20	41024205
TOP1	20	41076183
PLCG1-AS1	20	41137533
PLCG1	20	41167192
MIR6871	20	41169023
RPL23AP81	20	41196691
RN7SL615P	20	41290577
ZHX3	20	41300092
ADI1P1	20	41331123
LPIN3	20	41340899
EMILIN3	20	41366818
RPL12P11	20	41547422
CHD6	20	41614773
RNU6-1018P	20	41685091
NEFHP2	20	41999397
PTPRT-AS1	20	42968743
RN7SKP100	20	43063326
PTPRT	20	43189906
PTPRT-DT	20	43190108
RN7SL666P	20	43222206
PPIAP21	20	43230760
RNU6-743P	20	43405473
EIF4EBP2P1	20	43423538
SRSF6	20	43457912
RNU6-1251P	20	43473013
L3MBTL1	20	43514503
SGK2	20	43559074
IFT52	20	43591046
RPL27AP	20	43652523
MYBL2	20	43667077
GTSF1L	20	43726849
RNU6-639P	20	43796543
LINC01728	20	43894668
TOX2	20	43916150
RN7SL443P	20	44007248
JPH2	20	44187299
OSER1	20	44210657
OSER1-DT	20	44211016
GDAP1L1	20	44247308
FITM2	20	44311202
R3HDML	20	44337043
R3HDML-AS1	20	44353662
HNF4A-AS1	20	44395662
HNF4A	20	44401270
MIR3646	20	44408120
LINC01620	20	44457973
RPL37AP1	20	44466842
TTPAL	20	44475900
SERINC3	20	44522062
PKIG	20	44536071
ADA	20	44651699
CCN5	20	44714902
KCNK15-AS1	20	44738993
KCNK15	20	44745865
RIMS4	20	44810408
PGBD4P2	20	44842539
YWHAB	20	44885746
PABPC1L	20	44932179
TOMM34	20	44960386
STK4-DT	20	44966461
STK4	20	44966632
KCNS1	20	45101119
WFDC5	20	45115168
WFDC12	20	45124465
PI3	20	45174902
SEMG1	20	45207033
SEMG2	20	45221373
SLPI	20	45254564
MATN4	20	45308428
RBPJL	20	45310443
SDC4	20	45348424
SYS1	20	45363147
SYS1-DBNDD2	20	45363359
NDUFB4P10	20	45388705
DBNDD2	20	45406616
TP53TG5	20	45406935
PIGT	20	45416313
MIR6812	20	45425510
WFDC2	20	45469754
RPL5P2	20	45491671
SPINT3	20	45515622
WFDC6	20	45539482
HSPD1P21	20	45540227
EPPIN	20	45547379
EPPIN-WFDC6	20	45547544
RNA5SP485	20	45559876
CCNB1IP1P2	20	45568807
WFDC8	20	45579305
WFDC10A	20	45629739
WFDC9	20	45631284
RPS2P7	20	45641370
WFDC11	20	45670239
WFDC10B	20	45696083
WFDC13	20	45702038
MIR3617	20	45705180
SPINT4	20	45722347
HNRNPA1P3	20	45746287
SPINT5P	20	45748313
RNU6ATAC38P	20	45778698
WFDC3	20	45791878
DNTTIP1	20	45791996
UBE2C	20	45812644
TNNC2	20	45830528
SNX21	20	45834136
ACOT8	20	45857371
ZSWIM3	20	45857614
ZSWIM1	20	45881227
SPATA25	20	45887622
NEURL2	20	45890842
CTSA	20	45891344
PLTP	20	45912099
PCIF1	20	45934696
ZNF335	20	45971923
FTLP1	20	45976075
MMP9	20	46008908
SLC12A5-AS1	20	46021900
SLC12A5	20	46029196
NCOA5	20	46089910
RPL13P2	20	46099518
CD40	20	46118300
CDH22	20	46308498
SLC35C2	20	46364389
ELMO2	20	46406591
ZNF663P	20	46457085
ZNF840P	20	46459441
MKRN7P	20	46465270
ZNF334	20	46513554
OCSTAMP	20	46550654
SLC13A3	20	46632672
TP53RK	20	46689442
TP53RK-DT	20	46689659
SLC2A10	20	46709678
RN7SKP33	20	46859333
RPL13P14	20	46864104
EYA2	20	46894885
EYA2-AS1	20	46901743
GAPDHP54	20	46997596
RPL27AP9	20	47071865
RPS2P54	20	47161700
MIR3616	20	47166967
ZMYND8	20	47356705
LINC01754	20	47412194
RPL35AP	20	47479010
RNU6-497P	20	47484381
RNU6-563P	20	47493085
NCOA3	20	47501914
SULF2	20	47785995
RNU7-173P	20	47827044
SRMP1	20	47859788
RNA5SP486	20	47873191
RNU7-92P	20	47904348
LINC01523	20	47983116
LINC01522	20	47990097
LINC03079	20	48073869
LINC00494	20	48359925
RNU7-144P	20	48494309
PREX1	20	48692684
ARFGEF2	20	48937307
SNAP23P1	20	49038602
CSE1L-DT	20	49046159
CSE1L	20	49046316
ARPC3P1	20	49134480
STAU1	20	49188334
DDX27	20	49219413
ZNFX1	20	49278049
ZFAS1	20	49278598
SNORD12C	20	49278940
SNORD12B	20	49280319
SNORD12	20	49280683
KCNB1	20	49482004
PTGIS	20	49568137
B4GALT5	20	49713878
RN7SL197P	20	49721949
SNRPFP1	20	49729842
RNU6-919P	20	49794811
SLC9A8	20	49812862
GLYR1P1	20	49829125
SPATA2	20	49915529
RNF114	20	49936398
KRT18P4	20	49956745
RNU6-147P	20	49972106
SNAI1	20	49982980
SCREEM1	20	50030467
TRERNA1	20	50041504
UBE2V1	20	50113166
PEDS1-UBE2V1	20	50153637
PEDS1	20	50153720
LINC01275	20	50166197
LINC01273	20	50172390
CEBPB	20	50190782
CEBPB-AS1	20	50191498
PELATON	20	50267499
LINC01270	20	50298198
LINC01271	20	50313371
RN7SL636P	20	50429483
COX6CP2	20	50479767
PTPN1	20	50510364
RN7SL672P	20	50557998
MIR645	20	50585786
MIR1302-5	20	50614785
RPL36P2	20	50620763
RIPOR3-AS1	20	50653149
RIPOR3	20	50691533
PARD6B	20	50731580
BCAS4	20	50795031
TMSB4XP6	20	50840749
PSMD10P1	20	50913731
ADNP-AS1	20	50930999
ADNP	20	50931216
DPM1	20	50958486
MOCS3	20	50958818
KCNG1	20	51023107
RPSAP1	20	51131667
MIR3194	20	51452977
NFATC2	20	51542736
RPL29P35	20	51734533
ATP9A	20	51768356
SALL4	20	51802475
LINC01429	20	51862912
RNU6-347P	20	51902291
RNU7-6P	20	51904969
ERP29P1	20	52111049
ZFP64	20	52191697
LINC01524	20	52340268
MRPS33P4	20	52511252
RPL36P1	20	52890162
RN7SKP184	20	53097652
TSHZ2	20	53220631
PPIAP10	20	53421199
TSHZ2-AS1	20	53504314
ZNF217-AS1	20	53552770
ZNF217	20	53593839
RNU7-14P	20	53668758
SUMO1P1	20	53875557
BCAS1-AS1	20	53915489
MIR4756	20	54068485
BCAS1	20	54070538
CYP24A1	20	54172684
PFDN4	20	54208083
DOK5	20	54475670
RNU4ATAC7P	20	54859812
RPL12P4	20	55074644
LINC01440	20	55423050
LINC01441	20	55432525
CBLN4	20	56005519
RNA5SP487	20	56205173
MC3R	20	56248732
FAM210B	20	56359041
AURKA	20	56392220
CSTF1	20	56392650
CASS4	20	56412260
RPL39P	20	56459583
RTF2	20	56468660
FAM209A	20	56520965
GCNT7	20	56525925
FAM209B	20	56533246
LINC01716	20	56577563
RPS4XP3	20	56601701
TFAP2C	20	56629770
RNU6-1146P	20	56667430
RN7SL170P	20	56688401
PTMAP6	20	56701514
RNU6-929P	20	56786087
BMP7-AS1	20	57214290
BMP7	20	57244034
MIR4325	20	57321591
RPL39P39	20	57328546
SPO11	20	57329859
RAE1	20	57351277
MTND1P9	20	57358369
RBM38	20	57391453
RBM38-AS1	20	57392687
HMGB1P1	20	57495366
CTCFL	20	57525140
PCK1	20	57561110
ZBP1	20	57620433
PMEPA1	20	57710015
NKILA	20	57710169
LINC01742	20	58002632
HSPD1P19	20	58097267
CIMIP1	20	58150902
ANKRD60	20	58228653
PPP4R1L	20	58286399
RAB22A	20	58309713
VAPB	20	58389285
APCDD1L	20	58515261
APCDD1L-DT	20	58515499
LINC01711	20	58634772
STX16	20	58651314
STX16-NPEPL1	20	58662536
NPEPL1	20	58693032
PIEZO1P2	20	58783821
MIR296	20	58817694
MIR298	20	58818313
GNAS-AS1	20	58850890
GNAS	20	58889223
NELFCD	20	58981276
CTSZ	20	59007239
TUBB1	20	59019429
ATP5F1E	20	59032340
PRELID3B	20	59042807
MRPS16P2	20	59113224
ZNF831	20	59123404
EDN3	20	59300614
PIEZO1P1	20	59460837
PHACTR3	20	59616574
PHACTR3-AS1	20	59628284
RNU7-141P	20	59852728
SYCP2	20	59921483
PPP1R3D	20	59940305
FAM217B	20	59940393
CDH26	20	59991657
MIR646HG	20	60087847
MIR646	20	60308474
MTCO2P1	20	60414872
MIR4533	20	60478111
MIR548AG2	20	60564562
LINC01718	20	61079055
CDH4	20	61570135
CDH4-AS2	20	61719748
CDH4-AS1	20	61755095
MIR1257	20	61953662
TAF4	20	62007874
RPL17P48	20	62037956
MIR3195	20	62064802
LSM14B	20	62122476
PSMA7	20	62143392
SS18L1	20	62161418
MTG2	20	62183051
HRH3	20	62220278
OSBPL2	20	62238564
ADRM1	20	62302982
LAMA5	20	62317717
MIR4758	20	62332557
LAMA5-AS1	20	62352988
RPS21-DT	20	62387002
RPS21	20	62387052
CABLES2	20	62407287
RBBP8NL	20	62427539
GATA5	20	62475923
MIR1-1HG	20	62550453
CRMA	20	62550739
MIR1-1	20	62554306
MIR133A2	20	62564912
RPL7P3	20	62572671
LINC02970	20	62603175
SLCO4A1	20	62650042
SLCO4A1-AS2	20	62650767
SLCO4A1-AS1	20	62666651
LINC00686	20	62700525
NTSR1	20	62732733
NTSR1-AS1	20	62735347
LINC00659	20	62776953
MRGBP	20	62796481
OGFR	20	62804837
OGFR-AS1	20	62805946
COL9A3	20	62831355
DPH3P1	20	62845664
TCFL5	20	62861798
ARF4P2	20	62873076
DIDO1	20	62926504
GID8	20	62938147
SLC17A9	20	62952711
BHLHE23	20	63006999
LINC01749	20	63008729
LINC00029	20	63036396
LINC01056	20	63038011
HAR1B	20	63102316
HAR1A	20	63103064
MIR124-3	20	63178500
YTHDF1	20	63216134
BIRC7	20	63235905
MIR3196	20	63238779
NKAIN4	20	63249264
ARFGAP1	20	63272833
MIR4326	20	63286808
COL20A1	20	63307063
RNU6-994P	20	63337339
CHRNA4	20	63359839
KCNQ2-AS1	20	63448051
KCNQ2	20	63460934
EEF1A2	20	63499180
PPDPF	20	63520776
PTK6	20	63537355
SRMS	20	63547749
FNDC11	20	63553708
HELZ2	20	63568074
GMEB2	20	63627087
MHENCR	20	63627209
STMN3	20	63653436
RTEL1	20	63658614
RTEL1-TNFRSF6B	20	63687270
TNFRSF6B	20	63696619
ARFRP1	20	63707878
ZGPAT	20	63708068
LIME1	20	63736655
SLC2A4RG	20	63740243
ZBTB46-AS2	20	63745044
ZBTB46-AS1	20	63808084
ZBTB46	20	63830966
C20orf181	20	63843915
ABHD16B	20	63861498
TPD52L2	20	63865270
DNAJC5	20	63895182
RNU1-134P	20	63908955
MIR941-1	20	63919449
MIR941-2	20	63919505
MIR941-3	20	63919561
MIR941-4	20	63919756
MIR941-5	20	63919868
MIR1914	20	63941544
MIR647	20	63942726
UCKL1-AS1	20	63953384
UCKL1	20	63956413
ZNF512B	20	63969931
SAMD10	20	63979984
PRPF6	20	63981120
C20orf204	20	64036182
SOX18	20	64049639
TCEA2	20	64063215
MIR6813	20	64077010
RGS19	20	64079642
LKAAEAR1	20	64084398
OPRL1	20	64084915
NPBWR2	20	64107368
MYT1	20	64164452
PCMTD2	20	64255768
IL9RP5	20	64278306
CICP4	20	64292998
IQSEC3P3	20	64327972
LINC01670	21	5502551
LINC03104	21	5553684
CTBP2P10	21	7129103
LINC03105	21	7430688
CTBP2P9	21	7627528
MIR6724-1	21	8205315
MIR3648-1	21	8208473
RNA5-8SN2	21	8212572
MIR6724-2	21	8249505
MIR6724-3	21	8388362
RNA5-8SN3	21	8395607
MIR6724-4	21	8432530
RNA5-8SN1	21	8439823
RPSAP68	21	8603547
SNX18P10	21	8801880
LINC01666	21	8815565
MTCO1P1	21	8845566
MIR3648-2	21	8986999
CDRT15P9	21	9027329
SOWAHCP2	21	9083101
TEKT4P2	21	9129758
SNX18P12	21	9365225
NCOR1P4	21	9548885
LINC01667	21	9810503
RN7SL52P	21	9902627
CDRT15P8	21	10136419
EIF3FP1	21	10330732
VN1R7P	21	10357400
BAGE2	21	10454134
TPTE	21	10521573
CYCSP41	21	10576292
SLC25A15P4	21	10613379
IGHV1OR21-1	21	10649835
ANKRD30BP2	21	13038208
RNU6-614P	21	13047583
ZNF355P	21	13113790
BNIP3P43	21	13120244
FGF7P2	21	13349265
MIR3156-3	21	13406460
ANKRD30BP1	21	13427773
VN1R8P	21	13476371
GTF2IP2	21	13489176
LINC01674	21	13516106
SNX19P1	21	13525599
OR4K11P	21	13545185
OR4K12P	21	13582004
POTED	21	13609817
RNU6-286P	21	13621577
MIR3118-1	21	13644850
GRAMD4P1	21	13667546
CXADRP1	21	13676022
LONRF2P5	21	13704853
MIR8069	21	13724189
FEM1AP1	21	13762338
TERF1P1	21	13776086
FAM207CP	21	13792635
GXYLT1P2	21	13825635
CNN2P7	21	13826696
ZNF114P1	21	13839118
CYP4F29P	21	13847713
SNX18P13	21	13906488
RHOT1P2	21	13937325
RNU6-954P	21	13968595
ANKRD20A11P	21	13979911
NF1P3	21	14000927
PPP6R2P1	21	14007134
FRG2MP	21	14020725
ANKRD20A18P	21	14064325
RNA5SP488	21	14070871
ERLEC1P1	21	14143581
LIPI	21	14210887
RBM11	21	14216153
ABCC13	21	14274092
HSPA13	21	14383315
SAMSN1	21	14546352
SAMSN1-AS1	21	14585012
POLR2CP1	21	14757588
GAPDHP16	21	14774301
RBMX2P1	21	14829989
ASMER1	21	14917951
NRIP1	21	15065407
LINC02920	21	15067070
CYCSP42	21	15490767
RNU6-1326P	21	15614283
RAD23BP3	21	15696581
USP25	21	15729984
RBPMSLP	21	15745080
RNU6-426P	21	16035509
VDAC2P1	21	16095372
RPS26P5	21	16121644
MIR99AHG	21	16194561
SNORD74B	21	16284768
MIR99A	21	16539089
MIRLET7C	21	16539828
MIR125B2	21	16590237
RNU1-98P	21	16718998
NEK4P1	21	17211347
RNU6-113P	21	17431547
LINC01549	21	17438835
RPL39P40	21	17500824
RN7SL163P	21	17506453
CXADR	21	17513033
BTF3L4P1	21	17518993
BTG3-AS1	21	17611744
BTG3	21	17612874
C21orf91-OT1	21	17792509
C21orf91	21	17819351
CHODL-AS1	21	17885608
RPL37P3	21	17894485
CHODL	21	18244833
TMPRSS15	21	18460731
MIR548X	21	18686164
MIR548XHG	21	18759924
PPIAP22	21	18857779
SLC6A6P1	21	19244543
RNU1-139P	21	19345148
RPL37P4	21	19593841
NIPA2P3	21	19620695
SREK1IP1P1	21	19739709
C1QBPP1	21	19760128
LINC01683	21	19900019
LINC02573	21	20258725
RNU6-772P	21	20355852
RN7SKP147	21	20356653
FDPSP6	21	20388334
KRT18P2	21	20426206
RPS3AP1	21	20430762
LINC00320	21	20803113
PPIAP1	21	20828622
NCAM2	21	21280576
LINC00317	21	21737319
LINC01425	21	21746956
LINC01687	21	22062624
LINC00308	21	22098616
RNU4-45P	21	22205192
MAPK6P2	21	22438349
MIR6130	21	23079284
ZNF299P	21	23091831
MSANTD2P1	21	23101223
RNU2-55P	21	23281909
EEF1A1P1	21	23390258
TUBAP1	21	23409128
LINC01689	21	24315635
LINC01684	21	24428749
LINC01692	21	24840571
RN7SKP236	21	25101132
RNA5SP489	21	25202207
RPL13AP7	21	25361821
LINC00158	21	25424762
MIR155HG	21	25562038
MIR155	21	25573980
MRPL39	21	25607502
RNGTTP1	21	25643489
JAM2	21	25664801
FDX1P2	21	25692180
ATP5PF	21	25734951
GABPA	21	25735221
LLPHP2	21	25763333
RNU6-123P	21	25943145
APP	21	26170660
APP-DT	21	26170891
RNU6-926P	21	26190707
CYYR1-AS1	21	26390104
CYYR1	21	26573255
ADAMTS1	21	26843073
MIR4759	21	26953961
ADAMTS5	21	26966657
GPX1P2	21	27143949
EIF4A1P1	21	27367947
RPL10P1	21	27421023
NCSTNP1	21	27492118
LINC01673	21	27638663
LINC00113	21	27722398
LINC00314	21	27954908
LINC01697	21	28087142
LINC01695	21	28170143
LINC00161	21	28539470
LINC03138	21	28772100
HEMK2	21	28885369
HSPD1P7	21	28889272
THUMPD1P1	21	28903697
LTN1	21	28992861
RPL23P2	21	28998033
RWDD2B	21	29019349
USP16	21	29024707
CCT8	21	29073637
MAP3K7CL	21	29092512
RPL12P9	21	29128188
LINC00189	21	29193487
GAPDHP14	21	29222321
BACH1	21	29299160
BACH1-IT1	21	29351634
BACH1-IT2	21	29370623
BACH1-AS1	21	29373782
BACH1-IT3	21	29496047
GRIK1-AS1	21	29749063
GRIK1	21	29939912
CLDN17	21	30166805
LINC00307	21	30211783
CLDN8	21	30216097
RPL8P2	21	30263881
KRTAP24-1	21	30282950
KRTAP25-1	21	30289514
KRTAP26-1	21	30320315
KRTAP27-1	21	30337694
KRTAP23-1	21	30348606
KRTAP13-6P	21	30356885
KRTAP13-2	21	30372271
MIR4327	21	30375378
KRTAP13-1	21	30396031
KRTAP13-3	21	30425926
KRTAP13-4	21	30430220
KRTAP13-5P	21	30436964
KRTAP15-1	21	30440275
KRTAP19-1	21	30480367
KRTAP19-2	21	30487436
KRTAP19-3	21	30492013
KRTAP19-4	21	30497165
KRTAP19-5	21	30502141
KRTAP19-9P	21	30510497
KRTAP19-10P	21	30514799
KRTAP19-11P	21	30537381
KRTAP19-6	21	30541864
KRTAP19-7	21	30561314
KRTAP22-2	21	30590397
KRTAP6-3	21	30592440
KRTAP6-2	21	30598902
KRTAP22-1	21	30601087
KRTAP6-1	21	30613930
KRTAP20-1	21	30616425
KRTAP20-4	21	30620627
KRTAP20-2	21	30635206
KRTAP20-3	21	30642864
KRTAP21-3	21	30718777
KRTAP21-4P	21	30742595
KRTAP21-2	21	30747259
KRTAP21-1	21	30755428
KRTAP8-2P	21	30802427
KRTAP8-3P	21	30807119
KRTAP8-1	21	30813274
KRTAP7-1	21	30829759
KRTAP11-1	21	30881580
KRTAP19-8	21	31038476
UBE3AP2	21	31063168
TIAM1	21	31451515
MTRES1P2	21	31452466
TIAM1-AS1	21	31559245
FBXW11P1	21	31628600
SOD1-DT	21	31658819
SOD1	21	31659672
HMGN1P2	21	31706555
SCAF4	21	31732095
TPT1P1	21	31840341
HUNK	21	31924552
HUNK-AS1	21	32021782
LINC00159	21	32096243
MIS18A	21	32279042
MIS18A-AS1	21	32279200
MRAP	21	32298891
MRAP-AS1	21	32308718
SNORA80A	21	32377322
URB1	21	32393011
URB1-AS1	21	32393048
EVA1C	21	32412553
EXOSC3P1	21	32496812
RNA5SP490	21	32563075
TCP10L	21	32582441
CFAP298-TCP10L	21	32612368
CFAP298	21	32612407
OR7E23P	21	32621084
SYNJ1	21	32727930
PAXBP1-AS1	21	32728238
PAXBP1	21	32771687
EPCIP-AS1	21	32772174
EPCIP	21	32813689
LINC01690	21	32958828
OLIG2	21	33025936
LINC00945	21	33057904
OLIG1	21	33070965
LINC01548	21	33170643
IFNAR2	21	33230066
IL10RB-DT	21	33266301
IL10RB	21	33266394
IFNAR1	21	33324963
USF1P1	21	33334596
IFNGR2	21	33403429
TMEM50B	21	33479933
RPS5P3	21	33482195
DNAJC28	21	33491716
BTF3P6	21	33519108
GART	21	33542120
MIR6501	21	33550662
SON	21	33567160
DONSON	21	33588692
CRYZL1	21	33641721
ITSN1	21	33750107
ATP5PO	21	33915780
RN7SL740P	21	33919338
LINC00649	21	33941482
SLC5A3	21	34073578
MRPS6	21	34073585
RPS5P2	21	34136071
LINC00310	21	34180761
KCNE2	21	34272367
SMIM11	21	34375518
C21orf140	21	34401072
SMIM34	21	34423951
KCNE1	21	34511285
RCAN1	21	34526850
CLIC6	21	34669020
LINC00160	21	34735993
LINC01426	21	34745837
RUNX1-AS1	21	34836586
RUNX1	21	35049288
RUNX1-AS2	21	35136638
RPL34P3	21	35472432
EZH2P1	21	35600022
MIR802	21	35720715
RPS20P1	21	35725100
PPP1R2P2	21	35887195
LINC01436	21	36005131
RPL23AP3	21	36016546
RIMKLBP1	21	36050214
SETD4	21	36060313
SETD4-AS1	21	36060384
RNU6-992P	21	36066545
CBR1	21	36070019
CBR1-AS1	21	36075602
MEMO1P1	21	36130489
RPS9P1	21	36132450
CBR3	21	36135107
CBR3-AS1	21	36156305
DOP1B	21	36156883
RPL3P1	21	36170180
SRSF9P1	21	36295702
MORC3	21	36333419
CHAF1B	21	36385389
ATP5MFP1	21	36389112
LNCTSI	21	36430353
CLDN14	21	36480181
PSMD4P1	21	36487411
SIM2	21	36699134
HLCS-IT1	21	36806284
RNA5SP491	21	36851911
DPRXP5	21	36943267
HLCS-AS1	21	36966498
HLCS	21	36980708
MRPL20P1	21	36994643
RIPPLY3	21	37006202
RNU6-696P	21	37045530
PIGP	21	37073028
TTC3	21	37083626
TTC3-AS1	21	37193926
DSCR9	21	37208389
RN7SL678P	21	37215605
VPS26C	21	37267348
DYRK1A	21	37371667
KCNJ6	21	37916457
DSCR4-IT1	21	38010618
DSCR4	21	38121339
DSCR8	21	38121462
DSCR10	21	38206156
SPATA20P1	21	38238664
KCNJ15	21	38257083
LINC01423	21	38333392
ERG	21	38498477
SNRPGP13	21	38502445
LINC00114	21	38747520
ETS2	21	38805928
RPSAP64	21	38894917
ETS2-AS1	21	38926135
LINC01700	21	38977774
LINC02940	21	39006917
LINC02943	21	39029128
RPL23AP12	21	39127568
PCBP2P1	21	39172106
PSMG1	21	39183446
TIMM9P2	21	39216624
BRWD1-IT1	21	39219805
METTL21AP1	21	39236020
BRWD1	21	39313445
BRWD1-AS1	21	39313925
HMGN1	21	39349063
RNF6P1	21	39377066
GET1-SH3BGR	21	39380340
GET1	21	39380482
LCA5L	21	39445756
MIR6508	21	39447010
SH3BGR	21	39451887
MYL6P2	21	39488327
RPS26P4	21	39491898
JCADP1	21	39525583
B3GALT5-AS1	21	39612743
B3GALT5	21	39614060
IGSF5	21	39751172
PCP4	21	39867445
MIR4760	21	40212431
DSCAM	21	40369270
DSCAM-AS1	21	40383067
DSCAM-IT1	21	40630767
YRDCP3	21	40863994
LINC00323	21	41158456
MIR3197	21	41167557
BACE2	21	41168152
BACE2-IT1	21	41180097
PLAC4	21	41186789
FAM3B	21	41316786
MX2	21	41370213
MX1	21	41426130
MX1-AS1	21	41445708
TMPRSS2	21	41508065
PCSEAT	21	41580477
LINC00111	21	41679181
LINC00479	21	41714055
LINC00112	21	41715829
MIR6814	21	41746841
RIPK4	21	41767070
PRDM15	21	41836894
C2CD2	21	41926690
ZBTB21	21	42010345
ZNF295-AS1	21	42022028
UMODL1	21	42098350
UMODL1-AS1	21	42108534
ABCG1	21	42219140
RNA5SP492	21	42221173
TFF3	21	42315336
TFF2	21	42350995
TFF1	21	42366535
TMPRSS3	21	42395953
UBASH3A	21	42403891
RNU6-1149P	21	42417593
RSPH1	21	42496246
RSPH1-DT	21	42496539
SLC37A1	21	42513888
LINC01671	21	42615094
PDE9A	21	42653749
PDE9A-AS1	21	42741733
LINC01668	21	42781343
WDR4	21	42879535
NDUFV3	21	42893288
ERVH48-1	21	42925630
MIR5692B	21	42951014
PKNOX1	21	42975130
CBS	21	43075832
U2AF1	21	43107528
MRPL51P2	21	43115709
FRGCA	21	43141635
CRYAA	21	43169601
LINC00322	21	43332019
LINC01679	21	43362569
SIK1	21	43424482
LINC00319	21	43446601
LINC00313	21	43471792
RPL31P1	21	43551229
H2BC12L	21	43565182
MIR6070	21	43609989
HSF2BP	21	43659484
RRP1B	21	43672846
PDXK	21	43728730
CSTB	21	43776324
TMEM97P1	21	43783123
RRP1	21	43789559
AATBC	21	43811337
MYL6P1	21	43856342
RNU6-859P	21	43919901
AGPAT3	21	43946978
RNU6-1150P	21	43996420
TRAPPC10	21	44012330
H2AZP1	21	44047041
PWP2	21	44114576
GATD3	21	44133683
LINC01678	21	44160076
ICOSLG	21	44240958
DNMT3L-AS1	21	44250813
DNMT3L	21	44261889
AIRE	21	44285876
PFKL	21	44300074
CFAP410	21	44338784
TRPM2	21	44353621
TRPM2-AS	21	44421006
LRRC3-DT	21	44455293
LRRC3	21	44455510
MTCYBP21	21	44472516
MTND6P21	21	44472895
MTND5P1	21	44475097
HEPFAL	21	44475723
LINC02575	21	44485486
TSPEAR-AS1	21	44517393
KRTAP10-1	21	44540195
KRTAP10-2	21	44551505
KRTAP10-3	21	44558795
KRTAP10-4	21	44573729
KRTAP10-5	21	44580604
KRTAP10-6	21	44592505
KRTAP10-7	21	44600597
KRTAP10-8	21	44612079
KRTAP10-9	21	44627108
KRTAP10-10	21	44637356
KRTAP10-11	21	44646414
KRTAP12-4	21	44654659
KRTAP12-3	21	44657932
KRTAP12-2	21	44666927
IMMTP1	21	44678086
KRTAP12-1	21	44682163
KRTAP12-5P	21	44686358
KRTAP10-12	21	44697172
KRTAP10-13P	21	44702221
TSPEAR	21	44711559
UBE2G2	21	44801802
LINC01424	21	44801906
SUMO3	21	44818093
PTTG1IP	21	44873681
ITGB2	21	44914964
ITGB2-AS1	21	44921326
LINC01547	21	44939917
SLX9	21	44940025
LINC00163	21	44994077
LINC00165	21	44995185
PICSAR	21	45004609
SSR4P1	21	45072239
ADARB1	21	45074608
LINC00334	21	45234352
POFUT2	21	45287877
LINC00205	21	45293149
LINC00315	21	45317576
LINC00316	21	45348022
MTCO1P3	21	45376382
BNAT1	21	45404943
COL18A1	21	45405165
COL18A1-AS2	21	45410065
COL18A1-AS1	21	45425055
MIR6815	21	45478266
SLC19A1	21	45542442
LINC01694	21	45590788
PCBP3	21	45749538
PCBP3-AS1	21	45837987
COL6A1	21	45999400
PSMA6P3	21	46072248
COL6A2-DT	21	46097530
COL6A2	21	46098140
FTCD	21	46146604
FTCD-AS1	21	46151614
SPATC1L	21	46184458
LSS	21	46228776
MCM3AP-AS1	21	46229225
MCM3AP	21	46270342
YBEY	21	46286381
C21orf58	21	46323383
PCNT	21	46418866
RPL18AP2	21	46421034
DIP2A	21	46459057
DIP2A-IT1	21	46462471
RNU6-396P	21	46525618
S100B	21	46605079
PRMT2	21	46635674
DSTNP1	21	46654022
RPL23AP4	21	46690764
FRG1FP	22	10961338
ACTR3BP7	22	11124337
ZNF73P	22	11474744
FRG1GP	22	12602466
ZNF72BP	22	15343065
BNIP3P2	22	15349467
YME1L1P1	22	15489990
OR11H1	22	15528192
ARHGAP42P3	22	15553838
USP10P3	22	15564276
SSBP3P3	22	15573265
NEK2P2	22	15613096
NF1P6	22	15632051
MED15P7	22	15644330
POTEH	22	15690136
RNU6-816P	22	15701459
POTEH-AS1	22	15703403
GRAMD4P2	22	15750825
PSLNR	22	15774888
DUXAP8	22	15784959
BMS1P22	22	15806503
NBEAP3	22	15852990
TOMM40P2	22	15855243
ABCD1P4	22	16387694
PABPC1P9	22	16423943
SLC9B1P4	22	16476870
ACTR3BP6	22	16486985
CHEK2P4	22	16503304
KCNMB3P1	22	16582707
CCT8L2	22	16592810
FABP5P11	22	16595485
TPTEP1	22	16601882
SLC25A15P5	22	16646581
PARP4P3	22	16659628
ANKRD62P1-PARP4P3	22	16675496
ANKRD62P1	22	16679493
VWFP1	22	16704477
LINC01665	22	16748483
XKR3	22	16823555
HSFY1P1	22	16827512
GPM6BP3	22	16837522
ZNF402P	22	16860718
MTND1P17	22	16876421
IGKV1OR22-5	22	16904696
IGKV2OR22-4	22	16914981
IGKV2OR22-3	22	16922173
IGKV3OR22-2	22	16926444
IGKV1OR22-1	22	16934003
GAB4	22	17008056
IL9RP6	22	17012404
VN1R9P	22	17022570
CECR7	22	17044873
IL17RA	22	17084998
RPL31P62	22	17093939
LINC01664	22	17120405
TMEM121B	22	17121363
HDHD5	22	17159274
HDHD5-AS1	22	17159344
RPL32P5	22	17192936
FAM32BP	22	17213516
ADA2	22	17219393
CECR3	22	17266777
CECR9	22	17329034
RN7SL843P	22	17353177
CECR2	22	17398874
TERF2IPP1	22	17418697
CLCP1	22	17424775
DNAJA1P6	22	17519029
SLC25A18	22	17569149
ATP6V1E1	22	17628748
BCL2L13	22	17638737
MIR3198-1	22	17764259
BID	22	17774469
LINC00528	22	17777321
MICAL3	22	17876739
MIR648	22	17980961
RHEBP3	22	18019214
LINC01634	22	18029295
PEX26	22	18077990
ARL2BPP10	22	18103649
TUBA8	22	18110687
USP18	22	18149888
FAM230D	22	18202462
GGTLC5P	22	18340145
FAM230J	22	18386526
PPP1R26P3	22	18404206
FAM230A	22	18422242
FAM247B	22	18512468
GGTLC3	22	18518116
TMEM191B	22	18528947
PI4KAP1	22	18548798
RN7SKP131	22	18606102
RIMBP3	22	18611919
SUSD2P2	22	18625289
FAM246B	22	18633984
CA15P2	22	18638405
PPP1R26P2	22	18653617
PPP1R26P4	22	18715815
FAM230E	22	18733918
GGT3P	22	18791223
E2F6P1	22	18833694
POM121L15P	22	18846932
BCRP7	22	18858640
FAM230F	22	18894425
DGCR6	22	18906352
PRODH	22	18936291
DGCR5	22	18970575
CELSR1P1	22	18985836
FAM246C	22	19029524
CA15P1	22	19034564
DGCR11	22	19048375
RPL28P6	22	19055801
DGCR2	22	19122412
TSSK1A	22	19124879
TSSK2	22	19131308
ESS2	22	19144655
GSC2	22	19150292
LINC01311	22	19171690
SLC25A1	22	19178737
RPL34P35	22	19238739
KRT18P62	22	19257520
CLTCL1	22	19291715
RN7SL168P	22	19365766
HIRA	22	19431732
MRPL40	22	19432562
C22orf39	22	19447692
UFD1-AS1	22	19447763
UFD1	22	19479185
CDC45	22	19479916
CLDN5	22	19525403
LINC00895	22	19566816
SEPTIN5	22	19718295
GP1BB	22	19723539
TBX1	22	19760118
RPL7AP70	22	19792294
GNB1L	22	19854829
RTL10	22	19854874
RPL8P5	22	19887289
TXNRD2	22	19918177
COMT	22	19950942
MIR4761	22	19963753
ARVCF	22	19988991
TANGO2	22	20021114
MIR185	22	20033139
DGCR8	22	20080285
MIR3618	22	20085746
MIR1306	22	20086058
MIR6816	22	20114751
TRMT2A	22	20117085
RANBP1	22	20117557
SNORA77B	22	20126402
ZDHHC8	22	20131836
CCDC188	22	20150479
LINC02891	22	20210326
LINC00896	22	20224123
MIR1286	22	20249211
RTN4R	22	20268841
PRODHLP	22	20299760
DGCR6L	22	20320047
FAM230G	22	20338436
USP41P	22	20377251
ZNF74	22	20394174
RNU6-225P	22	20416899
SCARF2	22	20437888
KLHL12P1	22	20450122
RNY1P9	22	20475311
RN7SL812P	22	20482213
KRT18P5	22	20484105
KLHL22	22	20495795
MED15	22	20507641
CCDC74BP1	22	20592218
SMPD4P1	22	20626134
IGLL4P	22	20632619
SLC9A3P2	22	20652730
ABHD17AP4	22	20670984
POM121L4P	22	20689929
BCRP5	22	20698934
TMEM191A	22	20702007
SERPIND1	22	20774113
PI4KA	22	20799088
SNAP29	22	20859025
CRKL	22	20917420
LINC01637	22	20957096
AIFM3	22	20966363
LZTR1	22	20988840
THAP7-AS1	22	21001854
THAP7	22	21002111
TUBA3FP	22	21014289
P2RX6	22	21015167
SLC7A4	22	21032561
MIR649	22	21034272
P2RX6P	22	21045017
LRRC74B	22	21045970
TUBA3GP	22	21065462
BCRP2	22	21115929
POM121L7P	22	21128063
E2F6P2	22	21142371
FAM230B	22	21167829
FAM247A	22	21203631
GGT2P	22	21225554
E2F6P3	22	21268161
POM121L8P	22	21282881
BCRP6	22	21294586
FAM230H	22	21324967
PPP1R26P5	22	21341595
LINC01651	22	21354588
FAM246A	22	21361299
SUSD2P1	22	21370064
RIMBP3B	22	21383751
RN7SKP63	22	21389191
HIC2	22	21417371
TMEM191C	22	21467428
PI4KAP2	22	21488358
RN7SKP221	22	21545644
RIMBP3C	22	21551461
UBE2L3	22	21567724
YDJC	22	21630036
CCDC116	22	21632718
SDF2L1	22	21642306
MIR301B	22	21652981
MIR130B	22	21653304
PPIL2	22	21666049
RN7SL280P	22	21723182
YPEL1	22	21735758
RNA5SP493	22	21792434
MAPK1	22	21867657
MPPE1P2	22	21885673
PPM1F-AS1	22	21938293
PPM1F	22	21938580
TOP3B	22	21982780
PRAMENP	22	21995428
IGLVI-70	22	22026076
IGLV4-69	22	22030934
IGLVI-68	22	22032745
IGLV10-67	22	22043618
IGLVIV-66-1	22	22058433
IGLVV-66	22	22061077
IGLVIV-65	22	22070225
IGLVIV-64	22	22075366
IGLVI-63	22	22079770
IGLV1-62	22	22086561
IGLV8-61	22	22098700
ABHD17AP5	22	22118005
IGLV4-60	22	22162199
SOCS2P2	22	22171556
IGLVIV-59	22	22179228
IGLVV-58	22	22182582
BMP6P1	22	22185941
IGLV6-57	22	22195799
IGLVI-56	22	22198560
IGLV11-55	22	22201663
IGLV10-54	22	22214794
IGLVIV-53	22	22219647
TOP3BP1	22	22224566
VPREB1	22	22244783
BMS1P20	22	22303224
IGLV5-52	22	22318727
IGLV1-51	22	22322472
IGLV1-50	22	22327300
ASH2LP3	22	22339573
IGLV9-49	22	22343187
IGLV5-48	22	22352940
IGLV1-47	22	22357739
ASH2LP2	22	22366210
IGLV7-46	22	22369614
IGLV5-45	22	22375986
IGLV1-44	22	22380766
IGLV7-43	22	22395018
IGLVI-42	22	22397032
IGLVVII-41-1	22	22398849
IGLV1-41	22	22404207
IGLV1-40	22	22409766
ASH2LP1	22	22420326
IGLVI-38	22	22425821
IGLV5-37	22	22427540
IGLV1-36	22	22431958
ASH2LP4	22	22446686
IGLV7-35	22	22450202
ZNF280B	22	22508733
ZNF280A	22	22520270
PRAME	22	22559204
IGLV2-34	22	22580014
IGLV2-33	22	22588155
IGLV3-32	22	22594528
IGLV3-31	22	22604445
IGLV3-30	22	22618572
BCRP4	22	22630065
POM121L1P	22	22644085
GGTLC2	22	22644658
IGLV3-29	22	22661299
IGLV2-28	22	22664473
IGLV3-27	22	22668288
IGLV3-26	22	22673152
IGLVVI-25-1	22	22679097
IGLV3-25	22	22686726
IGLV3-24	22	22694439
IGLV2-23	22	22697789
IGLVVI-22-1	22	22700760
IGLV3-22	22	22704265
IGLV3-21	22	22711689
IGLVI-20	22	22715290
IGLV3-19	22	22720623
IGLV2-18	22	22734607
IGLV3-17	22	22738944
IGLV3-16	22	22747383
IGLV3-15	22	22755554
IGLV2-14	22	22758700
IGLV3-13	22	22762294
IGLV3-12	22	22771824
IGLV2-11	22	22792491
IGLV3-10	22	22811747
IGLV3-9	22	22819010
IGLV2-8	22	22822658
MIR650	22	22822776
IGLV3-7	22	22838602
IGLV3-6	22	22850375
IGLV2-5	22	22856762
IGLV3-4	22	22858025
IGLV4-3	22	22871507
IGLV3-2	22	22873212
IGLV3-1	22	22880706
MIR5571	22	22886267
IGLL5	22	22887816
IGLJ1	22	22893692
IGLC1	22	22895375
IGLJ2	22	22899481
IGLC2	22	22900976
IGLJ3	22	22904850
IGLC3	22	22906342
IGLJ4	22	22910574
IGLC4	22	22910828
IGLJ5	22	22914272
IGLC5	22	22915635
IGLJ6	22	22918132
IGLC6	22	22919535
IGLJ7	22	22921390
IGLC7	22	22922594
ATP5PFP2	22	22988263
GNAZ	22	23071049
RSPH14	22	23140300
RAB36	22	23145498
BCRP8	22	23180172
BCR	22	23198332
RN7SL263P	22	23262071
FBXW4P1	22	23262767
RPS10P30	22	23322927
LINC02556	22	23326616
CES5AP1	22	23377014
CCDC188BP	22	23392553
ZDHHC8BP	22	23402157
LINC01659	22	23433762
FAM230I	22	23470873
LINC02557	22	23513602
PCAT14	22	23536890
IGLL1	22	23580290
DRICH1	22	23632321
ASLP1	22	23653334
GUSBP11	22	23684763
RGL4	22	23691013
ZNF70	22	23751125
VPREB3	22	23754417
C22orf15	22	23763021
CHCHD10	22	23767931
MMP11	22	23775245
SMARCB1	22	23787017
DERL3	22	23839000
SLC2A11	22	23857586
RN7SL268P	22	23879790
MIF	22	23894383
MIF-AS1	22	23898930
KLHL5P1	22	23926900
GSTT2B	22	23961188
DDTL	22	23966888
DDT	22	23975029
GSTT2	22	23980058
GSTT3P	22	23991421
GSTT4	22	24005407
CABIN1	22	24011418
SUSD2	22	24181488
GGT5	22	24245084
GGTLC4P	22	24249466
POM121L9P	22	24251548
BCRP1	22	24263764
RPS10P29	22	24270134
SPECC1L	22	24270837
SPECC1L-ADORA2A	22	24270898
ADORA2A	22	24424284
ADORA2A-AS1	22	24494910
UPB1	22	24495349
GUCD1	22	24555125
SNRPD3	22	24555983
LRRC75B	22	24593073
GGT1	22	24603201
BCRP3	22	24644791
POM121L10P	22	24658765
ARL5AP4	22	24686168
ACTR2P1	22	24686923
CRIP1P4	22	24712292
PIWIL3	22	24774716
SGSM1	22	24806252
LHFPL7	22	24946694
KIAA1671	22	24996655
KIAA1671-AS1	22	25112352
STMN3P1	22	25179554
CRYBB3	22	25199865
CRYBB2	22	25219596
IGLL3P	22	25318256
PHF10P2	22	25350322
LRP5L	22	25405274
IGLVIVOR22-1	22	25437823
MIR6817	22	25455646
CRYBB2P1	22	25455712
GRK3	22	25564752
GRK3-AS1	22	25564792
YES1P1	22	25647261
RNA5SP494	22	25715169
MYO18B	22	25770027
MYO18B-AS1	22	25900473
RN7SKP169	22	25964273
LINC02559	22	26154606
SEZ6L	22	26169563
SEZ6L-AS1	22	26254092
RNA5SP495	22	26390776
RPS3AP55	22	26423193
ASPHD2	22	26429282
HPS4	22	26483778
SRRD	22	26483882
TFIP11	22	26512457
TFIP11-DT	22	26512522
MIR548J	22	26555323
HMGB1P10	22	26560526
TPST2	22	26585391
CRYBB1	22	26617457
CRYBA4	22	26621973
ISCA2P1	22	26645336
MIAT	22	26657256
MIATNB	22	26672926
RPL15P22	22	26887548
RNU6-1066P	22	27035887
LINC01638	22	27224666
LINC02554	22	27307791
CPMER	22	27714970
MN1	22	27796162
PITPNB	22	27919214
TTC28-AS1	22	27919461
MIR3199-2	22	27920526
MIR3199-1	22	27920612
RN7SL757P	22	28056453
TTC28	22	28200390
MIR5739	22	28459869
RN7SL162P	22	28643270
CHEK2	22	28741804
HSCB	22	28742058
CCDC117	22	28772700
XBP1	22	28800569
BBLNP2	22	28836137
ZNRF3	22	28883586
ZNRF3-IT1	22	28992721
ZNRF3-AS1	22	29031422
C22orf31	22	29061831
KREMEN1	22	29073043
RNU6-810P	22	29134014
RNU6-1219P	22	29191808
EMID1	22	29205933
RHBDD3	22	29267960
EWSR1	22	29268297
GAS2L1	22	29307023
RASL10A	22	29315692
SNORD125	22	29333258
AP1B1	22	29388545
RFPL4AP6	22	29432944
RFPL1	22	29438583
RFPL1S	22	29478147
NEFH	22	29480218
THOC5	22	29553703
NIPSNAP1	22	29581113
NF2	22	29603614
RPEP4	22	29608900
CABP7-DT	22	29719892
CABP7	22	29720008
ZMAT5	22	29766981
UQCR10	22	29767374
ASCC2	22	29838251
MTMR3	22	29883202
RNU6-331P	22	29899693
MIR6818	22	30007049
CNN2P1	22	30047193
HORMAD2-AS1	22	30080300
HORMAD2	22	30081011
RPL36P17	22	30105408
RPS3AP51	22	30137681
LIF-AS1	22	30238790
LIF-AS2	22	30246205
LIF	22	30246749
OSM	22	30266839
CASTOR1	22	30289540
TBC1D10A	22	30326906
SF3A1	22	30351686
CCDC157	22	30357004
RNF215	22	30387125
SEC14L2	22	30397048
RNU6-564P	22	30421045
MTFP1	22	30425775
SLC39A1P1	22	30439837
SEC14L3	22	30471986
SDC4P	22	30481911
SEC14L4	22	30505697
SEC14L6	22	30540550
SIRPAP1	22	30542536
GAL3ST1	22	30572864
PES1	22	30591890
PES1-AS1	22	30598309
TCN2	22	30607179
SLC35E4	22	30636323
RPL13AP26	22	30654814
DUSP18	22	30667863
MIR3200	22	30731557
OSBP2	22	30764294
EIF4HP2	22	30902219
MORC2-AS1	22	30922339
MORC2	22	30941544
TUG1	22	30970026
RN7SL633P	22	31059989
SMTN	22	31082485
SELENOM	22	31107541
RPS15AP37	22	31113017
INPP5J	22	31122984
PLA2G3	22	31140473
SNRPNP2	22	31156647
MIR3928	22	31160119
RNF185	22	31160206
RNF185-AS1	22	31205616
LIMK2	22	31212285
RNU6-1128P	22	31222853
PIK3IP1	22	31292471
PIK3IP1-DT	22	31292590
RNA5SP496	22	31305404
PATZ1	22	31346284
LINC01521	22	31346815
RNU6-338P	22	31388837
DRG1	22	31399620
RNU6-28P	22	31479489
EIF4ENIF1	22	31489806
SFI1	22	31496527
H2AZP6	22	31521592
RPS26P59	22	31538589
RPS18P14	22	31559483
MIR7109	22	31621531
PISD	22	31638405
PRR14L	22	31750101
DEPDC5	22	31754056
RN7SL20P	22	31757202
RPL17P52	22	31817491
RNU6-201P	22	31837238
YWHAH-AS1	22	31938417
YWHAH	22	31944687
LINC02558	22	31970837
RN7SL305P	22	31981427
RPS17P16	22	32039490
SLC5A1	22	32059170
AP1B1P1	22	32132317
AP1B1P2	22	32134028
C22orf42	22	32159303
IGLCOR22-1	22	32199919
RFPL2	22	32202541
SLC5A4-AS1	22	32205140
SLC5A4	22	32255347
CPSF1P1	22	32269381
RFPL3	22	32356376
IGLCOR22-2	22	32356988
RFPL3S	22	32371002
IGLVIVOR22-2	22	32376682
RGL4P1	22	32386668
RTCB	22	32412243
BPIFC	22	32464447
FBXO7	22	32474821
SYN3-AS1	22	32581710
RNA5SP497	22	32635198
TIMP3	22	32801640
SYN3	22	32869058
ETFRF1P1	22	33014980
LINC01640	22	33108540
MIR4764	22	33436669
SNORA50B	22	33704920
LARGE-IT1	22	33724912
LARGE-AS1	22	33725027
LARGE1	22	33884950
LARGE1-AS1	22	33921211
LINC01643	22	34017451
ACO2P1	22	34591278
LINC02885	22	34997998
ISX	22	35066149
LINC01399	22	35194942
RNU7-167P	22	35249772
HMGXB4	22	35257497
TOM1	22	35299872
MIR3909	22	35335640
MIR6069	22	35336799
HMOX1	22	35381096
MCM5	22	35400155
TRMT112P8	22	35503586
RASD2	22	35540673
MB	22	35622208
APOL6	22	35648416
MRPS16P3	22	35703803
APOL5	22	35717872
NDUFA9P1	22	35898404
RBFOX2	22	35961600
APOL3	22	36160747
MTCO1P20	22	36172422
MTCO2P20	22	36172934
MTATP6P20	22	36174261
MTCO3P20	22	36175167
MTCYBP34	22	36175857
MTND1P10	22	36178554
APOL4	22	36204729
APOL2	22	36239383
APOL1	22	36253116
MIR6819	22	36286907
MYH9	22	36365111
MYH9-DT	22	36388394
RPS15AP38	22	36421644
TXN2	22	36481622
FOXRED2	22	36507040
EIF3D	22	36529126
CACNG2	22	36644603
CACNG2-DT	22	36703834
IFT27	22	36776117
PVALB	22	36817518
NCF4	22	36862413
NCF4-AS1	22	36870453
CSF2RB	22	36914260
CSF2RBP1	22	36953723
CIMIP4	22	37007819
TST	22	37019708
MPST	22	37019778
KCTD17	22	37051864
RN7SKP214	22	37055347
TMPRSS6	22	37109625
IL2RB	22	37149906
IL2RB-AS1	22	37166743
C1QTNF6	22	37188640
SSTR3	22	37212243
RPL39P41	22	37215891
RAC2	22	37244278
CYTH4	22	37282520
ELFN2	22	37420468
MFNG	22	37486379
CARD10	22	37511403
CDC42EP1	22	37560474
LGALS2	22	37581351
GGA1	22	37608968
SH3BP1	22	37639695
PDXP-DT	22	37658359
PDXP	22	37661817
RN7SL385P	22	37669739
LGALS1	22	37675682
NOL12	22	37686344
TRIOBP	22	37746296
H1-0	22	37805229
GCAT	22	37807924
GALR3	22	37822790
ANKRD54	22	37844308
MIR658	22	37844371
MIR659	22	37847774
EIF3L	22	37849421
RNU6-900P	22	37891347
MICALL1	22	37906321
C22orf23	22	37953596
POLR2F	22	37953697
MIR6820	22	37967563
SOX10	22	37984469
MIR4534	22	37988794
PICK1	22	38057396
SLC16A8	22	38083346
BAIAP2L2	22	38110645
PLA2G6	22	38181802
MAFF	22	38202042
TMEM184B-AS1	22	38231320
RN7SL704P	22	38231720
TMEM184B	22	38271459
CSNK1E	22	38316965
TPTEP2	22	38384096
TPTEP2-CSNK1E	22	38398522
KCNJ4	22	38455199
KDELR3	22	38468078
DDX17	22	38506294
DMC1	22	38570189
RPS29P31	22	38575431
FAM227A	22	38656279
CBY1	22	38656647
TOMM22-DT	22	38681812
TOMM22	22	38681957
JOSD1	22	38700945
PRDX3P1	22	38723505
GTPBP1	22	38725176
SUN2	22	38755641
DNAL4	22	38794136
NPTXR	22	38844028
CBX6	22	38872232
APOBEC3A	22	38955136
APOBEC3B	22	38982399
APOBEC3B-AS1	22	38998209
APOBEC3C	22	39014257
APOBEC3D	22	39021127
APOBEC3F	22	39040857
APOBEC3G	22	39077143
APOBEC3H	22	39097271
COX5BP7	22	39120566
CBX7	22	39152594
FUNDC2P4	22	39155525
PDGFB	22	39243977
SNORD83B	22	39313911
SNORD83A	22	39315307
SNORD43	22	39319113
RPL3	22	39319584
SYNGR1	22	39349974
TAB1	22	39399788
MGAT3	22	39457200
MGAT3-AS1	22	39476822
MIEF1	22	39502290
ATF4	22	39520562
RPS19BP1	22	39532753
CACNA1I	22	39606775
MTFR2P2	22	39750127
RN7SKP210	22	39874515
UQCRFS1P1	22	39875289
ENTHD1	22	39893812
GRAP2	22	39926626
TMA7B	22	39960397
FAM83F	22	39995362
TNRC6B-DT	22	40044554
RPL7P52	22	40107066
TNRC6B	22	40177926
ADSL	22	40346537
SGSM3	22	40370632
SGSM3-AS1	22	40388253
MRTFA-AS1	22	40521800
MRTFA	22	40543086
COX6B1P3	22	40569286
RPL4P6	22	40588003
GAPDHP37	22	40674451
MCHR1	22	40679484
RFKP4	22	40789267
JTBP1	22	40798039
MIR4766	22	40813958
SLC25A17	22	40819346
ST13	22	40856626
XPNPEP3	22	40857120
DNAJB7	22	40862113
RNU6-379P	22	40917743
RBX1	22	40951376
RPS9P2	22	41064052
ACTBP15	22	41075239
MIR1281	22	41092513
EP300	22	41117490
RNU6-375P	22	41168217
LRRC37A14P	22	41190188
EP300-AS1	22	41197481
L3MBTL2	22	41205314
L3MBTL2-AS1	22	41217778
CHADL	22	41240902
MIR6889	22	41253050
RANGAP1	22	41286182
ZC3H7B	22	41301539
RNU6-495P	22	41377283
TEF	22	41381942
TOB2	22	41446653
PHF5A	22	41468692
ACO2	22	41469137
POLR3H	22	41544457
CSDC2	22	41561042
PMM1	22	41589829
DESI1	22	41612627
XRCC6	22	41621327
RNU6-476P	22	41679711
SNU13	22	41688825
C22orf46P	22	41688971
HMGN2P10	22	41709489
RNU6ATAC22P	22	41722131
MEI1	22	41774180
CCDC134	22	41800656
SREBF2	22	41833127
SREBF2-AS1	22	41834665
MIR33A	22	41900944
SHISA8	22	41914820
MIR378I	22	41923297
TNFRSF13C	22	41926806
CENPM	22	41947134
SMIM45	22	41952131
SEPTIN3	22	41976810
WBP2NL	22	41998793
SLC25A5P1	22	42001966
NAGA	22	42070826
PHETA2	22	42074251
SNORD13P1	22	42076161
SMDT1	22	42079694
NDUFA6	22	42090765
OLA1P1	22	42108953
NDUFA6-DT	22	42118256
CYP2D6	22	42130879
CYP2D7	22	42144563
CYP2D8P	22	42155001
OGFRP1	22	42269776
TCF20	22	42270653
LINC01315	22	42369261
NFAM1	22	42432362
SERHL	22	42500579
RRP7A	22	42519802
SERHL2	22	42553908
RN7SKP80	22	42565330
RNU6-513P	22	42569250
RRP7BP	22	42582011
POLDIP3	22	42614885
RNU12	22	42615244
ATP5MGL	22	42640601
CYB5R3	22	42649348
A4GALT	22	42720832
RPL5P34	22	42777296
GOLGA2P4	22	42784462
ADAMTS7P5	22	42794313
COA1P1	22	42853799
ARFGAP3	22	42857268
PACSIN2	22	42995206
TTLL1-AS1	22	43025939
TTLL1	22	43089359
RPS25P10	22	43092167
BIK	22	43110749
MCAT	22	43143366
TSPO	22	43151592
TTLL12	22	43173714
SCUBE1-AS2	22	43212674
SCUBE1-AS1	22	43275955
SCUBE1	22	43343323
LINC01639	22	43399653
MPPED1	22	43416535
EFCAB6-AS1	22	43516138
HMGN2P9	22	43802544
EFCAB6	22	43812253
EFCAB6-DT	22	43812424
SULT4A1	22	43862470
PNPLA5	22	43892036
PNPLA3	22	43923802
SAMM50	22	43955505
RPL35AP36	22	43957027
PARVB	22	44069061
PARVG	22	44181374
SHISAL1	22	44312951
SKP1P4	22	44414814
LINC01656	22	44443307
MRPS18CP6	22	44483717
RTL6	22	44498233
KRT18P23	22	44566965
LINC00207	22	44570476
LINC00229	22	44622818
ANP32BP2	22	44651835
PRR5	22	44702211
PRR5-ARHGAP8	22	44713860
ARHGAP8	22	44755306
RPL6P28	22	44901592
PHF21B	22	45009547
NUP50-DT	22	45163801
NUP50	22	45164445
MIR1249	22	45201019
KIAA0930	22	45213499
UPK3A	22	45284952
FAM118A	22	45309958
SMC1B	22	45413613
RIBC2	22	45414323
FBLN1	22	45503046
LINC01589	22	45623652
RNU6-1161P	22	45624632
ATXN10	22	45718423
MIR4762	22	45760524
TRNT1P2	22	45793636
WNT7B	22	45976022
LINC00899	22	46045853
PRR34	22	46054144
MIRLET7BHG	22	46054440
LINC02939	22	46070767
MIR3619	22	46091044
MIRLET7A3	22	46112749
MIR4763	22	46113566
MIRLET7B	22	46113686
PPARA	22	46150700
CDPF1	22	46250284
PKDREJ	22	46263343
TTC38	22	46268020
GTSE1-DT	22	46296330
GTSE1	22	46296944
TRMU	22	46335736
CELSR1	22	46403941
FAM136EP	22	46481760
LINC02925	22	46547105
GRAMD4	22	46623573
CERK	22	46738229
TBC1D22A-DT	22	46762613
TBC1D22A	22	46762661
TBC1D22A-AS1	22	46915975
LINC01644	22	47487038
LINC00898	22	47630551
EPIC1	22	47631714
MIR3201	22	48274364
TAFA5	22	48532949
MIR4535	22	48780295
LINC01310	22	48892725
NHIP	22	49052408
RPL35P8	22	49214247
MIR3667	22	49543466
MIR3667HG	22	49657405
RN7SKP252	22	49738677
RPL5P35	22	49758980
BRD1	22	49827815
ZBED4	22	49853844
ALG12	22	49918410
CRELD2	22	49918651
PIM3	22	49960628
MIR6821	22	49962866
IL17REL	22	50012712
TTLL8	22	50054258
MLC1	22	50085376
MOV10L1	22	50090160
PANX2	22	50170746
TRABD	22	50185920
TRABD-AS1	22	50200532
SELENOO	22	50203726
SELENOO-AS1	22	50209542
TUBGCP6	22	50244971
HDAC10	22	50251236
MAPK12	22	50261652
MAPK11	22	50270393
PLXNB2	22	50300421
DENND6B	22	50327001
PPP6R2	22	50343339
SBF1	22	50467021
ADM2	22	50481549
MIOX	22	50486867
LMF2	22	50507699
NCAPH2	22	50508241
SCO2	22	50525595
TYMP	22	50530013
CIMAP1B	22	50532184
KLHDC7B	22	50546157
KLHDC7B-DT	22	50546325
SYCE3	22	50559675
CPT1B	22	50578505
CHKB-CPT1B	22	50579999
CHKB	22	50582831
CHKB-DT	22	50584343
MAPK8IP2	22	50600759
ARSA	22	50628153
SHANK3	22	50686293
RNU6-409P	22	50691363
ACR	22	50738217
SNRPA1P2	22	50755434
RABL2B	22	50783634
RPL23AP82	22	50798655
XG	X	2752052
GYG2	X	2829019
GYG2-AS1	X	2853760
ARSD-AS1	X	2904904
ARSD	X	2929296
ARSL	X	2964288
ARSH	X	3006546
RN7SL578P	X	3058502
ARSF	X	3066819
RPS24P21	X	3113596
LINC01546	X	3271611
MXRA5	X	3346652
ASS1P4	X	3367149
SNORA48B	X	3532251
RNU6-114P	X	3572857
RNU6-146P	X	3607365
PRKX-AS1	X	3659487
PRKX	X	3713602
RPS27AP20	X	3717149
RPL24P9	X	3953056
MTND6P12	X	5169439
MTCYBP12	X	5169512
HADHBP1	X	5307128
LINC03070	X	5726325
NLGN4X	X	6227198
MIR4770	X	6383963
RPS5P8	X	6422701
VCX3A	X	6534954
RPS27AP17	X	6989329
STS	X	7147787
MIR4767	X	7147860
PUDP	X	7148152
VCX	X	7843171
PNPLA4	X	7927418
MIR651	X	8126965
VCX2	X	8171267
VCX3B	X	8464830
LINC03113	X	8504430
ANOS1	X	8732143
DRAXINP1	X	8784461
FAM9A	X	8801360
ANAPC15P1	X	8857059
LINC03114	X	8927151
NOLC1P1	X	8982505
RNA5SP499	X	9133828
FAM9B	X	9163201
BRK1P1	X	9179385
TBL1X	X	9465745
GPR143	X	9765880
EIF5P1	X	9819469
HMGN1P33	X	9865543
SHROOM2	X	9905289
CLDN34	X	9964391
WWC3	X	10015524
WWC3-AS1	X	10038654
CLCN4	X	10158472
RNU6-800P	X	10582817
MID1	X	10605164
HCCS-DT	X	11111201
HCCS	X	11111327
FAM9CP1	X	11221348
AMELX	X	11293413
MIR548AX	X	11318686
GOT2P7	X	11335901
ARHGAP6	X	11359125
LIMK2P1	X	11705590
MSL3-DT	X	11757718
MSL3	X	11759633
FRMPD4	X	12137953
FRMPD4-AS1	X	12375133
RPL17P49	X	12396167
RN7SKP290	X	12614197
PRPS2	X	12791412
PSMA6P2	X	12825840
MRPL35P4	X	12845430
TLR7	X	12867275
TLR8	X	12906629
TLR8-AS1	X	12908333
TMSB4X	X	12975244
FAM9C	X	13044620
LINC02154	X	13303452
ATXN3L	X	13320053
LINC01203	X	13336430
GPX1P1	X	13379340
EGFL6	X	13569613
RPL30P15	X	13574746
MIR6086	X	13590292
RN7SKP20	X	13596236
TCEANC	X	13653168
RAB9A	X	13689156
TRAPPC2	X	13734560
OFD1	X	13734813
GPM6B	X	13817334
GEMIN8	X	14029864
UBE2E4P	X	14244382
GLRA2	X	14529536
NPM1P9	X	14835319
FANCB	X	14873057
MOSPD2	X	14873462
TPT1P14	X	14978463
RPL35AP37	X	15117768
ASB9	X	15270009
ASB11	X	15315624
PIGA	X	15331723
VEGFD	X	15384413
PIR	X	15493299
BMX	X	15500824
ACE2	X	15600991
ACE2-DT	X	15604158
CLTRN	X	15665294
CA5BP1	X	15681053
CA5B	X	15738308
INE2	X	15787589
ZRSR2	X	15790475
AP1S2	X	15854790
RNU5F-7P	X	15916303
SETP15	X	15917548
GRPR	X	16123565
MAGEB17-AS1	X	16167587
MAGEB17	X	16167597
RPL6P30	X	16199289
RN7SL658P	X	16539439
MIR548AM	X	16627085
S100G	X	16650158
CTPS2	X	16712683
SYAP1	X	16719619
RNU7-56P	X	16767844
TXLNG	X	16786466
RPL12P49	X	16803233
RBBP7	X	16870282
RNU4-6P	X	16875267
SLC35C2P1	X	16898521
REPS2	X	16946727
CBX1P2	X	17100239
CBX1P4	X	17282637
MIR4768	X	17425881
NHS-AS1	X	17557387
NHS	X	17671460
CHP1P3	X	17705691
SCML1	X	17737725
FAM136GP	X	17769398
RAI2	X	17860838
MDM4P1	X	17933349
LINC01456	X	18104702
BEND2	X	18220818
SCML2	X	18321656
TMSB10P2	X	18341216
CDKL5	X	18442218
GJA6P	X	18535079
RS1	X	18661322
PPEF1-AS1	X	18692152
PPEF1	X	18700065
BLOC1S6P1	X	18839452
HAUS1P2	X	18865771
PHKA2-AS1	X	18892576
RN7SL48P	X	18915535
PHKA2	X	18984113
ADGRG2	X	19122488
PDHA1	X	19343947
EIF5P2	X	19497721
MAP3K15	X	19515380
SH3KBP1	X	19833133
BCLAF3	X	19991011
MIR23C	X	20017187
MAP7D2	X	20116917
EIF1AX-AS1	X	20139968
EIF1AX	X	20141854
RPS6KA3	X	20266930
RN7SKP183	X	20452108
RNU6-133P	X	21214637
CNKSR2	X	21374781
RARRES2P3	X	21422294
KLHL34	X	21658330
SMPX	X	21758108
MBTPS2	X	21839629
YY2	X	21855987
CYTH1P1	X	21939461
SMS	X	21940735
PHEX	X	22136356
CBLL2	X	22272913
METTL15P3	X	22435598
RNU6-266P	X	22527835
PTCHD1-AS	X	22566529
DDX53	X	22999960
FAM3C2P	X	23075758
PDCL2P1	X	23198339
PTCHD1	X	23334849
HIKESHIP1	X	23351013
PRDX4	X	23667496
ACOT9	X	23743268
SAT1-DT	X	23783039
SAT1	X	23783508
RPL9P7	X	23837321
APOO	X	23907902
CXorf58	X	23908030
KLHL15	X	24025300
EIF2S3	X	24054956
ZFX-AS1	X	24149654
ZFX	X	24149726
SUPT20HL2	X	24314069
SUPT20HL1	X	24361482
RPS26P58	X	24429920
PDK3	X	24465270
SNRPEP9	X	24513450
H2BP7	X	24632257
PCYT1B	X	24647252
PCYT1B-AS1	X	24650073
POLA1	X	24693952
SCARNA23	X	24744441
EEF1B2P3	X	24789069
ARX	X	25015965
PAFAH1B2P1	X	25029545
RN7SL91P	X	25060939
METTL1P1	X	25195207
RPP40P1	X	25591808
RANBP1P1	X	25646327
MAGEB18	X	26138343
MAGEB6B	X	26160601
MAGEB6	X	26192440
MAGEB5	X	26216169
FMN2P1	X	26496936
VENTXP1	X	26558247
RPL7P58	X	26686026
HMGA1P1	X	26748029
RNU1-142P	X	26790142
AMZ2P3	X	27218678
PTP4A1P5	X	27428231
PPP4R3C	X	27463341
RDXP2	X	27517881
RDXP3	X	27517884
DCAF8L2	X	27590391
MAGEB10	X	27814624
VKORC1P1	X	27863893
ORC1P1	X	27894059
DCAF8L1	X	27981449
MIR6134	X	28495663
IL1RAPL1	X	28587446
H3P43	X	28659469
RNA5SP500	X	28982970
MIR4666B	X	29574278
PIGFP3	X	30017881
MAGEB2	X	30215563
MAGEB3	X	30233275
MAGEB4	X	30242000
MAGEB1	X	30246932
PLCE1P1	X	30290351
NR0B1	X	30308939
TASL	X	30577142
CKS1BP6	X	30617454
FTLP2	X	30630298
GK	X	30653478
GK-IT1	X	30671635
GK-AS1	X	30724174
TAB3-AS1	X	30834623
TAB3-AS2	X	30854321
TAB3	X	30889269
FTHL17	X	31072041
DMD	X	31266950
RNU6-894P	X	31348192
RNA5SP501	X	32102065
NPM1P8	X	32205902
MIR3915	X	32583752
MIR548F5	X	32641559
DMD-AS3	X	32754940
TBCAP1	X	33041395
FAM47A	X	34132314
FTH1P14	X	34147036
SRSF2P1	X	34387722
TMEM47	X	34657281
FAM47B	X	34942796
RNU6-1087P	X	35594173
SIAH1P1	X	35626142
NFYCP1	X	35761499
MAGEB16	X	35798566
RNU6-641P	X	36022045
CFAP47	X	36050726
HMGB1P16	X	36211096
RPS15AP40	X	36375183
H2AL1Q	X	36719829
TFDP1P2	X	36963425
FAM47C	X	37008366
FTHL18P	X	37043681
FTH1P29	X	37078401
MOB1AP2	X	37291168
PRRG1	X	37349376
FTH1P28	X	37441523
FTH1P19	X	37492021
FTH1P27	X	37505310
FAM47DP	X	37545262
LANCL3	X	37571615
XK	X	37685791
H2AL1MP	X	37700005
CYBB	X	37780061
DYNLT3	X	37847542
RNU6-49P	X	37870109
SC4MOP	X	37945884
H2AP	X	37990779
H2AL3	X	37994272
SYTL5	X	38006576
MIR548AJ2	X	38023986
SRPX	X	38220868
RPGR	X	38327503
OTC	X	38352530
CRIPTOP1	X	38395895
BAG1P1	X	38479215
FTLP16	X	38485264
UBTFL11	X	38534174
TSPAN7	X	38561543
RNU7-7P	X	38608215
MID1IP1	X	38801454
MID1IP1-AS1	X	38870617
RNU6-591P	X	39081285
LINC01281	X	39327361
LINC01282	X	39391774
LINC01283	X	39434824
MIR3937	X	39661216
RN7SL732P	X	39786823
GAPDHP1	X	39788136
OOEPP1	X	39791904
MIR1587	X	39837561
RPS11P7	X	39865424
LINC03053	X	40007327
BCOR	X	40097961
LINC03099	X	40360581
IMPDH1P2	X	40360726
RNU7-164P	X	40535563
ATP6AP2	X	40580979
MPC1L	X	40623428
CXorf38	X	40647552
MED14OS	X	40735385
MED14	X	40735512
DPRXP6	X	40758483
CLDN7P1	X	40761270
TNIP2P1	X	40832562
SDCBPP3	X	40891537
RPL32P36	X	40907987
RPS2P55	X	40935864
CLIC4P3	X	41076999
USP9X	X	41155868
LINC02601	X	41275697
RNA5SP502	X	41292798
SHISA5P1	X	41323111
DDX3X	X	41337516
RN7SL15P	X	41345876
NYX	X	41447388
GEMIN7P1	X	41472653
CASK-AS1	X	41520036
RNU6-1321P	X	41571029
YWHAZP10	X	41676494
RN7SL144P	X	41683462
GPR34	X	41689027
GPR82	X	41726157
RPS15AP39	X	41748222
RNU6-202P	X	41919349
CASK	X	41923013
ATP5MC2P4	X	42099173
RNU6-630P	X	42139530
RNU6-1124P	X	42174385
PPP1R2C	X	42778163
SMIM15P1	X	43000174
PINCR	X	43176996
IMPDH1P4	X	43279658
NANOGP10	X	43408559
MAOA	X	43656304
MAOB	X	43882443
NDP-AS1	X	43955294
NDP	X	43973388
RBM39P1	X	44029332
TATDN2P1	X	44283916
RRM2P3	X	44310476
EFHC2	X	44343651
FDPSP5	X	44477422
FUNDC1	X	44542912
CHTF8P1	X	44633692
RPL19P20	X	44649129
RPSAP61	X	44741087
RN7SL291P	X	44773061
DUSP21	X	44844021
KDM6A	X	44873841
DIPK2B	X	45200877
PLLPP1	X	45381995
LINC01204	X	45507948
KRT8P14	X	45633733
MIR221	X	45746266
MIR222	X	45747124
MIR222HG	X	45851080
SRSF6P1	X	45913118
MED28P4	X	45952333
KRT18P68	X	45983365
PCNAP3	X	46059528
ACTBP1	X	46289128
LINC01186	X	46327652
CTNNBL1P1	X	46420079
GAPDHP65	X	46440714
KRBOX4	X	46447297
VEZTP1	X	46457199
RNU6-50P	X	46517766
ZNF674	X	46545420
ZNF674-AS1	X	46545511
MKI67P1	X	46562749
CHST7	X	46573799
PGAM1P7	X	46647330
YBX1P8	X	46685707
SLC9A7	X	46714370
CHMP5P1	X	46725818
RP2	X	46836948
LINC01545	X	46907906
JADE3	X	46912421
RGN	X	47078467
RNU6-1189P	X	47087506
RNU12-2P	X	47132671
NDUFB11	X	47144707
RBM10	X	47145264
ITPK1P1	X	47158199
UBA1	X	47193769
INE1	X	47204921
CDK16	X	47218718
USP11	X	47233026
NICN2P	X	47274390
RN7SL785P	X	47281063
ZNF157	X	47370578
SNORA11C	X	47388649
NPM1P49	X	47439774
ZNF41	X	47482927
LINC01560	X	47483571
NUS1P1	X	47513483
ARAF	X	47561205
TIMP1	X	47582450
MIR4769	X	47587429
SYN1	X	47619621
CFP	X	47629897
ELK1	X	47650562
UXT-AS1	X	47659163
UXT	X	47659166
SMSP1	X	47719099
CXXC1P1	X	47722331
WASF4P	X	47803296
ZNF81	X	47836931
RPL7P57	X	47841702
ZNF182	X	48003992
SPACA5	X	48005662
ZNF630-AS1	X	48056310
ZNF630	X	48071562
SSX6P	X	48109981
SPACA5B	X	48130626
RNU6-707P	X	48154074
SSX13P	X	48156367
S100A11P5	X	48178023
SSX5	X	48196763
RNA5SP503	X	48206258
SSX20P	X	48212791
S100A11P7	X	48228959
SSX1	X	48255392
S100A11P6	X	48275047
SSX18P	X	48277578
SSX9P	X	48305523
SSX19P	X	48322349
S100A11P9	X	48337169
SSX3	X	48355987
SSX4	X	48383527
SSX4B	X	48411935
SLC38A5	X	48468787
FTSJ1	X	48476201
PORCN-DT	X	48508901
PORCN	X	48508994
EBP	X	48521848
TBC1D25	X	48539714
RBM3	X	48574572
MRPL32P1	X	48583339
WDR13	X	48597521
VN1R110P	X	48636165
WAS	X	48683790
SUV39H1	X	48696749
RNU6-1056P	X	48724561
GLOD5	X	48762024
ACAA2P1	X	48776970
RNU6-29P	X	48777071
GATA1	X	48786567
HDAC6	X	48802143
ERAS	X	48827693
PCSK1N	X	48835595
TIMM17B	X	48897769
PQBP1	X	48897940
SLC35A2	X	48911660
PIM2	X	48915735
OTUD5	X	48957619
RNU6-722P	X	48959282
KCND1	X	48971842
GRIPAP1	X	49002212
TFE3	X	49043352
CCDC120	X	49059007
PRAF2	X	49073995
WDR45	X	49079903
RNU4-52P	X	49082028
GPKOW	X	49123735
RN7SL262P	X	49152651
MAGIX	X	49162808
PLP2	X	49171869
PRICKLE3	X	49186376
SYP-AS1	X	49198833
SYP	X	49200193
CACNA1F	X	49228226
HSPB1P2	X	49234501
CCDC22	X	49235474
FOXP3	X	49259240
PPP1R3F	X	49269870
FLICR	X	49270075
GAGE10	X	49303646
GAGE12J	X	49322037
GAGE13	X	49331995
GAGE2E	X	49341192
GAGE12B	X	49529869
GAGE12C	X	49532187
GAGE12D	X	49541733
GAGE12E	X	49551289
GAGE12F	X	49560842
GAGE12G	X	49570400
GAGE12H	X	49579949
GAGE2A	X	49589830
GAGE1	X	49599022
VDAC1P2	X	49633349
SALL1P1	X	49668680
PAGE1	X	49695984
PAGE4	X	49829281
USP27X-DT	X	49879440
USP27X	X	49879484
CPSF1P2	X	49912362
RNU6-421P	X	49945442
MIR532	X	50003148
MIR188	X	50003503
MIR500A	X	50008431
MIR362	X	50008964
MIR501	X	50009722
MIR500B	X	50010672
MIR660	X	50013241
MIR502	X	50014598
CLCN5	X	50054957
PYY3	X	50156159
AKAP4	X	50200372
CCNB3	X	50204855
DGKK	X	50470837
RNU6-935P	X	50649641
SHROOM4	X	50755029
H3P44	X	50905438
BMP15	X	50910735
HMGB1P15	X	50931548
LINC01284	X	51171871
NUDT10	X	51332526
EZHIP	X	51406948
NUDT11	X	51496592
LINC01496	X	51508579
CENPVL3	X	51618912
CENPVL2	X	51682831
CENPVL1	X	51710512
GSPT2	X	51743442
RNU6-504P	X	51870809
MAGED1	X	51893351
IPO7P1	X	51922499
UQCR10P1	X	51923552
TPMTP3	X	51980012
SNORA11E	X	52063474
MAGED4B	X	52069183
MAGED4	X	52184893
SNORA11D	X	52190621
MIR8088	X	52336642
XAGE2	X	52369021
RBM22P6	X	52485912
XAGE1A	X	52495854
RBM22P7	X	52509903
XAGE1B	X	52517057
SSX14P	X	52598494
SSX11P	X	52611758
SSX8P	X	52624998
SSX7	X	52654900
RNA5SP504	X	52665231
SSX15P	X	52672718
S100A11P10	X	52687633
SSX2	X	52707161
SSX2B	X	52751260
S100A11P8	X	52770809
SSX21P	X	52785786
SPANXN5	X	52797427
XAGE5	X	52812204
EIF4A2P4	X	52833899
XAGE3	X	52867692
FAM156B	X	52897296
FAM156A	X	52964199
GPR173	X	53049106
TSPYL2	X	53082369
KANTR	X	53094152
ACTG1P10	X	53143913
MIR6895	X	53195488
MIR6894	X	53198945
KDM5C-IT1	X	53214679
KDM5C	X	53225193
IQSEC2	X	53281579
RPSAP62	X	53322990
MPV17L2P1	X	53340986
MIR6857	X	53405765
SMC1A	X	53422661
RIBC1	X	53422786
HSD17B10	X	53434350
TIPINP1	X	53457029
VTRNA3-1P	X	53462209
MIR98	X	53556341
MIRLET7F2	X	53557274
HUWE1	X	53642929
MRPL32P2	X	53807776
MRPS18CP7	X	53825887
RNA5SP505	X	53909054
PHF8	X	54043147
RPL37P24	X	54147372
FAM120C	X	54183254
RPL7AP71	X	54223324
RNU6-434P	X	54343546
WNK3	X	54358047
TSR2	X	54440405
FGD1	X	54496139
GNL3L	X	54530232
PGAM4P1	X	54671985
ITIH6	X	54793431
MAGED2	X	54808372
SNORA11	X	54814370
TRO	X	54920850
SNORA11G	X	54927305
PFKFB1	X	54994220
APEX2	X	55000363
ALAS2	X	55030976
HDGFL3P1	X	55055838
PAGE2B	X	55075063
PAGE2	X	55089052
VCF2	X	55161182
MTCO1P52	X	55178737
MTND2P24	X	55179999
MTND1P30	X	55181277
PAGE5	X	55220355
PAGE3	X	55264823
MIR4536-2	X	55451495
MIR4536-1	X	55451582
MAGEH1	X	55452127
USP51	X	55489789
PSMA5P1	X	55600106
FOXR2	X	55623400
RRAGB	X	55717769
GOT2P6	X	55961208
KLF8	X	56232437
RPL23AP83	X	56243409
UBQLN2	X	56563627
NBDY	X	56729243
UQCRBP1	X	56737577
SPIN3	X	56995525
SPIN2P1	X	57069685
SPIN2B	X	57121545
SPIN2A	X	57137297
PPP1R11P2	X	57229034
FAAH2	X	57286735
MTHFD1P1	X	57395409
ZXDB	X	57592011
NLRP2B	X	57680260
MDH1P1	X	57766320
ZXDA	X	57910458
MYCLP2	X	57934803
KRT8P17	X	57984686
SSBL2P	X	62779250
MTND1P31	X	62842542
MTND2P25	X	62843697
ZFRP1	X	62884842
CBX1P1	X	63299673
SPIN4-AS1	X	63349646
SPIN4	X	63351332
LINC01278	X	63561050
ARHGEF9-IT1	X	63671502
ARHGEF9	X	63755078
BTF3P8	X	63766875
MIR1468	X	63786087
HNRNPDP1	X	64044305
AMER1	X	64205708
RN7SL799P	X	64210691
ASB12	X	64230607
KPNA4P1	X	64306733
MTMR8	X	64349417
PFN5P	X	64405642
SHC1P1	X	64432401
YWHAZP7	X	64613262
KRT8P27	X	64623117
GRPEL2P2	X	64698547
BLOC1S2P1	X	64727048
ZC4H2	X	64976510
ZC3H12B	X	65200732
CCT4P2	X	65270913
MORF4L1P5	X	65331233
PRXL2CP1	X	65357547
TLE1P1	X	65408084
AP1M2P1	X	65469087
LAS1L	X	65534786
FRMD8P1	X	65552421
MSN	X	65667654
NANOGP9	X	65773632
ETF1P3	X	65794345
CCNYL5	X	65822249
RBMXP5	X	65957196
MIR223HG	X	66015430
MIR223	X	66018870
VSIG4	X	66040078
ATXN7L3P1	X	66056587
EIF4BP9	X	66076347
HEPH	X	66164243
MTFR1P1	X	66361776
PKMP2	X	66497748
EDA2R	X	66639078
RNU6-394P	X	66676364
AR	X	67544134
BMI1P1	X	67792895
PGK1P1	X	68071767
RNU6-1225P	X	68102132
AKIRIN1P2	X	68132868
OPHN1	X	68433340
YIPF6	X	68499044
RNU6-245P	X	68539549
RPL31P63	X	68600099
COX6CP12	X	68645527
STARD8	X	68647669
ACTR3P2	X	68771322
SERBP1P1	X	68783472
EFNB1	X	68829006
PJA1	X	69165449
HMGN1P35	X	69174124
LINC00269	X	69179557
CYCSP43	X	69485652
NALF2	X	69504326
EDA	X	69620410
CNOT7P1	X	69938017
MIR676	X	70022857
AWAT2	X	70046966
OTUD6A	X	70062457
MTCYBP31	X	70121474
MTND4P31	X	70129071
IGBP1	X	70133448
IGBP1-AS2	X	70149654
IGBP1-AS1	X	70165206
DGAT2L6	X	70177483
RN7SL581P	X	70222314
AWAT1	X	70234655
RNA5SP507	X	70253042
P2RY4	X	70260204
ARR3	X	70268334
RAB41	X	70282132
PDZD11	X	70289913
KIF4A	X	70290101
TRAPPC2LP1	X	70362374
RNY4P23	X	70396279
GDPD2	X	70423236
RNU4-81P	X	70450879
DLG3	X	70455096
DLG3-AS1	X	70455951
SNORD3E	X	70846295
WASHC3P1	X	70857163
TEX11	X	70897546
SLC7A3	X	70931097
RPS23P8	X	70962964
NUTF2P7	X	71016905
RNU1-56P	X	71020438
SOCS5P4	X	71045470
SNX12	X	71068361
FOXO4	X	71096391
CXorf65	X	71106655
IL2RG	X	71111577
MED12	X	71128792
NLGN3	X	71144861
GJB1	X	71215236
ZMYM3	X	71254551
NONO	X	71283646
ITGB1BP2	X	71301761
ZCRB1P1	X	71315879
RHOG2P	X	71352418
TAF1	X	71388589
PABPN1P1	X	71420514
INGX	X	71492928
SOCS6P1	X	71530225
OGT	X	71533125
GCNA	X	71580089
CXCR3	X	71618510
LINC00891	X	71697158
CXorf49	X	71717336
CXorf49B	X	71764268
RNU6-1078P	X	71966074
RPS26P11	X	72044545
NHSL2	X	72079776
RTL5	X	72131908
TPT1P15	X	72159845
PIN4	X	72181716
RN7SL388P	X	72198712
ERCC6L	X	72239027
RPS4X	X	72277240
CITED1	X	72306907
RNU2-68P	X	72377169
HDAC8	X	72572816
MATR3P1	X	72660470
PHKA1-AS1	X	72688950
PHKA1	X	72714261
CAPZA1P3	X	72728821
RNU1-112P	X	72740869
FAM226B	X	72777608
FAM236B	X	72782660
FAM236D	X	72808210
DMRTC1B	X	72842968
DMRTC1	X	72910839
FAM236C	X	72912615
FAM236A	X	72938184
PABPC1L2B	X	73002939
PABPC1L2B-AS1	X	73003140
PABPC1L2A	X	73079512
NAP1L6P	X	73127907
NAP1L2	X	73215045
TOMM20P4	X	73223124
LRRFIP2P1	X	73238709
YWHAZP8	X	73274785
RNU6-1044P	X	73397637
CDX4	X	73447071
MORF4L1P6	X	73474563
MAP2K4P1	X	73526155
RPL7P53	X	73535503
CHIC1	X	73563241
SEPHS1P4	X	73769248
TSIX	X	73800761
LNX2BP	X	73831274
XIST	X	73841578
FXYD6P3	X	73875068
JPX	X	73944327
RPSAP14	X	74031462
SHISA5P2	X	74066083
AARSD1P1	X	74069276
UHRF2P1	X	74105572
DDX3P1	X	74121012
DDX3P2	X	74133114
MKRN5P	X	74162528
ATP5MKP1	X	74173890
BMP2KL	X	74185929
RAB11FIP1P1	X	74202834
MIR421	X	74218461
MIR374C	X	74218549
MIR374B	X	74218618
RN7SL648P	X	74242908
MIR545	X	74287209
MIR374A	X	74287357
FTX	X	74292551
ZCCHC13	X	74304180
RPS6P26	X	74376885
RN7SL790P	X	74390692
THAP12P1	X	74399550
RPS7P14	X	74409518
SLC16A2	X	74421497
HNRNPA1P25	X	74473953
PABPC1P3	X	74583546
RLIM	X	74614478
RNU6-330P	X	74680053
NEXMIF	X	74925462
ABCB7	X	75156202
BUD31P2	X	75201491
RNU6-562P	X	75202703
UPRT	X	75274121
TERF1P7	X	75327999
RPL21P134	X	75384346
ZDHHC15	X	75523083
PCNPP4	X	75538702
BRAFP1	X	75582676
TTC3P1	X	75746911
MAGEE2	X	75785254
SAR1AP4	X	75884546
FOXN3P2	X	75888700
ARL5AP5	X	76029895
PBDC1	X	76173062
MMADHCP1	X	76222637
RNU6-867P	X	76244968
LDHBP2	X	76335845
MAGEE1	X	76427710
RNA5SP508	X	76655127
TRAPPC13P1	X	76656559
MIR384	X	76919360
MIR325	X	77005501
MIR325HG	X	77014501
RNA5SP509	X	77066709
SPRYD7P1	X	77374212
FGF16	X	77447389
ATRX	X	77643203
FABP5P15	X	77727867
RNU6-854P	X	77837289
RN7SL460P	X	77885377
MAGT1	X	77895444
COX7B	X	77899463
ATP7A	X	77910742
C4orf46P2	X	77962553
PGAM4	X	77969638
PGK1	X	78104219
TAF9B	X	78139641
FNDC3CP	X	78172422
CYSLTR1	X	78327598
HMGN1P34	X	78520186
UBE2V1P7	X	78554751
RTL3	X	78659430
PPATP2	X	78699891
LPAR4	X	78747717
RPL7P54	X	78763226
MIR4328	X	78901249
P2RY10	X	78945378
P2RY10BP	X	79084936
GPR174	X	79144683
CTHRC1P1	X	79177668
KIF4CP	X	79323446
ITM2A	X	79367365
CORO1CP1	X	79370165
TBX22	X	80021801
CHMP1B2P	X	80335227
TENT5D	X	80335508
HNRNPH3P1	X	80529037
WBP11P3	X	80560146
HK2P1	X	80574607
PSMA1P1	X	80709928
BRWD3	X	80734145
RNU6-493P	X	80900757
VDAC1P1	X	80929500
RNU6-995P	X	80936434
HMGN5	X	81121734
SH3BGRL	X	81202128
PDK1P2	X	81600072
RNU6-974P	X	82001327
EIF3JP1	X	82497924
RPL22P22	X	82506812
EIF3MP1	X	82875649
ATG4AP1	X	82998699
POU3F4	X	83508290
POMPP1	X	83560312
TERF1P4	X	83749939
CYLC1	X	83861136
RPS6KA6	X	84188224
MIR548I4	X	84225828
HDX	X	84502459
SETP4	X	84755136
UBE2DNL	X	84934113
APOOL	X	85003877
SATL1	X	85243824
ZNF711	X	85244051
POF1B	X	85379700
MIR1321	X	85835780
SFR1P2	X	85850139
MIR361	X	85903707
CHM	X	86047547
NDUFA5P7	X	86066468
STIP1P3	X	86086339
TPMTP4	X	86129570
DACH2	X	86148540
EEF1A1P29	X	86161359
GEMIN8P3	X	86304367
FCF1P9	X	86481532
COPS8P1	X	86799226
KLHL4	X	87517802
RPSAP15	X	87704203
RPL34P36	X	87806769
MRPS22P1	X	87809883
TMEM184CP1	X	88062844
CAPZA1P1	X	88097225
CPXCR1	X	88747235
SRIP2	X	89367600
TGIF2LX	X	89921932
STAU2P1	X	90039834
USP12PX	X	90112650
RNF19BPX	X	90210420
UBE2V1P9	X	90289903
RNU6-555P	X	90597340
PABPC5	X	91434717
PABPC5-AS1	X	91435019
SERBP1P4	X	91561597
RNU2-26P	X	91798093
PCDH11X	X	91807017
VDAC1P3	X	91983505
EIF4A1P10	X	92114461
KRT18P11	X	92459670
SNX3P1X	X	92515497
RPL26P36	X	92676954
TUSC2P2	X	92770855
DLGAP5P2	X	93042490
AP2B1P1	X	93225015
ST13P18	X	93288759
NT5DC1P1	X	93389497
RPL7P55	X	93573834
NAP1L3	X	93673573
FAM133A	X	93674012
USP37P1	X	93777384
RNU6-332P	X	94003922
TUBB4BP8	X	94319038
PAICSP7	X	94639570
CCNB1IP1P3	X	94777567
MIR548M	X	95063226
CALM1P1	X	95499604
RNA5SP510	X	95582064
GTF3C6P1	X	95584303
HNRNPDLP3	X	95610578
HNRNPDLP1	X	95638375
RPS7P13	X	95679627
KAT7P1	X	95974315
RN7SL379P	X	96023360
RPS29P28	X	96195477
BRDTP1	X	96337912
RN7SKP194	X	96410782
SKP2P1	X	96620654
DIAPH2	X	96684777
RPA4	X	96883908
NDUFB5P2	X	96954195
RN7SL74P	X	97341046
DIAPH2-AS1	X	97617305
NCKAP1P1	X	97906644
KPNB1P1	X	97978641
RPL6P29	X	98251679
EEF1A1P15	X	98389512
HMGB1P32	X	98422138
LINC03077	X	98573859
TEX101P1	X	99656997
XRCC6P5	X	99721158
B3GNT2P1	X	99887691
CTDSPL2P1	X	100151340
RPSAP8	X	100156773
PCDH19	X	100408597
TNMD	X	100589280
TSPAN6	X	100636782
SRPX2	X	100647901
SYTL4	X	100732108
PPIAP89	X	100800784
RAD21P1	X	100801188
CSTF2	X	100820391
HNRNPA1P26	X	100856379
NOX1	X	100874351
HNRNPA1P27	X	100888590
NSA2P3	X	100910712
XKRX	X	100929175
CSGALNACT2P1	X	100956593
ARL13A	X	100986796
TRMT2B	X	101052098
TMEM35A	X	101080188
TRMT2B-AS1	X	101094476
CENPI	X	101098189
YWHAQP8	X	101191409
DRP2	X	101219944
TAF7L	X	101291334
RNU6-934P	X	101325404
NANOGNBP3	X	101338289
RPL21P132	X	101339917
TIMM8A	X	101348727
BTK	X	101386180
RPL36A	X	101391011
RPL36A-HNRNPH2	X	101391011
GLA	X	101407918
HNRNPH2	X	101408222
PPIAP90	X	101444103
ARMCX4	X	101485254
PRKCIP1	X	101539276
ARMCX1	X	101550563
ARMCX7P	X	101597510
ARMCX6	X	101617950
ARMCX3	X	101623152
ARMCX3-AS1	X	101624164
RNU6-30P	X	101634112
ARMCX2	X	101659835
RNU6-587P	X	101691580
GK4P	X	101780538
NXF5	X	101843278
RNU6-345P	X	101915589
ZMAT1	X	101931895
H2BP8	X	101989872
C3orf49P1	X	102006883
MTND6P13	X	102009046
TCEAL2	X	102125683
TCEAL6	X	102142737
BEX5	X	102155972
TCP11X3P	X	102173100
TCP11X1	X	102215301
NXF2	X	102277094
NXF2B	X	102380093
TCP11X2	X	102471796
TMSB15A	X	102516712
FOXN3P1	X	102548213
NXF4	X	102561935
ARMCX5	X	102599523
H3P45	X	102615820
GPRASP1	X	102651407
RNU6-589P	X	102678813
BEND7P1	X	102705784
ARMCX5-GPRASP2	X	102712495
GPRASP2	X	102712573
GPRASP3	X	102733371
LINC00630	X	102769182
MTND1P32	X	102785667
MTND2P2	X	102786813
MTCO1P19	X	102796251
MTCO2P19	X	102797531
MTATP6P19	X	102798396
MTCO3P19	X	102799563
MTND4P32	X	102799942
MTND5P26	X	102803041
MTND6P32	X	102806646
MTCYBP32	X	102806741
RAB40AL	X	102937272
NUDT19P2	X	103007461
BEX1	X	103064171
NXF3	X	103081735
RPSAP59	X	103206899
BEX4	X	103215135
TCEAL8	X	103255168
TCEAL5	X	103276250
BEX2	X	103310988
TCEAL7	X	103330230
TCEAL9	X	103356499
BEX3	X	103376489
RAB40A	X	103502922
TCEAL4	X	103585518
TCEAL3	X	103607947
TCEAL3-AS1	X	103626492
TCEAL1	X	103628988
CNEP1R1P1	X	103652106
MORF4L2	X	103686729
MORF4L2-AS1	X	103687506
TMEM31	X	103711728
GLRA4	X	103728203
PLP1	X	103776812
RAB9B	X	103832264
RNA5SP511	X	103850911
H2BP9	X	103904754
ELF2P1	X	103911352
TMSB15B-AS1	X	103919336
SLC25A53P1	X	103928099
DPPA3P1	X	103962279
TMSB15B	X	103962634
H2BW1	X	104013708
H2BW2	X	104040119
H2BW3P	X	104062988
TMSB15C	X	104076222
SLC25A53	X	104112437
ZCCHC18	X	104112533
FAM199X	X	104166525
ESX1	X	104254933
PHB1P10	X	104647999
RPL18AP14	X	104803915
IL1RAPL2	X	105153424
TEX13A	X	105220693
KCTD9P2	X	105405647
RNU6-207P	X	105676177
NRK	X	105822567
SERPINA7	X	106038727
CTDSPL2P2	X	106070481
PWWP3B	X	106168332
CSGALNACT2P2	X	106327534
NAP1L4P2	X	106467440
SERPINA7P1	X	106563404
RADX	X	106612317
MIR548AN	X	106639814
RNF128	X	106726669
TBC1D8B	X	106802705
CLDN2	X	106902173
RIPPLY1	X	106903338
MORC4	X	107000077
EEF1A1P40	X	107032248
RBM41	X	107118800
GTF3C6P2	X	107131659
NUP62CL	X	107206433
DNAAF6	X	107206676
MYCLP1	X	107272582
DNAJA1P3	X	107352843
KRT18P49	X	107428630
FRMPD3	X	107522450
FRMPD3-AS1	X	107547756
PRPS1	X	107628544
NCBP2L	X	107775108
TSC22D3	X	107776350
MID2	X	107825891
TMEM230P1	X	107939642
NLRP3P1	X	107974078
TEX13B	X	107982370
VSIG1	X	108054902
PSMD10	X	108091549
ATG4A	X	108091799
COL4A6	X	108438430
COL4A5	X	108511217
IRS4	X	108736486
IRS4-AS1	X	108736513
RNU6-309P	X	108826764
GAPDHP77	X	109341813
GUCY2F	X	109482086
NXT2	X	109536650
MFN1P1	X	109568478
KCNE5	X	109625172
ACSL4	X	109733261
RPS5P7	X	109853312
TMEM164	X	110003078
MIR652	X	110055329
MIR3978	X	110082118
SNORD96B	X	110225063
AMMECR1-IT1	X	110307221
AMMECR1	X	110318084
GNG5B	X	110393672
RTL9	X	110419057
CRIPTO3	X	110520604
M6PRP1	X	110636841
CHRDL1	X	110795819
PAK3	X	111096150
FCF1P4	X	111169221
GLUD1P9	X	111231061
CAPN6	X	111270483
DCX	X	111412169
RNU6-496P	X	111421608
HMGB1P12	X	111434427
SERTM2	X	111511712
EIF4BP7	X	111621489
RPL18AP15	X	111624726
RNA5SP512	X	111669948
ALG13	X	111681462
ALG13-AS1	X	111711101
TRPC5OS	X	111876181
TRPC5	X	112082776
RTL4	X	112083020
DPRXP7	X	112320417
CCDC121P1	X	112381392
LHFPL1	X	112680134
HMGB3P30	X	112689915
MIR4329	X	112780788
AMOT	X	112840683
RN7SL266P	X	112855874
RNU6-1015P	X	112919132
PPIHP2	X	113522482
QTRT1P1	X	113882590
RNU1-57P	X	113949917
RN7SL93P	X	113976633
XACT	X	114042618
TNPO3P1	X	114389135
SSU72P1	X	114390674
HTR2C	X	114584082
RPL36AP53	X	114589620
SNORA35	X	114630797
MIR764	X	114639435
MIR1912	X	114651544
MIR1264	X	114652655
MIR1298	X	114715233
MIR1911	X	114763184
HSPA8P7	X	114776775
MIR448	X	114823454
IL13RA2	X	115018294
RNU6-648P	X	115032427
YAP1P2	X	115069237
SNORA35B	X	115126444
RBMXL3	X	115189410
RPL36P18	X	115198432
LRCH2	X	115234084
LUZP4	X	115289721
TUBAP6	X	115425600
PLS3	X	115561797
PLS3-AS1	X	115562719
PHF5AP4	X	115659713
ASS1P5	X	115664895
EEF1GP5	X	115702811
SUMO2P21	X	115719229
DANT1	X	115840955
DANT2	X	115969116
RN7SL712P	X	115992773
AKR1B1P8	X	116043483
API5P1	X	116108430
AGTR2	X	116170747
RNU6-154P	X	116400953
SLC6A14	X	116436610
CT83	X	116462976
SLC6A14P1	X	116680303
SLC6A14P2	X	116688870
PRPF4BP1	X	116748877
RNU6-1323P	X	116850945
SETP8	X	116963049
TCERG1P1	X	117399452
KLHL13	X	118065384
TUBB4BP3	X	118128748
RPL12P43	X	118146063
WDR44	X	118346102
MIR1277	X	118386394
DOCK11	X	118495875
RBBP8P1	X	118634616
IL13RA1	X	118727602
TMEM30BP1	X	118769796
ZCCHC12	X	118823824
LINC01285	X	118839571
AKR7A2P2	X	118879185
COBLP1	X	118938153
LONRF3	X	118974636
CT47C1	X	119072993
KIAA1210	X	119139195
ARL5AP1	X	119186829
HNRNPA1P28	X	119220782
NUDT19P6	X	119223245
PGRMC1	X	119236263
AKAP17BP	X	119257667
LINC03098	X	119291529
MRPS17P9	X	119379712
SLC25A43	X	119399380
RNU1-67P	X	119423742
RN7SL118P	X	119434519
RNY3P16	X	119456558
SLC25A5	X	119468444
SLC25A5-AS1	X	119469095
STEEP1	X	119565382
UBE2A	X	119574556
NKRF	X	119605883
MIR766	X	119646848
SEPTIN6	X	119693169
SOWAHD	X	119758588
SNORA69	X	119787484
RPL39	X	119791628
UPF3B	X	119853009
RNF113A	X	119871733
NDUFA1	X	119871829
AKAP14	X	119896162
NKAP	X	119943604
RHOXF1P3	X	119966834
RHOXF1P2	X	120000088
RHOXF1P1	X	120015407
RHOXF2B	X	120077690
RHOXF1-AS1	X	120130630
RHOXF2	X	120158613
RHOXF1	X	120191009
SFR1P1	X	120202748
EEF1A1P30	X	120212680
NKAPP1	X	120245211
ZBTB33	X	120250812
TMEM255A	X	120311447
ATP1B4	X	120362090
LAMP2	X	120469306
RNU7-37P	X	120503096
CUL4B	X	120560625
MCTS1	X	120604105
C1GALT1C1	X	120629993
H3P46	X	120709392
GLRX5P1	X	120733094
PA2G4P1	X	120869807
CT47B1	X	120875866
CT47A12	X	120932301
CT47A11	X	120937158
CT47A10	X	120942023
CT47A9	X	120946883
CT47A8	X	120951744
CT47A7	X	120956600
CT47A6	X	120961487
CT47A5	X	120966348
CT47A4	X	120971208
CT47A3	X	120976068
CT47A2	X	120980928
CT47A1	X	120985760
CBLL1P1	X	121026563
GLUD2	X	121047610
HSPA8P1	X	121205014
MIR3672	X	121370972
TPT1P13	X	121864196
UBE2V1P16	X	122011612
RPL3P12	X	122538253
MRRFP1	X	123117781
GRIA3	X	123184303
H3P47	X	123514473
TUBB4AP1	X	123561642
FERP1	X	123603139
THOC2	X	123623042
MEMO1P4	X	123765301
RNU7-69P	X	123772139
CHCHD2P1	X	123785009
RN7SL190P	X	123811587
XIAP	X	123860118
XIAP-AS1	X	123873932
RNU6-122P	X	123874459
PARD6BP1	X	123879296
STAG2-AS1	X	123961264
STAG2	X	123961633
ZIK1P1	X	124174459
HSPA8P20	X	124205806
NPM1P34	X	124280530
TEX13D	X	124289454
SH2D1A	X	124346474
RPS26P57	X	124688838
TENM1	X	124963817
TEX13C	X	125319871
FBLIM1P1	X	125328021
DCAF12L2	X	126166289
MTCO1P53	X	126471705
MTND4LP1	X	126472728
MTND4P24	X	126472885
DCAF12L1	X	126552814
MTCYBP38	X	126729104
PRR32	X	126819729
PNPLA10P	X	127390342
ACTRT1	X	128052403
BTG3P1	X	128122734
ACTRT1P1	X	128128212
RPL7AP72	X	128313281
RUVBL2P1	X	128440929
KRT18P44	X	128714506
RPL32P35	X	128838834
TJAP1P1	X	129043183
RPS26P56	X	129408382
RNA5SP513	X	129436647
SMARCA1	X	129523495
OCRL	X	129540287
APLN	X	129654957
XPNPEP2	X	129738980
SASH3	X	129779964
ZDHHC9	X	129843626
SALL4P2	X	129871309
UTP14A	X	129906164
BCORL1	X	129982610
ELF4	X	130110524
AIFM1	X	130165693
RAB33A	X	130171956
ZNF280C	X	130268891
RNU6-1130P	X	130310178
SLC25A14	X	130340052
GPR119	X	130385667
RBMX2	X	130402001
DENND10P1	X	130495159
FSIP2LP	X	130523536
SPRING1P2	X	130645723
ENOX2	X	130903214
LINC01201	X	131058146
ARHGAP36	X	131072988
RN7SL191P	X	131134390
OR11Q1P	X	131204068
IGSF1	X	131289169
OR11N1P	X	131325313
OR5AW1P	X	131342425
OR5BH1P	X	131398957
OR1AA1P	X	131424301
NLRP7P1	X	131492886
OR13H1	X	131544074
OR13K1P	X	131562729
OR7L1P	X	131596121
OR2AF1P	X	131619013
HDGFP1	X	131646639
MCRIP2P1	X	131796167
PNKDP1	X	131803741
FIRRE	X	131830612
RNA5SP514	X	131938956
STK26	X	132023302
FRMD7	X	132114861
AGKP2	X	132131352
RAP2C-AS1	X	132217100
RAP2C	X	132218352
MBNL3	X	132489024
RNU6-98P	X	132580223
HS6ST2-AS1	X	132667642
NAA20P1	X	132907575
HS6ST2	X	132957784
USP26	X	133062690
TFDP3	X	133218354
RNU1-115P	X	133238816
GPC4	X	133415487
RNU6-203P	X	133531826
RPS24P19	X	133670971
GPC3	X	133753704
RPSAP63	X	133762796
GPC3-AS1	X	133897443
TIMM8BP2	X	134166682
MIR363	X	134169452
MIR92A2	X	134169612
MIR19B2	X	134169766
MIR20B	X	134169877
MIR18B	X	134170111
MIR106A	X	134170278
MIR106AHG	X	134173869
LARP1BP3	X	134204353
CCDC160	X	134237197
NT5DC1P2	X	134272287
PHF6	X	134373325
HPRT1	X	134460195
RPL36AP54	X	134522702
MIR450B	X	134540262
MIR450A1	X	134540431
MIR450A2	X	134540607
MIR542	X	134541437
MIR503HG	X	134546296
MIR503	X	134546398
MIR424	X	134546711
LINC00629	X	134549848
RPL21P133	X	134607157
RPS7P12	X	134650830
PLAC1	X	134734845
RNU4-44P	X	134760348
PABIR2	X	134797196
PABIR3	X	134807205
MOSPD1	X	134915231
RNU6-616P	X	134918416
LINC02243	X	134949508
HMGB3P31	X	134962305
SMIM10	X	134990991
RTL8B	X	135022542
RTL8C	X	135032368
RTL8A	X	135052138
NCLP2	X	135076597
SMIM10L2B	X	135098712
SMIM10L2B-AS1	X	135112354
ETDB	X	135120136
CT55	X	135171398
ETDA	X	135252426
ETDC	X	135290598
ZNF75D	X	135344028
ZNF449	X	135344701
SMIM10L2A	X	135421944
RNA5SP515	X	135428285
CROCCP1	X	135432960
WDR4P1	X	135465484
INTS6L	X	135520663
INTS6L-AS1	X	135521181
ETS2P1	X	135585160
SAGE4P	X	135598927
SAGE3P	X	135642756
SAGE2P	X	135686151
CT45A1	X	135716284
MGAT2P1	X	135732197
MGAT2P2	X	135751119
CT45A3	X	135766317
CT45A5	X	135785298
CT45A6	X	135800894
CT45A2	X	135818138
CT45A7	X	135835410
CT45A8	X	135852664
CT45A9	X	135869940
CT45A10	X	135889086
SAGE1	X	135891949
CT45A11P	X	135947139
MMGT1	X	135973878
SLC9A6	X	135985437
GAPDHP67	X	136077844
E2F6P4	X	136098348
FHL1	X	136169676
MAP7D3	X	136251380
STK24P1	X	136300298
ADGRG4	X	136304853
BRS3	X	136487947
HTATSF1	X	136497234
VGLL1	X	136532469
MIR934	X	136550878
RNU6-320P	X	136583240
LINC00892	X	136639634
CD40LG	X	136648206
RNU6-972P	X	136773999
ARHGEF6	X	136781007
RPL7P56	X	136791064
RANP4	X	136807877
RAB28P5	X	136847384
SNORD61	X	136879271
RBMX	X	136880563
RPL22P23	X	136948133
TM9SF5P	X	136958883
SRRM1P3	X	136985705
GPR101	X	137033995
RAC1P4	X	137441836
ZIC3	X	137564297
LINC02931	X	137564484
RN7SL325P	X	137595265
ZFYVE9P1	X	137660519
RNU6-985P	X	137687994
RN7SKP31	X	138397351
MAGEA13P	X	138482745
KRT8P6	X	138488871
H2AQ1P	X	138558996
MIR504	X	138667793
FGF13-AS1	X	138712047
TPM2P1	X	138806374
FGF13	X	139097046
SNURFL	X	139362040
SRD5A1P1	X	139446891
F9	X	139530761
MCF2	X	139642841
ATP11C	X	139882670
RNU6ATAC23P	X	139885481
MIR505	X	139924231
CXorf66	X	139965521
HNRNPA3P3	X	140032344
RN7SL727P	X	140085855
HAPSTR2	X	140091678
EEDP1	X	140397062
RPS17P17	X	140471274
SOX3	X	140505069
LINC00632	X	140714563
CDR1	X	140784366
MIR320D2	X	140926219
SPANXB1	X	141002594
RNU6-3P	X	141118136
RPL36AP52	X	141138478
LDOC1	X	141177098
SPANXA2-OT1	X	141177318
SPANXC	X	141242517
RBMX2P2	X	141264213
NDUFB3P5	X	141380823
SPANXA1	X	141584738
SPANXA2	X	141589708
SPANXD	X	141698739
MAGEC3	X	141879843
MAGEC1	X	141904348
MAGEC2	X	142205290
RNA5SP516	X	142411053
SPANXN4	X	143025930
RN7SKP81	X	143090347
RN7SKP149	X	143197591
PGBD4P6	X	143343976
MTND1P33	X	143433042
MTND2P39	X	143434517
SPANXN3	X	143517475
SLITRK4	X	143634544
HNRNPH1P2	X	143678362
SPANXN2	X	143720752
UBE2NL	X	143884071
RRM2P4	X	144309132
HNRNPCP10	X	144840777
RN7SKP189	X	145057108
CYCSP44	X	145176582
SPANXN1	X	145247503
TRMT1P1	X	145630218
UFM1P1	X	145768095
SLITRK2	X	145817962
MIR892C	X	145992826
MIR890	X	145994351
MIR888	X	145994860
MIR892A	X	145996743
MIR892B	X	145997274
MIR891B	X	146001131
MIR891A	X	146027872
RNA5SP517	X	146427572
ELL2P4	X	146553728
ANKRD11P2	X	146620584
CXorf51B	X	146809771
CXorf51A	X	146814744
MIR513C	X	147189787
MIR513B	X	147199127
MIR513A1	X	147213591
MIR513A2	X	147225952
MIR506	X	147230843
MIR507	X	147231077
MIR508	X	147237027
MIR514B	X	147250230
MIR509-2	X	147258850
MIR509-3	X	147259726
MIR509-1	X	147260625
MIR510	X	147272408
MIR514A1	X	147279344
MIR514A2	X	147282030
MIR514A3	X	147284728
SLIRPP1	X	147801005
RNU6-382P	X	147827279
FMR1-AS1	X	147911769
FMR1	X	147912080
FMR1-IT1	X	147946941
FMR1NB	X	147994076
RNA5SP524	X	148008215
FTH1P8	X	148052233
HAX1P1	X	148198878
RPL7L1P11	X	148464708
AFF2	X	148501028
AFF2-IT1	X	148546878
RN7SKP267	X	148822448
IDS	X	149505305
IDSP1	X	149525001
EOLA1-DT	X	149539528
EOLA1	X	149540974
HSFX3	X	149549924
MAGEA9B	X	149587444
HSFX2	X	149595314
TMEM185A	X	149631690
MAGEA11	X	149688530
TMEM185AP1	X	149768897
HSFX1	X	149774068
MAGEA9	X	149781930
MAGEA7P	X	149808214
DUTP4	X	149817170
LINC00850	X	149825708
MAGEA8	X	149881201
MAGEA8-AS1	X	149889081
HSFX4	X	149929573
EOLA2	X	149938471
EOLA2-DT	X	149940119
MIR2114	X	150228004
XRCC6P2	X	150232896
MAMLD1	X	150362797
MTM1	X	150568654
MTMR1	X	150693384
PPIAP91	X	150818753
LINC02927	X	150875808
CD99L2	X	150898641
RNU6-383P	X	150955587
HMGB3	X	150983385
RPL19P21	X	150993501
RPL12P50	X	151023722
RNA5SP525	X	151026406
MIR4330	X	151168222
GPR50	X	151176584
GPR50-AS1	X	151177816
NAB1P1	X	151227715
VMA21	X	151396879
PASD1	X	151563702
PRRG3	X	151695258
FATE1	X	151715301
CNGA2	X	151734746
MAGEA4-AS1	X	151913184
MAGEA4	X	151916260
MIR224	X	151958658
MIR452	X	151959712
GABRE	X	151966164
RPSAP60	X	152046193
MAGEA5P	X	152115540
MAGEA10	X	152138550
RNU6-764P	X	152250676
MIR105-1	X	152392299
MIR767	X	152393529
MIR105-2	X	152394492
GABRA3	X	152451262
KRT8P8	X	152479577
GABRQ	X	152637895
MAGEA3-DT	X	152698700
MAGEA3	X	152698794
CSAG2	X	152714549
MAGEA2B	X	152714642
CSAG1	X	152733710
MAGEA12	X	152733820
CSAG4	X	152739864
MAGEA2	X	152753840
CSAG3	X	152755157
MAGEA6	X	152769689
MAGEA6-DT	X	152769764
CETN2	X	152830757
NSDHL	X	152831028
ZNF185	X	152898091
PNMA5	X	152992217
HMGN2P48	X	153052413
PNMA3	X	153056470
PNMA6A	X	153072454
PNMA6B	X	153076968
MAGEA1	X	153179284
PWWP4	X	153266152
PNMA6F	X	153321767
ZNF275	X	153334155
PNMA6E	X	153401371
RN7SL667P	X	153404141
ZFP92	X	153411453
TREX2	X	153447863
HAUS7	X	153470555
ECMXP	X	153479266
BGN	X	153494980
ATP2B3	X	153517678
CCNQ	X	153599136
KRT18P48	X	153605348
MRFAP1P1	X	153606517
DUSP9	X	153643098
RPL18AP16	X	153662162
RN7SL687P	X	153666226
PNCK	X	153674335
SLC6A8	X	153690359
BCAP31	X	153724383
ABCD1	X	153724856
PLXNB3-AS1	X	153766465
PLXNB3	X	153774759
SRPK3	X	153781040
IDH3G	X	153794375
SSR4	X	153794641
PDZD4	X	153830386
CYCSP45	X	153841251
L1CAM	X	153876039
L1CAM-AS1	X	153879919
AVPR2	X	153904691
ARHGAP4	X	153926260
NAA10	X	153935022
RENBP	X	153944421
HCFC1-AS1	X	153968930
HCFC1	X	153971826
TMEM187	X	153972858
MIR3202-1	X	153981097
MIR3202-2	X	153981176
IRAK1	X	154019867
MIR718	X	154019989
MECP2	X	154096969
OPN1LW	X	154144274
TEX28P2	X	154176349
OPN1MW	X	154182668
TEX28P1	X	154213487
OPN1MW2	X	154219797
TEX28P3	X	154251288
OPN1MW3	X	154257582
TEX28	X	154295167
TKTL1	X	154305050
FLNA	X	154362422
EMD	X	154379405
RPL10	X	154398378
SNORA70	X	154400281
TAFAZZIN	X	154411850
DNASE1L1	X	154412065
ATP6AP1-DT	X	154428498
ATP6AP1	X	154428677
GDI1	X	154437179
FAM50A	X	154444163
MIR6858	X	154450320
PLXNA3	X	154465270
LAGE3	X	154479281
UBL4A	X	154486586
SLC10A3	X	154490662
RN7SL697P	X	154496113
FAM3A	X	154516232
IKBKG	X	154545927
G6PD	X	154546844
FAM223A	X	154571248
ATF4P2	X	154580926
CTAG1A	X	154585133
CTAG1B	X	154619282
ATF4P1	X	154623500
FAM223B	X	154633182
IKBKGP1	X	154648275
CTAG2	X	154653579
OR3B1P	X	154659643
GAB3	X	154751065
DKC1	X	154762917
SNORA36A	X	154768528
MIR664B	X	154768596
SNORA56	X	154774998
MPP1	X	154805448
HMGN1P37	X	154817401
SMIM9	X	154831060
H2AB1	X	154884972
F8A1	X	154886355
MIR1184-1	X	154887458
EEF1A1P31	X	154919103
ZNF622P1	X	154920182
F8	X	155022715
FUNDC2	X	155026873
CMC4	X	155068252
MTCP1	X	155071136
BRCC3	X	155071508
CD84P1	X	155213638
VBP1	X	155216448
RAB39B	X	155264491
TWF1P2	X	155291353
PHF10P1	X	155292169
SRD5A2P1	X	155310247
CLIC2	X	155334614
TMLHEP1	X	155348752
H2AB2	X	155380709
F8A2	X	155382095
MIR1184-2	X	155383198
MIR1184-3	X	155457517
F8A3	X	155458620
TMLHE-AS1	X	155458730
H2AB3	X	155460005
SPRY3	X	155612587
TMLHE	X	155612943
PLCXD1	Y	281412
GTPBP6	Y	318798
LINC00685	Y	320990
PPP2R3B	Y	374044
FABP5P13	Y	524102
KRT18P53	Y	545352
SHOX	Y	630791
RPL14P5	Y	1010101
CRLF2	Y	1212649
CSF2RA	Y	1268831
MIR3690	Y	1293918
RNA5SP498	Y	1300375
IL3RA	Y	1336616
SLC25A6	Y	1392405
LINC00106	Y	1394550
ASMTL-AS1	Y	1401811
ASMTL	Y	1452923
P2RY8	Y	1494408
AKAP17A	Y	1591626
ASMT	Y	1615175
LINC02968	Y	1657803
DHRSX-IT1	Y	2336410
ZBED1	Y	2500791
DHRSX	Y	2500960
LINC03112	Y	2609178
MIR6089	Y	2609191
CD99P1	Y	2609393
LINC00102	Y	2615347
CD99	Y	2691264
XGY2	Y	2752296
RNU6-1334P	Y	2784749
SRY	Y	2787682
RNASEH2CP1	Y	2789827
TOMM22P2	Y	2827982
RPS4Y1	Y	2848008
HSFY3P	Y	2883652
NAP1L1P2	Y	2931120
ZFY	Y	2935444
EEF1A1P41	Y	2995273
ZFY-AS1	Y	3002801
LINC00278	Y	3002903
AGPAT5P1	Y	3293808
PRRC2CP1	Y	3549810
TGIF2LY	Y	3579091
USP12PY	Y	3682805
RNF19BPY	Y	3779546
UBE2V1P3	Y	3866722
RNU6-303P	Y	4175090
SERBP1P2	Y	4802848
PCDH11Y	Y	5000395
RNU2-57P	Y	5019076
VDAC1P6	Y	5208069
EIF4A1P2	Y	5338964
KRT18P10	Y	5573145
SNX3P1Y	Y	5634655
RPL26P37	Y	5793737
TUSC2P1	Y	5887504
DLGAP5P1	Y	6158802
TTTY23B	Y	6245283
TSPY2	Y	6246269
FAM197Y9	Y	6263953
TSPY11P	Y	6266593
TSPY19P	Y	6305074
RBMY2GP	Y	6328052
LINC00280	Y	6365667
TTTY1B	Y	6390424
TTTY2B	Y	6428444
TTTY7	Y	6443349
TTTY8B	Y	6473669
TSPY17P	Y	6520463
SRIP3	Y	6719180
GOT2P5	Y	6837707
AMELY	Y	6892180
ATP5PFP1	Y	6900753
TBL1Y	Y	6910697
GPR143YP	Y	7106502
PRKY	Y	7274313
RN7SKP282	Y	7324595
RNU6-941P	Y	7378672
RNU6-521P	Y	7423158
RBMY2HP	Y	7676024
TSPY12P	Y	7689548
RFTN1P1	Y	7776707
TTTY16	Y	7803852
TTTY12	Y	7804461
ZNF92P1Y	Y	7854876
ZNF736P8Y	Y	7914090
BPY2DP	Y	7937640
ZNF736P7Y	Y	7991806
ZNF736P9Y	Y	8070723
RBMY2JP	Y	8127130
RBMY2KP	Y	8277188
TSPY24P	Y	8280198
ZNF736P6Y	Y	8350931
MTND6P1	Y	8363959
MTCYBP1	Y	8364032
MTND1P1	Y	8371663
MTND2P3	Y	8372241
TRIM60P3Y	Y	8414054
ZNF736P10Y	Y	8419900
LINC00279	Y	8616494
TTTY18	Y	8691474
TTTY19	Y	8704472
TTTY11	Y	8817382
OFD1P3Y	Y	9030594
CDY3P	Y	9167702
USP9YP22	Y	9183694
USP9YP4	Y	9204611
ELOCP4	Y	9230915
RBMY1A3P	Y	9322869
TTTY20	Y	9334832
TSPY4	Y	9337510
FAM197Y8	Y	9355401
TSPY8	Y	9357843
FAM197Y7	Y	9375571
TSPY7P	Y	9378122
FAM197Y6	Y	9395917
TSPY3	Y	9398467
FAM197Y5	Y	9464357
TSPY1	Y	9466955
FAM197Y4	Y	9485483
TSPY9	Y	9487267
FAM197Y3	Y	9505159
TSPY6P	Y	9507596
FAM197Y2	Y	9526926
TSPY10	Y	9527926
FAM197Y1	Y	9547147
TSPY15P	Y	9548108
RBMY3AP	Y	9621276
TSPY25P	Y	9624183
TSPY16P	Y	9640716
TTTY8	Y	9691062
TTTY7B	Y	9721370
TTTY2	Y	9736292
TTTY1	Y	9774309
TTTY22	Y	9792762
RBMY2NP	Y	9846696
TSPY18P	Y	9869664
TSPY13P	Y	9908139
TTTY23	Y	9908339
RBMY2OP	Y	9951553
RBMY2QP	Y	10034187
TSPY20P	Y	10036195
TSPY5P	Y	10069151
RNA5SP518	Y	10090528
RNA5SP519	Y	10092993
DUX4L31	Y	10172725
PCMTD1P1	Y	10173853
CDC27P2	Y	10192298
RNA5-8SP6	Y	10200155
CDRT15P10	Y	11086061
ANKRD20A6P	Y	11173618
SNX18P1Y	Y	11178306
DUX4L16	Y	11306918
DUX4L17	Y	11314921
DUX4L18	Y	11321557
DUX4L19	Y	11332329
PABPC1P5	Y	11335627
SLC9B1P1	Y	11385687
ACTR3BP1	Y	11395699
CHEK2P1	Y	11412548
MTND1P12	Y	11445564
RCC2P1	Y	11782527
ASS1P6	Y	11923769
MXRA5Y	Y	11957208
RPS24P1	Y	12244752
ARSFP1	Y	12258033
RN7SL702P	Y	12273473
FAM8A4P	Y	12321623
ARSLP1	Y	12339813
ARSDP1	Y	12354096
GYG2P1	Y	12420322
XGY1	Y	12507369
SHROOM2P1	Y	12537773
MED14P1	Y	12634402
USP9Y	Y	12662501
CDY4P	Y	12803830
DDX3Y	Y	12904846
CASKP1	Y	12948182
SFPQP1	Y	13083790
TAB3P1	Y	13162214
DPPA2P1	Y	13230884
PSMA6P1	Y	13286638
UTY	Y	13479965
TMSB4Y	Y	13703899
ANOS2P	Y	13751656
VCY	Y	13986473
VCY1B	Y	14056227
PNPLA4P1	Y	14081075
NLGN4Y	Y	14523967
AGKP1	Y	14639096
NLGN4Y-AS1	Y	14804033
MED13P1	Y	14907898
CYCSP46	Y	14941750
PUDPP1	Y	15456074
STSP1	Y	15547216
RNU6-109P	Y	16248935
RNU6-184P	Y	16336389
SURF6P1	Y	17192826
ELOCP35	Y	17465214
FAM41AY1	Y	17500958
TUBB1P2	Y	17519038
RNA5SP520	Y	17557864
RNA5SP521	Y	17559774
FAM224B	Y	17579838
CLUHP1	Y	17625832
TAF9P1	Y	17628513
CDY5P	Y	17721598
ELOCP36	Y	17726752
ACTG1P2	Y	17758125
XKRY	Y	17773980
USP9YP23	Y	17782210
RNU1-128P	Y	17789162
USP9YP27	Y	17789484
TRAPPC2P3	Y	17800696
OFD1P1Y	Y	17809807
ELOCP6	Y	17837528
CDY2B	Y	17880220
CDY6P	Y	17883708
USP9YP7	Y	17908755
USP9YP6	Y	17921630
CDY7P	Y	17951589
USP9YP34	Y	17984349
USP9YP32	Y	17997252
CDY8P	Y	18022299
CDY2A	Y	18025787
ELOCP12	Y	18068483
OFD1P2Y	Y	18096202
TRAPPC2P8	Y	18105314
USP9YP15	Y	18116527
RNU1-95P	Y	18116848
USP9YP16	Y	18123799
XKRYP7	Y	18132029
ACTG1P11	Y	18147884
ELOCP26	Y	18179260
CDY9P	Y	18184414
TAF9P2	Y	18277495
CLUHP2	Y	18280178
FAM224A	Y	18326162
RNA5SP522	Y	18346238
RNA5SP523	Y	18348147
TUBB1P1	Y	18386974
FAM41AY2	Y	18398085
ELOCP13	Y	18440797
OFD1P4Y	Y	18472137
USP9YP14	Y	18481087
RNU1-48P	Y	18486511
USP9YP5	Y	18494295
XKRYP1	Y	18508577
ELOCP7	Y	18532656
USP9YP1	Y	18540980
HSFY1	Y	18546705
GPM6BP1	Y	18578417
TTTY9B	Y	18590521
OFD1P5Y	Y	18629077
RAB9AP4	Y	18649671
TRAPPC2P7	Y	18656190
OFD1P6Y	Y	18674033
TTTY9A	Y	18729882
GPM6BP2	Y	18741986
HSFY2	Y	18773715
USP9YP2	Y	18779427
ELOCP14	Y	18787750
XKRYP2	Y	18811829
USP9YP10	Y	18826107
RNU1-41P	Y	18833890
USP9YP28	Y	18839313
OFD1P7Y	Y	18848264
MTCYBP2	Y	18872102
ZNF839P1	Y	18985175
CD24P4	Y	18992709
RNU6-255P	Y	19019087
TTTY14	Y	19076022
GAPDHP19	Y	19327569
BCORP1	Y	19484884
TXLNGY	Y	19567382
KDM5D	Y	19744730
RCC2P2	Y	19987852
ZNF886P	Y	20012204
ZNF885P	Y	20390051
KDM5DP1	Y	20570519
TTTY10	Y	20575331
EIF1AY	Y	20575735
TBL1YP1	Y	20727254
RPS4Y2	Y	20756108
HSFY4P	Y	20811809
GAPDHP17	Y	20861337
TMEM167AP1	Y	20907562
TOMM22P1	Y	21130870
NEFLP1	Y	21222089
PRORY	Y	21386360
RBMY2EP	Y	21401585
RBMY2TP	Y	21437245
TSPY14P	Y	21468158
RBMY1HP	Y	21493519
RBMY1B	Y	21511350
RBMY1A1	Y	21534891
TTTY13	Y	21599873
ELOCP5	Y	21632015
CDY10P	Y	21639041
USP9YP3	Y	21661926
USP9YP8	Y	21681118
CDY11P	Y	21696570
OFD1P16Y	Y	21818218
RBMY1D	Y	21894501
RBMY1E	Y	21918037
RBMY2AP	Y	21937150
OFD1P8Y	Y	21972313
HSFY5P	Y	22049347
USP9YP17	Y	22058113
CDY12P	Y	22064698
ELOCP15	Y	22068820
TTTY6B	Y	22141264
RBMY1F	Y	22182957
TSPY23P	Y	22183850
RBMY2UP	Y	22198429
RBMY1KP	Y	22209331
TTTY5	Y	22298876
TSPY22P	Y	22307951
RBMY2FP	Y	22310864
TTTY25P	Y	22330452
TSPY21P	Y	22402568
RBMY1J	Y	22403435
TTTY6	Y	22449103
ELOCP8	Y	22517573
CDY13P	Y	22521695
USP9YP24	Y	22528281
HSFY7P	Y	22537047
OFD1P9Y	Y	22614081
RBMY2BP	Y	22649245
RBMY2WP	Y	22769787
TTTY17A	Y	22851584
ZNF736P11Y	Y	22867756
TTTY4	Y	22936455
BPY2	Y	22984275
TRIM60P8Y	Y	23025594
ZNF736P3Y	Y	23049247
TRIM60P9Y	Y	23058030
DAZ1	Y	23199008
DAZ2	Y	23219533
PPP1R12BP2	Y	23379484
REREP1Y	Y	23462465
RBMY2CP	Y	23546942
OFD1P10Y	Y	23581595
HSFY6P	Y	23659058
USP9YP18	Y	23667822
CDY14P	Y	23674379
ELOCP16	Y	23678504
XKRYP3	Y	23726808
USP9YP25	Y	23734193
RNU1-97P	Y	23741105
USP9YP29	Y	23746693
RAB9AP1	Y	23751188
TRAPPC2P9	Y	23765583
OFD1P11Y	Y	23771232
ELOCP9	Y	23809059
CDY15P	Y	23857091
XKRYP4	Y	23917723
USP9YP13	Y	23919905
USP9YP11	Y	23934953
TTTY3B	Y	23941622
RNU1-86P	Y	23946771
USP9YP12	Y	23952293
RAB9AP5	Y	23956569
TRAPPC2P10	Y	23970694
OFD1P12Y	Y	23972780
ELOCP10	Y	24007237
CDY1B	Y	24047994
CDY17P	Y	24051487
USP9YP35	Y	24077799
USP9YP31	Y	24090346
CDY18P	Y	24104107
GOLGA6L11P	Y	24168187
DNM1P24	Y	24183505
CSPG4P2Y	Y	24187231
CSPG4P3Y	Y	24191870
RN7SL818P	Y	24211216
GOLGA2P2Y	Y	24215206
UBE2Q2P4Y	Y	24238984
LINC00265-2P	Y	24276245
CICP2	Y	24281140
SEPTIN14P22	Y	24283062
RBMY2XP	Y	24403526
TTTY17B	Y	24485332
TRIM60P5Y	Y	24495583
ZNF736P12Y	Y	24501505
TTTY4B	Y	24570202
BPY2B	Y	24618016
TRIM60P10Y	Y	24659337
ZNF736P2Y	Y	24683657
TRIM60P11Y	Y	24691791
DAZ3	Y	24813393
DAZ4	Y	24833926
ZNF736P1Y	Y	24986476
ZNF736P5Y	Y	25019303
BPY2C	Y	25052092
TTTY4C	Y	25099892
ZNF736P4Y	Y	25168599
TTTY17C	Y	25213787
RBMY2YP	Y	25266584
CICP1	Y	25388992
LINC00265-3P	Y	25394056
SEPTIN14P23	Y	25394719
UBE2Q2P5Y	Y	25431156
GOLGA2P3Y	Y	25454561
RN7SL725P	Y	25458926
CSPG4P4Y	Y	25478269
CSPG4P1Y	Y	25482908
DNM1P48	Y	25486640
GOLGA6L16P	Y	25501958
CDY19P	Y	25566033
USP9YP36	Y	25579790
USP9YP33	Y	25592345
CDY20P	Y	25618644
CDY1	Y	25622139
ELOCP34	Y	25662900
OFD1P13Y	Y	25697346
TRAPPC2P5	Y	25699451
RAB9AP2	Y	25713557
USP9YP30	Y	25723016
RNU1-107P	Y	25723342
TTTY3	Y	25728490
USP9YP9	Y	25735160
USP9YP19	Y	25750206
XKRYP5	Y	25752388
CDY22P	Y	25813013
ELOCP17	Y	25860943
OFD1P18Y	Y	25898653
TRAPPC2P4	Y	25904518
RAB9AP3	Y	25918895
USP9YP20	Y	25923388
RNU1-40P	Y	25928979
USP9YP21	Y	25935881
XKRYP6	Y	25943268
ELOCP11	Y	25991572
CDY23P	Y	25995697
USP9YP26	Y	26002254
HSFY8P	Y	26011435
OFD1P15Y	Y	26088493
RBMY2DP	Y	26123674
REREP2Y	Y	26208148
PPP1R12BP1	Y	26354418
RNU6-1314P	Y	26360989
CYCSP48	Y	26400611
ANKRD36P1	Y	26409815
TPTE2P4	Y	26508213
CYCSP49	Y	26549425
SLC25A15P1	Y	26591601
CCNQP2	Y	26627159
PARP4P1	Y	26634652
CTBP2P1	Y	56855244
AMD1P2	Y	57016096
DPH3P2	Y	57062156
VAMP7	Y	57067879
ELOCP24	Y	57165845
TRPC6P1	Y	57172769
IL9R	Y	57184240
WASIR1	Y	57203401
WASH6P	Y	57208208
DDX11L16	Y	57214397
MT-TF	MT	577
MT-RNR1	MT	648
MT-TV	MT	1602
MT-RNR2	MT	1671
MT-TL1	MT	3230
MT-ND1	MT	3307
MT-TI	MT	4263
MT-TQ	MT	4400
MT-TM	MT	4402
MT-ND2	MT	4470
MT-TW	MT	5512
MT-TA	MT	5655
MT-TN	MT	5729
MT-TC	MT	5826
MT-TY	MT	5891
MT-CO1	MT	5904
MT-TS1	MT	7514
MT-TD	MT	7518
MT-CO2	MT	7586
MT-TK	MT	8295
MT-ATP8	MT	8366
MT-ATP6	MT	8527
MT-CO3	MT	9207
MT-TG	MT	9991
MT-ND3	MT	10059
MT-TR	MT	10405
MT-ND4L	MT	10470
MT-ND4	MT	10760
MT-TH	MT	12138
MT-TS2	MT	12207
MT-TL2	MT	12266
MT-ND5	MT	12337
MT-ND6	MT	14673
MT-TE	MT	14742
MT-CYB	MT	14747
MT-TT	MT	15888
MT-TP	MT	16023
